start	10	1958	1	9	0
	130	78	162.500000	7.500000	9.880320e+04	2.551802e+01	-4.628739e+04	1958	1	9	0
	129	78	161.250000	7.500000	9.843506e+04	2.617845e+01	-3.397023e+04	1958	1	9	6
	128	78	160.000000	7.500000	9.849155e+04	2.965178e+01	-4.851350e+04	1958	1	9	12
	127	78	158.750000	7.500000	9.815249e+04	2.517802e+01	-4.677772e+04	1958	1	9	18
	126	78	157.500000	7.500000	9.825830e+04	2.950796e+01	-4.629720e+04	1958	1	10	0
	125	78	156.250000	7.500000	9.788418e+04	2.760029e+01	-4.528711e+04	1958	1	10	6
	124	79	155.000000	8.750000	9.865662e+04	2.937734e+01	-5.143588e+04	1958	1	10	12
	122	78	152.500000	7.500000	9.897097e+04	2.665053e+01	-4.141348e+04	1958	1	11	0
	121	78	151.250000	7.500000	9.885962e+04	2.447866e+01	-3.690243e+04	1958	1	11	6
	120	78	150.000000	7.500000	9.926567e+04	2.471070e+01	-4.259028e+04	1958	1	11	12
start	24	1958	5	26	12
	118	78	147.500000	7.500000	9.882209e+04	2.687438e+01	-2.077048e+04	1958	5	26	12
	118	78	147.500000	7.500000	9.815085e+04	2.807374e+01	-2.077048e+04	1958	5	26	18
	117	78	146.250000	7.500000	9.824954e+04	2.880482e+01	-4.579706e+03	1958	5	27	0
	116	79	145.000000	8.750000	9.822702e+04	2.624371e+01	-3.813806e+04	1958	5	27	6
	116	79	145.000000	8.750000	9.799817e+04	2.686924e+01	-3.813806e+04	1958	5	27	12
	115	80	143.750000	10.000000	9.746198e+04	3.143119e+01	-4.607164e+04	1958	5	27	18
	115	80	143.750000	10.000000	9.772954e+04	3.072888e+01	-4.607164e+04	1958	5	28	0
	114	81	142.500000	11.250000	9.710195e+04	3.238593e+01	-8.935820e+04	1958	5	28	6
	114	82	142.500000	12.500000	9.749488e+04	3.273179e+01	-3.787328e+04	1958	5	28	12
	113	82	141.250000	12.500000	9.727852e+04	3.222130e+01	-2.396745e+04	1958	5	28	18
	113	83	141.250000	13.750000	9.693338e+04	3.454364e+01	-4.613048e+04	1958	5	29	0
	113	83	141.250000	13.750000	9.665545e+04	3.269150e+01	-4.613048e+04	1958	5	29	6
	112	84	140.000000	15.000000	9.736499e+04	3.399633e+01	-4.844485e+04	1958	5	29	12
	113	84	141.250000	15.000000	9.695059e+04	3.095047e+01	-4.710134e+04	1958	5	29	18
	113	84	141.250000	15.000000	9.744109e+04	3.611634e+01	-4.710134e+04	1958	5	30	0
	113	85	141.250000	16.250000	9.664915e+04	3.436084e+01	-4.630700e+04	1958	5	30	6
	114	85	142.500000	16.250000	9.702715e+04	3.247513e+01	-3.808903e+04	1958	5	30	12
	114	86	142.500000	17.500000	9.747275e+04	3.416421e+01	-4.119774e+04	1958	5	30	18
	115	87	143.750000	18.750000	9.725818e+04	3.081741e+01	-3.701030e+04	1958	5	31	0
	116	89	145.000000	21.250000	9.721506e+04	3.588979e+01	-1.999576e+04	1958	5	31	6
	116	91	145.000000	23.750000	9.736409e+04	3.878724e+01	-5.510357e+04	1958	5	31	12
	116	92	145.000000	25.000000	9.740147e+04	3.332547e+01	-4.965107e+04	1958	5	31	18
	115	94	143.750000	27.500000	9.734104e+04	3.089463e+01	-6.713633e+04	1958	6	1	0
	114	95	142.500000	28.750000	9.751634e+04	2.748924e+01	-4.339443e+04	1958	6	1	6
start	13	1958	7	10	18
	112	87	140.000000	18.750000	9.863110e+04	2.370637e+01	-4.778780e+04	1958	7	10	18
	111	88	138.750000	20.000000	9.852620e+04	2.609019e+01	-4.463006e+04	1958	7	11	0
	112	89	140.000000	21.250000	9.817263e+04	2.971948e+01	-4.628739e+04	1958	7	11	6
	112	91	140.000000	23.750000	9.789084e+04	3.198348e+01	-4.290409e+04	1958	7	11	12
	112	92	140.000000	25.000000	9.750891e+04	2.954082e+01	-2.329079e+04	1958	7	11	18
	112	93	140.000000	26.250000	9.777764e+04	3.071838e+01	-3.676513e+04	1958	7	12	0
	113	94	141.250000	27.500000	9.753872e+04	3.175969e+01	-4.037398e+04	1958	7	12	6
	114	95	142.500000	28.750000	9.755137e+04	3.528060e+01	-4.339443e+04	1958	7	12	12
	115	95	143.750000	28.750000	9.693626e+04	3.417966e+01	-6.086988e+04	1958	7	12	18
	116	96	145.000000	30.000000	9.765317e+04	3.010157e+01	-5.843783e+04	1958	7	13	0
	117	96	146.250000	30.000000	9.746884e+04	3.022101e+01	-5.982057e+04	1958	7	13	6
	118	97	147.500000	31.250000	9.817756e+04	2.908092e+01	-5.986960e+04	1958	7	13	12
	119	98	148.750000	32.500000	9.847105e+04	2.782773e+01	-4.277661e+04	1958	7	13	18
start	10	1958	7	13	6
	104	88	130.000000	20.000000	9.815009e+04	2.230949e+01	-5.650592e+04	1958	7	13	6
	103	88	128.750000	20.000000	9.769006e+04	2.508848e+01	-5.608423e+04	1958	7	13	12
	102	88	127.500000	20.000000	9.730230e+04	2.782313e+01	-5.166143e+04	1958	7	13	18
	101	88	126.250000	20.000000	9.761062e+04	2.754510e+01	-5.191641e+04	1958	7	14	0
	101	89	126.250000	21.250000	9.665266e+04	3.040885e+01	-5.579003e+04	1958	7	14	6
	101	89	126.250000	21.250000	9.675925e+04	3.179886e+01	-5.579003e+04	1958	7	14	12
	100	89	125.000000	21.250000	9.637959e+04	3.544623e+01	-5.620191e+04	1958	7	14	18
	99	90	123.750000	22.500000	9.632934e+04	3.309208e+01	-5.497608e+04	1958	7	15	0
	98	90	122.500000	22.500000	9.651064e+04	3.659366e+01	-4.853311e+04	1958	7	15	6
	97	91	121.250000	23.750000	9.762095e+04	3.051260e+01	2.383997e+04	1958	7	15	12
start	19	1958	7	18	6
	106	87	132.500000	18.750000	9.821316e+04	2.503154e+01	-5.853589e+04	1958	7	18	6
	105	87	131.250000	18.750000	9.817949e+04	2.611787e+01	-6.146808e+04	1958	7	18	12
	105	88	131.250000	20.000000	9.768538e+04	2.796487e+01	-5.822208e+04	1958	7	18	18
	105	89	131.250000	21.250000	9.709416e+04	3.063113e+01	-5.834957e+04	1958	7	19	0
	105	90	131.250000	22.500000	9.664441e+04	3.408207e+01	-5.749639e+04	1958	7	19	6
	105	90	131.250000	22.500000	9.687583e+04	3.059488e+01	-5.749639e+04	1958	7	19	12
	105	91	131.250000	23.750000	9.625679e+04	3.545450e+01	-4.479678e+04	1958	7	19	18
	105	92	131.250000	25.000000	9.639655e+04	3.439675e+01	-2.738017e+04	1958	7	20	0
	105	92	131.250000	25.000000	9.604683e+04	3.619669e+01	-2.738017e+04	1958	7	20	6
	106	93	132.500000	26.250000	9.611638e+04	3.538607e+01	-5.280881e+04	1958	7	20	12
	106	93	132.500000	26.250000	9.579720e+04	3.443486e+01	-5.280881e+04	1958	7	20	18
	107	94	133.750000	27.500000	9.599756e+04	3.491602e+01	-4.648352e+04	1958	7	21	0
	107	95	133.750000	28.750000	9.635938e+04	3.164343e+01	-3.535297e+04	1958	7	21	6
	108	95	135.000000	28.750000	9.653442e+04	3.339936e+01	-4.727786e+04	1958	7	21	12
	108	95	135.000000	28.750000	9.673777e+04	3.336156e+01	-4.727786e+04	1958	7	21	18
	109	96	136.250000	30.000000	9.704221e+04	3.346272e+01	-4.295313e+04	1958	7	22	0
	109	97	136.250000	31.250000	9.735217e+04	2.927619e+01	-4.266873e+04	1958	7	22	6
	109	98	136.250000	32.500000	9.776228e+04	2.772261e+01	-4.416915e+04	1958	7	22	12
	110	99	137.500000	33.750000	9.787415e+04	2.956850e+01	-2.651718e+04	1958	7	22	18
start	21	1958	7	24	0
	120	84	150.000000	15.000000	9.924302e+04	2.270207e+01	-5.715316e+04	1958	7	24	0
	120	85	150.000000	16.250000	9.860991e+04	2.465497e+01	-5.626075e+04	1958	7	24	6
	119	86	148.750000	17.500000	9.837314e+04	3.059705e+01	-3.768696e+04	1958	7	24	12
	118	86	147.500000	17.500000	9.797420e+04	3.053752e+01	-5.282842e+04	1958	7	24	18
	116	87	145.000000	18.750000	9.807769e+04	3.083562e+01	-3.718682e+04	1958	7	25	0
	115	87	143.750000	18.750000	9.723020e+04	3.153453e+01	-3.701030e+04	1958	7	25	6
	114	89	142.500000	21.250000	9.722817e+04	3.696454e+01	-3.457825e+04	1958	7	25	12
	113	90	141.250000	22.500000	9.731829e+04	3.388335e+01	-3.958945e+04	1958	7	25	18
	112	91	140.000000	23.750000	9.721084e+04	3.586806e+01	-4.290409e+04	1958	7	26	0
	111	91	138.750000	23.750000	9.719722e+04	3.404380e+01	-5.364238e+04	1958	7	26	6
	110	92	137.500000	25.000000	9.739258e+04	3.584258e+01	-4.471832e+04	1958	7	26	12
	110	92	137.500000	25.000000	9.713266e+04	3.278045e+01	-4.471832e+04	1958	7	26	18
	110	93	137.500000	26.250000	9.715308e+04	3.400760e+01	-4.949416e+04	1958	7	27	0
	109	93	136.250000	26.250000	9.695556e+04	3.210506e+01	-4.746419e+04	1958	7	27	6
	108	93	135.000000	26.250000	9.719419e+04	3.177644e+01	-4.581667e+04	1958	7	27	12
	108	94	135.000000	27.500000	9.758909e+04	3.120827e+01	-3.554911e+04	1958	7	27	18
	108	95	135.000000	28.750000	9.820205e+04	3.163465e+01	-4.727786e+04	1958	7	28	0
	108	95	135.000000	28.750000	9.781743e+04	3.012267e+01	-4.727786e+04	1958	7	28	6
	108	95	135.000000	28.750000	9.835115e+04	2.830743e+01	-4.727786e+04	1958	7	28	12
	109	96	136.250000	30.000000	9.868723e+04	2.295228e+01	-4.295313e+04	1958	7	28	18
	110	96	137.500000	30.000000	9.883071e+04	2.536007e+01	-4.432606e+04	1958	7	29	0
start	28	1958	8	14	0
	254	82	317.500000	12.500000	9.911384e+04	2.484751e+01	-4.876847e+04	1958	8	14	0
	253	83	316.250000	13.750000	9.875037e+04	2.718953e+01	-3.904027e+04	1958	8	14	6
	251	83	313.750000	13.750000	9.859863e+04	2.853530e+01	-3.664745e+04	1958	8	14	12
	250	84	312.500000	15.000000	9.814602e+04	2.824596e+01	-4.050146e+04	1958	8	14	18
	249	84	311.250000	15.000000	9.773570e+04	3.276359e+01	-2.868445e+04	1958	8	15	0
	249	85	311.250000	16.250000	9.751499e+04	3.145040e+01	-3.960906e+04	1958	8	15	6
	248	85	310.000000	16.250000	9.756845e+04	3.647422e+01	-3.969732e+04	1958	8	15	12
	248	87	310.000000	18.750000	9.729009e+04	3.717446e+01	-4.086431e+04	1958	8	15	18
	248	88	310.000000	20.000000	9.678659e+04	3.717302e+01	-4.285506e+04	1958	8	16	0
	248	89	310.000000	21.250000	9.682952e+04	3.456904e+01	-4.565976e+04	1958	8	16	6
	247	90	308.750000	22.500000	9.691441e+04	3.283869e+01	-5.072980e+04	1958	8	16	12
	247	91	308.750000	23.750000	9.677400e+04	3.635500e+01	-5.321088e+04	1958	8	16	18
	246	92	307.500000	25.000000	9.731399e+04	3.700646e+01	-5.078864e+04	1958	8	17	0
	245	93	306.250000	26.250000	9.780857e+04	3.664321e+01	-5.970289e+04	1958	8	17	6
	245	95	306.250000	28.750000	9.781780e+04	3.497011e+01	-4.949416e+04	1958	8	17	12
	244	95	305.000000	28.750000	9.753423e+04	3.319260e+01	-5.441710e+04	1958	8	17	18
	243	96	303.750000	30.000000	9.735427e+04	3.483992e+01	-5.515260e+04	1958	8	18	0
	243	97	303.750000	31.250000	9.754053e+04	3.510815e+01	-5.344624e+04	1958	8	18	6
	243	98	303.750000	32.500000	9.769434e+04	3.473661e+01	-5.435826e+04	1958	8	18	12
	243	99	303.750000	33.750000	9.774477e+04	3.645551e+01	-5.343644e+04	1958	8	18	18
	244	101	305.000000	36.250000	9.841990e+04	3.247147e+01	-5.249500e+04	1958	8	19	0
	245	102	306.250000	37.500000	9.825083e+04	3.439431e+01	-5.300494e+04	1958	8	19	6
	246	104	307.500000	40.000000	9.848210e+04	3.653451e+01	-5.171046e+04	1958	8	19	12
	248	106	310.000000	42.500000	9.855640e+04	2.943835e+01	-2.776263e+04	1958	8	19	18
	250	108	312.500000	45.000000	9.942644e+04	2.702128e+01	-3.329358e+04	1958	8	20	0
	253	109	316.250000	46.250000	9.960161e+04	2.474518e+01	-3.981500e+04	1958	8	20	6
	256	109	320.000000	46.250000	9.951064e+04	2.042365e+01	-4.501252e+04	1958	8	20	12
	259	109	323.750000	46.250000	9.956665e+04	2.075876e+01	-4.312965e+04	1958	8	20	18
start	14	1958	8	31	6
	108	84	135.000000	15.000000	9.808709e+04	2.486118e+01	-4.445354e+04	1958	8	31	6
	107	85	133.750000	16.250000	9.796641e+04	2.808399e+01	-5.274016e+04	1958	8	31	12
	106	85	132.500000	16.250000	9.729290e+04	2.870722e+01	-5.921255e+04	1958	8	31	18
	105	85	131.250000	16.250000	9.688975e+04	3.119450e+01	-4.934706e+04	1958	9	1	0
	104	86	130.000000	17.500000	9.642552e+04	3.375782e+01	-5.330895e+04	1958	9	1	6
	103	86	128.750000	17.500000	9.628288e+04	3.339122e+01	-5.144569e+04	1958	9	1	12
	102	87	127.500000	18.750000	9.596270e+04	3.678827e+01	-4.806239e+04	1958	9	1	18
	102	88	127.500000	20.000000	9.568748e+04	3.823228e+01	-5.166143e+04	1958	9	2	0
	101	89	126.250000	21.250000	9.579809e+04	4.028592e+01	-5.579003e+04	1958	9	2	6
	101	89	126.250000	21.250000	9.514853e+04	4.279367e+01	-5.579003e+04	1958	9	2	12
	100	90	125.000000	22.500000	9.573520e+04	3.816357e+01	-5.426020e+04	1958	9	2	18
	99	91	123.750000	23.750000	9.685000e+04	3.828330e+01	-3.409772e+04	1958	9	3	0
	99	91	123.750000	23.750000	9.700071e+04	3.486977e+01	-3.409772e+04	1958	9	3	6
	98	93	122.500000	26.250000	9.800593e+04	2.749559e+01	-9.806650e+02	1958	9	3	18
start	15	1958	9	8	12
	194	87	242.500000	18.750000	9.833489e+04	2.358046e+01	-3.853033e+04	1958	9	8	12
	194	87	242.500000	18.750000	9.839075e+04	2.399273e+01	-3.853033e+04	1958	9	8	18
	194	87	242.500000	18.750000	9.855515e+04	2.349923e+01	-3.853033e+04	1958	9	9	0
	193	87	241.250000	18.750000	9.876138e+04	2.383015e+01	-3.931486e+04	1958	9	9	6
	193	87	241.250000	18.750000	9.862048e+04	2.345450e+01	-3.931486e+04	1958	9	9	12
	192	87	240.000000	18.750000	9.879475e+04	2.339664e+01	-3.906970e+04	1958	9	10	6
	191	87	238.750000	18.750000	9.852595e+04	2.355212e+01	-3.984442e+04	1958	9	10	12
	191	87	238.750000	18.750000	9.870898e+04	2.561570e+01	-3.984442e+04	1958	9	10	18
	190	87	237.500000	18.750000	9.844748e+04	2.367110e+01	-4.063876e+04	1958	9	11	0
	189	87	236.250000	18.750000	9.868433e+04	2.544359e+01	-4.228627e+04	1958	9	11	6
	189	87	236.250000	18.750000	9.844409e+04	2.331825e+01	-4.228627e+04	1958	9	11	12
	188	87	235.000000	18.750000	9.865037e+04	2.502067e+01	-4.200188e+04	1958	9	12	0
	187	86	233.750000	17.500000	9.881882e+04	2.430749e+01	-4.371805e+04	1958	9	12	6
	187	86	233.750000	17.500000	9.884167e+04	2.277749e+01	-4.371805e+04	1958	9	12	12
	186	86	232.500000	17.500000	9.902339e+04	2.246661e+01	-4.666985e+04	1958	9	12	18
start	28	1958	9	11	18
	105	87	131.250000	18.750000	9.847798e+04	2.335612e+01	-6.146808e+04	1958	9	11	18
	105	88	131.250000	20.000000	9.881287e+04	2.918233e+01	-5.822208e+04	1958	9	12	0
	104	88	130.000000	20.000000	9.852820e+04	2.707152e+01	-5.650592e+04	1958	9	12	6
	104	88	130.000000	20.000000	9.836667e+04	2.612184e+01	-5.650592e+04	1958	9	12	12
	103	89	128.750000	21.250000	9.841089e+04	2.415867e+01	-5.026889e+04	1958	9	12	18
	103	89	128.750000	21.250000	9.795657e+04	2.516097e+01	-5.026889e+04	1958	9	13	0
	103	89	128.750000	21.250000	9.732869e+04	2.818098e+01	-5.026889e+04	1958	9	13	6
	103	90	128.750000	22.500000	9.702061e+04	2.933104e+01	-3.668668e+04	1958	9	13	12
	103	90	128.750000	22.500000	9.645261e+04	3.263696e+01	-3.668668e+04	1958	9	13	18
	103	90	128.750000	22.500000	9.641402e+04	3.397423e+01	-3.668668e+04	1958	9	14	0
	103	91	128.750000	23.750000	9.610808e+04	3.543713e+01	-5.602539e+04	1958	9	14	6
	103	91	128.750000	23.750000	9.589299e+04	3.289837e+01	-5.602539e+04	1958	9	14	12
	104	92	130.000000	25.000000	9.588179e+04	3.868171e+01	-4.511059e+04	1958	9	14	18
	104	92	130.000000	25.000000	9.616152e+04	3.823438e+01	-4.511059e+04	1958	9	15	0
	105	93	131.250000	26.250000	9.580356e+04	3.435733e+01	-3.107727e+04	1958	9	15	6
	105	93	131.250000	26.250000	9.619375e+04	3.847448e+01	-3.107727e+04	1958	9	15	12
	105	94	131.250000	27.500000	9.589273e+04	3.306361e+01	-5.623133e+04	1958	9	15	18
	106	94	132.500000	27.500000	9.594980e+04	3.501265e+01	-5.063173e+04	1958	9	16	0
	106	94	132.500000	27.500000	9.606660e+04	3.175611e+01	-5.063173e+04	1958	9	16	6
	107	95	133.750000	28.750000	9.669514e+04	3.052507e+01	-3.535297e+04	1958	9	16	12
	107	95	133.750000	28.750000	9.625705e+04	3.064347e+01	-3.535297e+04	1958	9	16	18
	107	96	133.750000	30.000000	9.690105e+04	3.030277e+01	-4.563034e+04	1958	9	17	0
	108	96	135.000000	30.000000	9.681923e+04	3.178290e+01	-4.601280e+04	1958	9	17	6
	109	97	136.250000	31.250000	9.680923e+04	3.282623e+01	-4.266873e+04	1958	9	17	12
	110	99	137.500000	33.750000	9.652847e+04	3.017992e+01	-2.651718e+04	1958	9	17	18
	112	100	140.000000	35.000000	9.712539e+04	3.573405e+01	-2.451662e+02	1958	9	18	0
	114	103	142.500000	38.750000	9.739341e+04	3.192187e+01	-1.145417e+04	1958	9	18	6
	116	105	145.000000	41.250000	9.753936e+04	2.861110e+01	-7.072556e+04	1958	9	18	12
start	21	1958	9	21	18
	112	82	140.000000	12.500000	9.856191e+04	2.266673e+01	-4.109967e+04	1958	9	21	18
	111	82	138.750000	12.500000	9.847871e+04	2.137131e+01	-4.977855e+04	1958	9	22	0
	111	82	138.750000	12.500000	9.783911e+04	2.695660e+01	-4.977855e+04	1958	9	22	6
	110	82	137.500000	12.500000	9.810264e+04	2.655231e+01	-5.030811e+04	1958	9	22	12
	110	83	137.500000	13.750000	9.734234e+04	2.881465e+01	-5.119071e+04	1958	9	22	18
	110	83	137.500000	13.750000	9.730835e+04	3.106228e+01	-5.119071e+04	1958	9	23	0
	109	84	136.250000	15.000000	9.696120e+04	2.985086e+01	-5.086709e+04	1958	9	23	6
	109	85	136.250000	16.250000	9.683770e+04	3.270671e+01	-4.912151e+04	1958	9	23	12
	108	86	135.000000	17.500000	9.631809e+04	3.624745e+01	-3.872646e+04	1958	9	23	18
	108	86	135.000000	17.500000	9.632109e+04	3.566411e+01	-3.872646e+04	1958	9	24	0
	108	87	135.000000	18.750000	9.586538e+04	3.600449e+01	-5.540757e+04	1958	9	24	6
	108	89	135.000000	21.250000	9.540288e+04	3.710300e+01	-5.623133e+04	1958	9	24	12
	108	90	135.000000	22.500000	9.451858e+04	4.068383e+01	-3.461747e+04	1958	9	24	18
	108	91	135.000000	23.750000	9.399970e+04	4.445987e+01	-4.772896e+04	1958	9	25	0
	108	92	135.000000	25.000000	9.353570e+04	4.424256e+01	-5.182814e+04	1958	9	25	6
	109	93	136.250000	26.250000	9.386799e+04	4.358659e+01	-4.746419e+04	1958	9	25	12
	109	95	136.250000	28.750000	9.410342e+04	4.811486e+01	-4.666004e+04	1958	9	25	18
	109	97	136.250000	31.250000	9.475230e+04	3.936099e+01	-4.266873e+04	1958	9	26	0
	110	98	137.500000	32.500000	9.537962e+04	3.823554e+01	-3.972674e+04	1958	9	26	6
	111	99	138.750000	33.750000	9.741843e+04	2.861167e+01	-1.429810e+04	1958	9	26	12
	112	101	140.000000	36.250000	9.851953e+04	2.445907e+01	1.961330e+02	1958	9	26	18
start	11	1958	9	25	12
	229	95	286.250000	28.750000	9.973049e+04	2.225314e+01	-4.513020e+04	1958	9	25	12
	227	96	283.750000	30.000000	9.898093e+04	2.432989e+01	-2.265336e+04	1958	9	26	12
	226	97	282.500000	31.250000	9.892891e+04	2.482001e+01	-9.100571e+03	1958	9	26	18
	226	97	282.500000	31.250000	9.886352e+04	2.730314e+01	-9.100571e+03	1958	9	27	0
	225	98	281.250000	32.500000	9.841309e+04	2.472404e+01	-8.237586e+02	1958	9	27	6
	225	98	281.250000	32.500000	9.886709e+04	2.539262e+01	-8.237586e+02	1958	9	27	12
	226	99	282.500000	33.750000	9.813249e+04	2.613784e+01	-2.451662e+02	1958	9	27	18
	227	100	283.750000	35.000000	9.808416e+04	2.367338e+01	-9.806650e+00	1958	9	28	0
	229	100	286.250000	35.000000	9.762300e+04	2.671149e+01	-3.608847e+04	1958	9	28	6
	232	102	290.000000	37.500000	9.779009e+04	3.150553e+01	-4.127619e+04	1958	9	28	12
	234	103	292.500000	38.750000	9.784831e+04	2.992717e+01	-4.111929e+04	1958	9	28	18
start	13	1958	9	26	18
	239	89	298.750000	21.250000	9.897266e+04	2.292430e+01	-5.649611e+04	1958	9	26	18
	239	89	298.750000	21.250000	9.829165e+04	2.595794e+01	-5.649611e+04	1958	9	27	0
	239	90	298.750000	22.500000	9.816934e+04	3.159783e+01	-5.708451e+04	1958	9	27	6
	239	90	298.750000	22.500000	9.813272e+04	2.721386e+01	-5.708451e+04	1958	9	27	12
	239	91	298.750000	23.750000	9.817937e+04	2.953883e+01	-5.792788e+04	1958	9	27	18
	239	92	298.750000	25.000000	9.812166e+04	2.938894e+01	-5.774155e+04	1958	9	28	0
	239	93	298.750000	26.250000	9.748238e+04	3.283178e+01	-5.844763e+04	1958	9	28	6
	238	94	297.500000	27.500000	9.792134e+04	3.230016e+01	-5.735910e+04	1958	9	28	12
	239	97	298.750000	31.250000	9.794392e+04	3.303488e+01	-4.873905e+04	1958	9	29	0
	240	98	300.000000	32.500000	9.801916e+04	2.915256e+01	-4.960204e+04	1958	9	29	6
	242	100	302.500000	35.000000	9.849722e+04	3.421349e+01	-4.399263e+04	1958	9	29	12
	244	102	305.000000	37.500000	9.856020e+04	3.013753e+01	-5.208312e+04	1958	9	29	18
	247	104	308.750000	40.000000	9.867786e+04	2.936892e+01	-5.262248e+04	1958	9	30	0
start	11	1958	10	9	12
	231	98	288.750000	32.500000	9.914119e+04	2.079459e+01	-5.298533e+04	1958	10	9	12
	232	98	290.000000	32.500000	9.925573e+04	2.117716e+01	-5.317166e+04	1958	10	9	18
	235	99	293.750000	33.750000	9.941905e+04	2.253724e+01	-5.028850e+04	1958	10	10	6
	235	100	293.750000	35.000000	9.936045e+04	2.331199e+01	-4.903325e+04	1958	10	10	12
	237	101	296.250000	36.250000	9.908952e+04	2.099956e+01	-4.966088e+04	1958	10	10	18
	239	102	298.750000	37.500000	9.893577e+04	2.567793e+01	-4.997469e+04	1958	10	11	0
	241	103	301.250000	38.750000	9.844275e+04	2.724155e+01	-5.083767e+04	1958	10	11	6
	243	104	303.750000	40.000000	9.842530e+04	2.556928e+01	-5.124955e+04	1958	10	11	12
	246	105	307.500000	41.250000	9.850655e+04	2.682931e+01	-5.019043e+04	1958	10	11	18
	249	106	311.250000	42.500000	9.866370e+04	2.455569e+01	-3.025352e+04	1958	10	12	0
	253	107	316.250000	43.750000	9.878520e+04	2.881671e+01	-3.092037e+04	1958	10	12	6
start	29	1958	10	27	0
	124	85	155.000000	16.250000	9.805733e+04	2.474619e+01	-5.603520e+04	1958	10	27	0
	124	86	155.000000	17.500000	9.736348e+04	2.888010e+01	-5.557429e+04	1958	10	27	6
	124	86	155.000000	17.500000	9.704184e+04	3.078550e+01	-5.557429e+04	1958	10	27	12
	124	85	155.000000	16.250000	9.675495e+04	2.810529e+01	-5.603520e+04	1958	10	27	18
	124	85	155.000000	16.250000	9.597231e+04	3.205145e+01	-5.603520e+04	1958	10	28	0
	125	86	156.250000	17.500000	9.563105e+04	3.484718e+01	-5.700605e+04	1958	10	28	6
	124	87	155.000000	18.750000	9.607602e+04	3.228250e+01	-5.558409e+04	1958	10	28	12
	124	87	155.000000	18.750000	9.562705e+04	3.317536e+01	-5.558409e+04	1958	10	28	18
	125	88	156.250000	20.000000	9.561467e+04	3.561872e+01	-4.567938e+04	1958	10	29	0
	125	88	156.250000	20.000000	9.572051e+04	3.237946e+01	-4.567938e+04	1958	10	29	6
	125	89	156.250000	21.250000	9.559466e+04	3.282233e+01	-4.942552e+04	1958	10	29	12
	124	89	155.000000	21.250000	9.561499e+04	3.269293e+01	-4.089373e+04	1958	10	29	18
	124	90	155.000000	22.500000	9.593598e+04	3.338487e+01	-5.361296e+04	1958	10	30	0
	124	90	155.000000	22.500000	9.574255e+04	3.326022e+01	-5.361296e+04	1958	10	30	6
	123	90	153.750000	22.500000	9.582036e+04	3.282197e+01	-5.598616e+04	1958	10	30	12
	122	90	152.500000	22.500000	9.623003e+04	3.233043e+01	-5.496627e+04	1958	10	30	18
	122	90	152.500000	22.500000	9.656541e+04	3.086528e+01	-5.496627e+04	1958	10	31	0
	122	90	152.500000	22.500000	9.677920e+04	3.186283e+01	-5.496627e+04	1958	10	31	6
	121	90	151.250000	22.500000	9.673858e+04	3.129872e+01	-5.525067e+04	1958	10	31	12
	120	90	150.000000	22.500000	9.646402e+04	3.050282e+01	-5.603520e+04	1958	10	31	18
	119	90	148.750000	22.500000	9.650877e+04	3.154045e+01	-5.649611e+04	1958	11	1	0
	118	91	147.500000	23.750000	9.668648e+04	3.525882e+01	-5.738852e+04	1958	11	1	6
	118	91	147.500000	23.750000	9.635925e+04	3.357512e+01	-5.738852e+04	1958	11	1	12
	118	92	147.500000	25.000000	9.651316e+04	3.441115e+01	-5.660398e+04	1958	11	1	18
	118	94	147.500000	27.500000	9.654614e+04	3.492532e+01	-5.679031e+04	1958	11	2	0
	118	96	147.500000	30.000000	9.682786e+04	3.324182e+01	-6.129156e+04	1958	11	2	6
	119	98	148.750000	32.500000	9.765779e+04	3.258627e+01	-4.277661e+04	1958	11	2	12
	121	100	151.250000	35.000000	9.824759e+04	3.280986e+01	-5.965385e+04	1958	11	2	18
	124	101	155.000000	36.250000	9.859338e+04	2.917328e+01	-5.533893e+04	1958	11	3	0
start	11	1958	10	30	12
	102	86	127.500000	17.500000	9.778286e+04	2.435856e+01	-5.123975e+04	1958	10	30	12
	102	87	127.500000	18.750000	9.734878e+04	2.561957e+01	-4.806239e+04	1958	10	30	18
	102	88	127.500000	20.000000	9.731541e+04	2.805067e+01	-5.166143e+04	1958	10	31	0
	103	89	128.750000	21.250000	9.707920e+04	2.928342e+01	-5.026889e+04	1958	10	31	6
	104	90	130.000000	22.500000	9.721983e+04	3.024432e+01	-5.210273e+04	1958	10	31	12
	105	91	131.250000	23.750000	9.717964e+04	3.345540e+01	-4.479678e+04	1958	10	31	18
	105	92	131.250000	25.000000	9.724627e+04	2.907953e+01	-2.738017e+04	1958	11	1	0
	106	93	132.500000	26.250000	9.707085e+04	2.893736e+01	-5.280881e+04	1958	11	1	6
	107	94	133.750000	27.500000	9.776862e+04	2.487528e+01	-4.648352e+04	1958	11	1	12
	107	94	133.750000	27.500000	9.769753e+04	2.822874e+01	-4.648352e+04	1958	11	1	18
	108	94	135.000000	27.500000	9.825864e+04	2.649768e+01	-3.554911e+04	1958	11	2	0
start	13	1958	12	4	18
	116	86	145.000000	17.500000	9.814150e+04	2.649962e+01	-3.332300e+04	1958	12	4	18
	115	87	143.750000	18.750000	9.826302e+04	2.865671e+01	-3.701030e+04	1958	12	5	0
	114	87	142.500000	18.750000	9.788816e+04	2.695470e+01	-3.350932e+04	1958	12	5	6
	113	88	141.250000	20.000000	9.767066e+04	2.856103e+01	-4.452219e+04	1958	12	5	12
	114	89	142.500000	21.250000	9.737385e+04	2.927087e+01	-3.457825e+04	1958	12	5	18
	114	90	142.500000	22.500000	9.745069e+04	3.301591e+01	-2.512464e+04	1958	12	6	0
	115	91	143.750000	23.750000	9.752702e+04	3.073404e+01	-6.479254e+04	1958	12	6	6
	117	91	146.250000	23.750000	9.780881e+04	2.574227e+01	-5.782001e+04	1958	12	6	12
	119	92	148.750000	25.000000	9.779119e+04	3.114337e+01	-3.925602e+04	1958	12	6	18
	120	92	150.000000	25.000000	9.810054e+04	3.138616e+01	-5.630979e+04	1958	12	7	0
	122	92	152.500000	25.000000	9.837339e+04	2.930415e+01	-4.738573e+04	1958	12	7	6
	125	92	156.250000	25.000000	9.874668e+04	2.636300e+01	-5.742774e+04	1958	12	7	12
	127	92	158.750000	25.000000	9.891548e+04	2.616036e+01	-5.765330e+04	1958	12	7	18
start	16	1959	4	18	12
	111	82	138.750000	12.500000	9.835041e+04	2.575214e+01	-4.977855e+04	1959	4	18	12
	110	83	137.500000	13.750000	9.804595e+04	2.636701e+01	-5.119071e+04	1959	4	18	18
	110	83	137.500000	13.750000	9.780308e+04	2.803219e+01	-5.119071e+04	1959	4	19	0
	110	84	137.500000	15.000000	9.728955e+04	3.336863e+01	-4.765051e+04	1959	4	19	6
	109	84	136.250000	15.000000	9.735998e+04	3.174987e+01	-5.086709e+04	1959	4	19	12
	109	85	136.250000	16.250000	9.717717e+04	3.230234e+01	-4.912151e+04	1959	4	19	18
	109	86	136.250000	17.500000	9.736511e+04	3.183965e+01	-4.989623e+04	1959	4	20	0
	110	86	137.500000	17.500000	9.749390e+04	3.095620e+01	-4.579705e+04	1959	4	20	6
	110	87	137.500000	18.750000	9.738823e+04	2.954638e+01	-5.098477e+04	1959	4	20	12
	110	87	137.500000	18.750000	9.790283e+04	3.140830e+01	-5.098477e+04	1959	4	20	18
	110	87	137.500000	18.750000	9.819612e+04	2.681626e+01	-5.098477e+04	1959	4	21	0
	110	87	137.500000	18.750000	9.796391e+04	2.627334e+01	-5.098477e+04	1959	4	21	6
	110	87	137.500000	18.750000	9.825420e+04	2.548411e+01	-5.098477e+04	1959	4	21	12
	110	87	137.500000	18.750000	9.835308e+04	2.559053e+01	-5.098477e+04	1959	4	21	18
	110	87	137.500000	18.750000	9.855955e+04	2.359391e+01	-5.098477e+04	1959	4	22	0
	110	88	137.500000	20.000000	9.842803e+04	2.579324e+01	-3.957964e+04	1959	4	22	6
start	18	1959	8	2	18
	172	84	215.000000	15.000000	9.896662e+04	2.195338e+01	-5.335798e+04	1959	8	2	18
	171	84	213.750000	15.000000	9.829260e+04	2.270781e+01	-5.095535e+04	1959	8	3	0
	171	84	213.750000	15.000000	9.780315e+04	2.888126e+01	-5.095535e+04	1959	8	3	6
	170	84	212.500000	15.000000	9.764707e+04	3.015697e+01	-5.264210e+04	1959	8	3	12
	169	84	211.250000	15.000000	9.742773e+04	3.046876e+01	-5.336779e+04	1959	8	3	18
	169	85	211.250000	16.250000	9.737993e+04	3.091458e+01	-5.122994e+04	1959	8	4	0
	168	85	210.000000	16.250000	9.727051e+04	3.247371e+01	-5.222041e+04	1959	8	4	6
	167	85	208.750000	16.250000	9.741289e+04	3.324146e+01	-5.326972e+04	1959	8	4	12
	166	85	207.500000	16.250000	9.761667e+04	3.210844e+01	-5.341682e+04	1959	8	4	18
	165	86	206.250000	17.500000	9.770156e+04	3.243332e+01	-4.974914e+04	1959	8	5	0
	164	86	205.000000	17.500000	9.747920e+04	3.217769e+01	-4.800355e+04	1959	8	5	6
	163	86	203.750000	17.500000	9.768557e+04	3.173926e+01	-4.301197e+04	1959	8	5	12
	163	86	203.750000	17.500000	9.787114e+04	3.065137e+01	-4.301197e+04	1959	8	5	18
	162	87	202.500000	18.750000	9.841567e+04	2.849191e+01	-4.378669e+04	1959	8	6	0
	161	87	201.250000	18.750000	9.860210e+04	2.858277e+01	-4.552247e+04	1959	8	6	6
	161	87	201.250000	18.750000	9.876352e+04	2.942928e+01	-4.552247e+04	1959	8	6	12
	161	88	201.250000	20.000000	9.876597e+04	2.890307e+01	-4.300216e+04	1959	8	6	18
	161	89	201.250000	21.250000	9.967905e+04	2.483596e+01	-4.542440e+04	1959	8	7	0
start	13	1959	8	5	0
	103	93	128.750000	26.250000	9.724844e+04	2.565649e+01	-2.635047e+04	1959	8	5	0
	103	94	128.750000	27.500000	9.700420e+04	2.927422e+01	-1.043428e+04	1959	8	5	6
	102	95	127.500000	28.750000	9.665432e+04	3.139403e+01	-1.008124e+04	1959	8	5	12
	102	96	127.500000	30.000000	9.665005e+04	2.771641e+01	-1.461191e+03	1959	8	6	0
	101	96	126.250000	30.000000	9.636460e+04	2.975546e+01	-8.433719e+02	1959	8	6	6
	102	96	127.500000	30.000000	9.655727e+04	2.945192e+01	-1.461191e+03	1959	8	6	12
	102	97	127.500000	31.250000	9.643159e+04	2.713725e+01	-1.265058e+03	1959	8	6	18
	102	97	127.500000	31.250000	9.662905e+04	2.741317e+01	-1.265058e+03	1959	8	7	0
	103	97	128.750000	31.250000	9.680120e+04	2.598808e+01	-6.864655e+03	1959	8	7	6
	103	96	128.750000	30.000000	9.699070e+04	2.482181e+01	-9.404577e+03	1959	8	7	12
	104	97	130.000000	31.250000	9.692895e+04	2.757954e+01	-2.863542e+03	1959	8	7	18
	105	97	131.250000	31.250000	9.714995e+04	2.582191e+01	-1.147378e+03	1959	8	8	0
	106	98	132.500000	32.500000	9.719236e+04	2.543629e+01	-1.319975e+04	1959	8	8	6
start	14	1959	8	26	18
	109	85	136.250000	16.250000	9.833134e+04	2.243416e+01	-4.912151e+04	1959	8	26	18
	108	85	135.000000	16.250000	9.804170e+04	2.465121e+01	-3.576485e+04	1959	8	27	0
	108	85	135.000000	16.250000	9.751582e+04	2.757903e+01	-3.576485e+04	1959	8	27	6
	107	86	133.750000	17.500000	9.723384e+04	2.982373e+01	-4.340423e+04	1959	8	27	12
	106	86	132.500000	17.500000	9.658648e+04	3.078096e+01	-5.831034e+04	1959	8	27	18
	105	87	131.250000	18.750000	9.649978e+04	3.321070e+01	-6.146808e+04	1959	8	28	0
	103	87	128.750000	18.750000	9.569702e+04	3.626063e+01	-5.059251e+04	1959	8	28	6
	102	88	127.500000	20.000000	9.501484e+04	3.926550e+01	-5.166143e+04	1959	8	28	12
	100	89	125.000000	21.250000	9.484399e+04	4.021278e+01	-5.620191e+04	1959	8	28	18
	100	89	125.000000	21.250000	9.475030e+04	4.581287e+01	-5.620191e+04	1959	8	29	0
	99	90	123.750000	22.500000	9.428802e+04	4.077021e+01	-5.497608e+04	1959	8	29	6
	97	90	121.250000	22.500000	9.613735e+04	3.703165e+01	-9.316317e+03	1959	8	29	12
	96	91	120.000000	23.750000	9.662673e+04	2.990460e+01	-3.040062e+02	1959	8	29	18
	96	92	120.000000	25.000000	9.736888e+04	2.868316e+01	-6.276256e+02	1959	8	30	0
start	14	1959	9	6	18
	145	90	181.250000	22.500000	9.805786e+04	2.151019e+01	-4.746419e+04	1959	9	6	18
	145	91	181.250000	23.750000	9.768447e+04	2.653225e+01	-5.555467e+04	1959	9	7	0
	145	92	181.250000	25.000000	9.721567e+04	2.958718e+01	-5.404445e+04	1959	9	7	6
	145	93	181.250000	26.250000	9.654568e+04	3.028773e+01	-5.191641e+04	1959	9	7	12
	144	94	180.000000	27.500000	9.635530e+04	3.762470e+01	-5.066115e+04	1959	9	7	18
	143	94	178.750000	27.500000	9.653623e+04	3.261007e+01	-5.256364e+04	1959	9	8	0
	142	94	177.500000	27.500000	9.705584e+04	2.975216e+01	-5.400522e+04	1959	9	8	6
	142	95	177.500000	28.750000	9.723852e+04	2.893016e+01	-4.955300e+04	1959	9	8	12
	142	95	177.500000	28.750000	9.690508e+04	2.970574e+01	-4.955300e+04	1959	9	8	18
	142	95	177.500000	28.750000	9.695640e+04	3.196413e+01	-4.955300e+04	1959	9	9	0
	143	95	178.750000	28.750000	9.728272e+04	3.200193e+01	-5.143588e+04	1959	9	9	6
	143	96	178.750000	30.000000	9.796365e+04	2.998142e+01	-4.351211e+04	1959	9	9	12
	144	97	180.000000	31.250000	9.789880e+04	2.967216e+01	-4.785645e+04	1959	9	9	18
	144	98	180.000000	32.500000	9.827869e+04	2.635408e+01	-5.162221e+04	1959	9	10	0
start	20	1959	9	13	6
	107	86	133.750000	17.500000	9.846491e+04	2.202204e+01	-4.340423e+04	1959	9	13	6
	106	87	132.500000	18.750000	9.814302e+04	2.528584e+01	-5.853589e+04	1959	9	13	12
	105	87	131.250000	18.750000	9.729702e+04	2.875142e+01	-6.146808e+04	1959	9	13	18
	104	88	130.000000	20.000000	9.736409e+04	3.061281e+01	-5.650592e+04	1959	9	14	0
	103	88	128.750000	20.000000	9.701912e+04	3.464370e+01	-5.608423e+04	1959	9	14	6
	102	89	127.500000	21.250000	9.635347e+04	3.559261e+01	-3.955022e+04	1959	9	14	12
	102	90	127.500000	22.500000	9.628364e+04	3.749819e+01	-5.607443e+04	1959	9	14	18
	101	90	126.250000	22.500000	9.550935e+04	3.691910e+01	-5.896739e+04	1959	9	15	0
	101	91	126.250000	23.750000	9.555933e+04	3.880613e+01	-5.574100e+04	1959	9	15	6
	100	92	125.000000	25.000000	9.506358e+04	3.908947e+01	-1.320956e+04	1959	9	15	12
	100	93	125.000000	26.250000	9.530044e+04	3.950320e+01	-1.324878e+04	1959	9	15	18
	100	94	125.000000	27.500000	9.555752e+04	3.745929e+01	-9.610517e+02	1959	9	16	0
	100	95	125.000000	28.750000	9.542903e+04	4.114250e+01	-9.610517e+02	1959	9	16	6
	100	96	125.000000	30.000000	9.601866e+04	3.687782e+01	-6.080123e+02	1959	9	16	12
	101	98	126.250000	32.500000	9.614848e+04	3.937140e+01	-1.010085e+03	1959	9	16	18
	102	99	127.500000	33.750000	9.672708e+04	3.783295e+01	-8.727919e+02	1959	9	17	0
	104	101	130.000000	36.250000	9.704648e+04	2.748526e+01	-1.300362e+04	1959	9	17	6
	106	102	132.500000	37.500000	9.757817e+04	2.727332e+01	-1.435694e+04	1959	9	17	12
	108	104	135.000000	40.000000	9.704009e+04	2.790087e+01	-1.447462e+04	1959	9	17	18
	109	105	136.250000	41.250000	9.747820e+04	2.908012e+01	-3.363681e+04	1959	9	18	0
start	16	1959	9	23	6
	114	87	142.500000	18.750000	9.737068e+04	2.125212e+01	-3.350932e+04	1959	9	23	6
	114	88	142.500000	20.000000	9.702483e+04	2.907475e+01	-3.101843e+04	1959	9	23	12
	113	88	141.250000	20.000000	9.569775e+04	3.154056e+01	-4.452219e+04	1959	9	23	18
	112	89	140.000000	21.250000	9.538450e+04	3.595792e+01	-4.628739e+04	1959	9	24	0
	111	89	138.750000	21.250000	9.462251e+04	3.652274e+01	-4.345327e+04	1959	9	24	6
	110	90	137.500000	22.500000	9.455088e+04	3.965519e+01	-4.242357e+04	1959	9	24	12
	110	91	137.500000	23.750000	9.397463e+04	4.194138e+01	-4.869982e+04	1959	9	24	18
	109	92	136.250000	25.000000	9.401545e+04	4.368692e+01	-4.269815e+04	1959	9	25	0
	109	92	136.250000	25.000000	9.474763e+04	4.378003e+01	-4.269815e+04	1959	9	25	6
	108	93	135.000000	26.250000	9.425908e+04	4.421247e+01	-4.581667e+04	1959	9	25	12
	108	95	135.000000	28.750000	9.384002e+04	4.146439e+01	-4.727786e+04	1959	9	25	18
	108	96	135.000000	30.000000	9.442754e+04	4.068825e+01	-4.601280e+04	1959	9	26	0
	108	98	135.000000	32.500000	9.477845e+04	4.093496e+01	-4.339443e+04	1959	9	26	6
	109	100	136.250000	35.000000	9.602395e+04	3.686397e+01	1.833844e+03	1959	9	26	12
	111	103	138.750000	38.750000	9.737976e+04	2.711295e+01	-6.913688e+03	1959	9	26	18
	113	105	141.250000	41.250000	9.858249e+04	2.562127e+01	2.157463e+02	1959	9	27	0
start	32	1959	9	30	6
	237	93	296.250000	26.250000	9.920855e+04	2.616579e+01	-5.498589e+04	1959	9	30	6
	236	93	295.000000	26.250000	9.906773e+04	2.594738e+01	-5.009237e+04	1959	9	30	12
	236	94	295.000000	27.500000	9.884080e+04	2.855267e+01	-5.048463e+04	1959	9	30	18
	235	95	293.750000	28.750000	9.841150e+04	2.777592e+01	-5.160259e+04	1959	10	1	0
	234	96	292.500000	30.000000	9.840471e+04	2.582432e+01	-4.963146e+04	1959	10	1	6
	234	96	292.500000	30.000000	9.850027e+04	2.739599e+01	-4.963146e+04	1959	10	1	12
	233	97	291.250000	31.250000	9.762083e+04	2.810589e+01	-5.143588e+04	1959	10	1	18
	233	98	291.250000	32.500000	9.772102e+04	2.961085e+01	-5.162221e+04	1959	10	2	0
	233	99	291.250000	33.750000	9.763518e+04	3.044228e+01	-5.222041e+04	1959	10	2	6
	234	99	292.500000	33.750000	9.775979e+04	3.025679e+01	-5.047483e+04	1959	10	2	12
	234	100	292.500000	35.000000	9.756202e+04	2.978279e+01	-5.104361e+04	1959	10	2	18
	235	100	293.750000	35.000000	9.773648e+04	3.157883e+01	-4.903325e+04	1959	10	3	0
	236	100	295.000000	35.000000	9.827966e+04	3.061222e+01	-4.832717e+04	1959	10	3	6
	236	100	295.000000	35.000000	9.836467e+04	3.072840e+01	-4.832717e+04	1959	10	3	12
	237	101	296.250000	36.250000	9.832969e+04	2.998999e+01	-4.966088e+04	1959	10	3	18
	238	101	297.500000	36.250000	9.840652e+04	2.792886e+01	-4.877828e+04	1959	10	4	0
	238	101	297.500000	36.250000	9.869583e+04	3.239058e+01	-4.877828e+04	1959	10	4	6
	239	102	298.750000	37.500000	9.877947e+04	3.087213e+01	-4.997469e+04	1959	10	4	12
	241	102	301.250000	37.500000	9.810356e+04	3.200105e+01	-5.033754e+04	1959	10	4	18
	242	102	302.500000	37.500000	9.828372e+04	2.874293e+01	-5.246558e+04	1959	10	5	0
	244	102	305.000000	37.500000	9.816716e+04	3.211821e+01	-5.208312e+04	1959	10	5	6
	247	101	308.750000	36.250000	9.787923e+04	3.046804e+01	-4.563034e+04	1959	10	5	12
	249	101	311.250000	36.250000	9.741330e+04	3.165347e+01	-4.885673e+04	1959	10	5	18
	253	101	316.250000	36.250000	9.792903e+04	3.326505e+01	-5.058270e+04	1959	10	6	0
	255	101	318.750000	36.250000	9.793323e+04	3.095141e+01	-4.330617e+04	1959	10	6	6
	257	100	321.250000	35.000000	9.755508e+04	2.909763e+01	-3.383294e+04	1959	10	6	12
	260	100	325.000000	35.000000	9.736802e+04	3.691789e+01	-3.422521e+04	1959	10	6	18
	263	99	328.750000	33.750000	9.762761e+04	3.238250e+01	-3.530394e+04	1959	10	7	0
	266	100	332.500000	35.000000	9.746460e+04	3.219320e+01	-2.330060e+04	1959	10	7	6
	268	102	335.000000	37.500000	9.747022e+04	3.432128e+01	-1.894645e+04	1959	10	7	12
	270	105	337.500000	41.250000	9.778872e+04	3.181386e+01	-3.804980e+04	1959	10	7	18
	272	108	340.000000	45.000000	9.741267e+04	3.132661e+01	-4.241376e+04	1959	10	8	0
start	25	1959	10	11	18
	104	84	130.000000	15.000000	9.863003e+04	2.371387e+01	-5.506434e+04	1959	10	11	18
	103	85	128.750000	16.250000	9.858428e+04	2.418085e+01	-5.669224e+04	1959	10	12	0
	102	85	127.500000	16.250000	9.812849e+04	2.525533e+01	-4.936668e+04	1959	10	12	6
	102	85	127.500000	16.250000	9.812976e+04	2.754903e+01	-4.936668e+04	1959	10	12	12
	101	86	126.250000	17.500000	9.793796e+04	2.847689e+01	-4.658159e+04	1959	10	12	18
	101	86	126.250000	17.500000	9.788570e+04	2.811928e+01	-4.658159e+04	1959	10	13	0
	100	87	125.000000	18.750000	9.738425e+04	3.257533e+01	-5.522125e+04	1959	10	13	6
	100	87	125.000000	18.750000	9.708748e+04	3.316457e+01	-5.522125e+04	1959	10	13	12
	100	88	125.000000	20.000000	9.676077e+04	3.796137e+01	-5.751600e+04	1959	10	13	18
	100	88	125.000000	20.000000	9.680645e+04	3.545082e+01	-5.751600e+04	1959	10	14	0
	100	88	125.000000	20.000000	9.594846e+04	3.869183e+01	-5.751600e+04	1959	10	14	6
	99	88	123.750000	20.000000	9.719131e+04	3.621160e+01	-5.337760e+04	1959	10	14	12
	100	89	125.000000	21.250000	9.652114e+04	3.703295e+01	-5.620191e+04	1959	10	14	18
	99	89	123.750000	21.250000	9.715015e+04	3.397704e+01	-4.935687e+04	1959	10	15	0
	100	90	125.000000	22.500000	9.630666e+04	3.947189e+01	-5.426020e+04	1959	10	15	6
	100	90	125.000000	22.500000	9.720538e+04	3.225410e+01	-5.426020e+04	1959	10	15	12
	101	91	126.250000	23.750000	9.722923e+04	3.303903e+01	-5.574100e+04	1959	10	15	18
	101	92	126.250000	25.000000	9.776040e+04	3.096196e+01	-1.010085e+04	1959	10	16	0
	102	92	127.500000	25.000000	9.743313e+04	3.060509e+01	-3.566679e+04	1959	10	16	6
	102	92	127.500000	25.000000	9.847845e+04	2.815031e+01	-3.566679e+04	1959	10	16	12
	103	93	128.750000	26.250000	9.784304e+04	2.829547e+01	-2.635047e+04	1959	10	16	18
	103	93	128.750000	26.250000	9.854382e+04	2.517560e+01	-2.635047e+04	1959	10	17	0
	104	94	130.000000	27.500000	9.851306e+04	2.542675e+01	-1.838747e+04	1959	10	17	6
	105	94	131.250000	27.500000	9.869866e+04	2.362764e+01	-5.623133e+04	1959	10	17	12
	106	95	132.500000	28.750000	9.890723e+04	1.853201e+01	-4.430645e+04	1959	10	18	0
start	20	1959	10	16	18
	114	82	142.500000	12.500000	9.813366e+04	2.557195e+01	-3.787328e+04	1959	10	16	18
	111	83	138.750000	13.750000	9.712556e+04	2.747724e+01	-4.787607e+04	1959	10	17	6
	110	83	137.500000	13.750000	9.682053e+04	3.052215e+01	-5.119071e+04	1959	10	17	12
	109	83	136.250000	13.750000	9.619160e+04	3.066110e+01	-5.094555e+04	1959	10	17	18
	108	84	135.000000	15.000000	9.616348e+04	3.683078e+01	-4.445354e+04	1959	10	18	0
	108	84	135.000000	15.000000	9.559968e+04	3.494936e+01	-4.445354e+04	1959	10	18	6
	108	85	135.000000	16.250000	9.539114e+04	3.486386e+01	-3.576485e+04	1959	10	18	12
	108	86	135.000000	17.500000	9.577515e+04	3.625587e+01	-3.872646e+04	1959	10	18	18
	108	86	135.000000	17.500000	9.532900e+04	3.933993e+01	-3.872646e+04	1959	10	19	0
	108	87	135.000000	18.750000	9.507630e+04	3.983670e+01	-5.540757e+04	1959	10	19	6
	108	88	135.000000	20.000000	9.503970e+04	3.610349e+01	-5.653534e+04	1959	10	19	12
	108	89	135.000000	21.250000	9.533034e+04	3.752168e+01	-5.623133e+04	1959	10	19	18
	108	90	135.000000	22.500000	9.560032e+04	3.766857e+01	-3.461747e+04	1959	10	20	0
	108	91	135.000000	23.750000	9.479731e+04	4.008974e+01	-4.772896e+04	1959	10	20	6
	108	92	135.000000	25.000000	9.574270e+04	3.655487e+01	-5.182814e+04	1959	10	20	12
	109	94	136.250000	27.500000	9.584390e+04	4.026283e+01	-5.037676e+04	1959	10	20	18
	110	95	137.500000	28.750000	9.613386e+04	4.026231e+01	-4.620893e+04	1959	10	21	0
	112	97	140.000000	31.250000	9.684692e+04	3.925077e+01	-7.717833e+03	1959	10	21	6
	114	98	142.500000	32.500000	9.677588e+04	3.899480e+01	-7.432460e+04	1959	10	21	12
	116	100	145.000000	35.000000	9.712754e+04	3.514283e+01	-5.675108e+04	1959	10	21	18
start	13	1959	12	15	12
	108	79	135.000000	8.750000	9.866491e+04	2.238886e+01	-3.732411e+04	1959	12	15	12
	107	79	133.750000	8.750000	9.813333e+04	2.579164e+01	-4.822911e+04	1959	12	15	18
	106	79	132.500000	8.750000	9.807275e+04	2.597066e+01	-3.794193e+04	1959	12	16	0
	105	80	131.250000	10.000000	9.767236e+04	3.132319e+01	-6.073258e+04	1959	12	16	6
	104	80	130.000000	10.000000	9.752988e+04	2.984242e+01	-5.855551e+04	1959	12	16	12
	103	81	128.750000	11.250000	9.728464e+04	3.191561e+01	-5.645688e+04	1959	12	16	18
	103	81	128.750000	11.250000	9.745327e+04	3.079321e+01	-5.645688e+04	1959	12	17	0
	102	81	127.500000	11.250000	9.722178e+04	3.485329e+01	-5.786904e+04	1959	12	17	6
	102	81	127.500000	11.250000	9.696323e+04	3.309251e+01	-5.786904e+04	1959	12	17	12
	101	82	126.250000	12.500000	9.750818e+04	3.227596e+01	-5.562332e+04	1959	12	17	18
	100	82	125.000000	12.500000	9.843086e+04	3.143332e+01	2.941995e+01	1959	12	18	0
	100	82	125.000000	12.500000	9.821480e+04	3.126265e+01	2.941995e+01	1959	12	18	6
	99	82	123.750000	12.500000	9.934780e+04	2.605923e+01	4.020727e+02	1959	12	18	12
start	12	1959	12	27	18
	110	82	137.500000	12.500000	9.818606e+04	2.772868e+01	-5.030811e+04	1959	12	27	18
	109	82	136.250000	12.500000	9.827405e+04	2.877043e+01	-5.274997e+04	1959	12	28	0
	108	83	135.000000	13.750000	9.792263e+04	2.853243e+01	-4.830756e+04	1959	12	28	6
	107	83	133.750000	13.750000	9.766587e+04	2.900078e+01	-4.969030e+04	1959	12	28	12
	106	84	132.500000	15.000000	9.762461e+04	3.039474e+01	-4.473794e+04	1959	12	28	18
	105	83	131.250000	13.750000	9.774555e+04	3.156187e+01	-5.707470e+04	1959	12	29	0
	104	84	130.000000	15.000000	9.765403e+04	3.338927e+01	-5.506434e+04	1959	12	29	6
	103	83	128.750000	13.750000	9.783313e+04	3.052286e+01	-5.389735e+04	1959	12	29	12
	103	83	128.750000	13.750000	9.831927e+04	2.728898e+01	-5.389735e+04	1959	12	29	18
	102	83	127.500000	13.750000	9.832571e+04	2.897857e+01	-5.233809e+04	1959	12	30	0
	101	83	126.250000	13.750000	9.834807e+04	2.613610e+01	-5.362276e+04	1959	12	30	6
	100	83	125.000000	13.750000	9.849221e+04	2.537815e+01	-3.904027e+04	1959	12	30	18
start	34	1960	7	19	6
	101	88	126.250000	20.000000	9.905593e+04	2.307094e+01	-5.191641e+04	1960	7	19	6
	101	88	126.250000	20.000000	9.874583e+04	2.195166e+01	-5.191641e+04	1960	7	19	12
	101	89	126.250000	21.250000	9.833657e+04	2.573701e+01	-5.579003e+04	1960	7	20	0
	102	89	127.500000	21.250000	9.799065e+04	2.816806e+01	-3.955022e+04	1960	7	20	6
	102	89	127.500000	21.250000	9.764736e+04	2.923175e+01	-3.955022e+04	1960	7	20	12
	102	89	127.500000	21.250000	9.760696e+04	2.814985e+01	-3.955022e+04	1960	7	20	18
	102	90	127.500000	22.500000	9.780083e+04	2.915546e+01	-5.607443e+04	1960	7	21	0
	102	90	127.500000	22.500000	9.697424e+04	2.977448e+01	-5.607443e+04	1960	7	21	6
	102	90	127.500000	22.500000	9.719099e+04	2.973461e+01	-5.607443e+04	1960	7	21	12
	102	91	127.500000	23.750000	9.705905e+04	3.518835e+01	-5.595675e+04	1960	7	21	18
	102	91	127.500000	23.750000	9.721502e+04	3.120622e+01	-5.595675e+04	1960	7	22	0
	102	91	127.500000	23.750000	9.694473e+04	3.152403e+01	-5.595675e+04	1960	7	22	6
	102	91	127.500000	23.750000	9.744348e+04	2.978558e+01	-5.595675e+04	1960	7	22	12
	102	91	127.500000	23.750000	9.759245e+04	3.106690e+01	-5.595675e+04	1960	7	22	18
	102	91	127.500000	23.750000	9.760054e+04	2.852812e+01	-5.595675e+04	1960	7	23	0
	102	91	127.500000	23.750000	9.748484e+04	2.917526e+01	-5.595675e+04	1960	7	23	6
	102	91	127.500000	23.750000	9.741504e+04	3.116948e+01	-5.595675e+04	1960	7	23	12
	102	91	127.500000	23.750000	9.734116e+04	2.940227e+01	-5.595675e+04	1960	7	23	18
	102	91	127.500000	23.750000	9.703264e+04	3.113393e+01	-5.595675e+04	1960	7	24	0
	102	91	127.500000	23.750000	9.676074e+04	2.950195e+01	-5.595675e+04	1960	7	24	6
	101	91	126.250000	23.750000	9.721152e+04	3.079027e+01	-5.574100e+04	1960	7	24	12
	101	92	126.250000	25.000000	9.732341e+04	3.043058e+01	-1.010085e+04	1960	7	24	18
	101	92	126.250000	25.000000	9.729014e+04	2.955180e+01	-1.010085e+04	1960	7	25	0
	101	92	126.250000	25.000000	9.710459e+04	2.929314e+01	-1.010085e+04	1960	7	25	6
	100	93	125.000000	26.250000	9.763511e+04	2.713004e+01	-1.324878e+04	1960	7	26	0
	100	93	125.000000	26.250000	9.729993e+04	2.830756e+01	-1.324878e+04	1960	7	26	6
	100	94	125.000000	27.500000	9.762380e+04	2.912551e+01	-9.610517e+02	1960	7	26	12
	100	94	125.000000	27.500000	9.761734e+04	2.896643e+01	-9.610517e+02	1960	7	26	18
	100	95	125.000000	28.750000	9.770955e+04	2.646267e+01	-9.610517e+02	1960	7	27	0
	98	98	122.500000	32.500000	9.769744e+04	3.004503e+01	-3.236194e+02	1960	7	27	18
	98	99	122.500000	33.750000	9.769766e+04	2.625457e+01	-2.941995e+02	1960	7	28	0
	97	100	121.250000	35.000000	9.817429e+04	2.321045e+01	-3.726527e+02	1960	7	28	6
	97	102	121.250000	37.500000	9.873093e+04	2.320951e+01	2.157463e+02	1960	7	28	12
	97	103	121.250000	38.750000	9.910618e+04	2.002323e+01	-3.628460e+02	1960	7	28	18
start	30	1960	8	23	12
	109	89	136.250000	21.250000	9.841626e+04	2.306600e+01	-4.870963e+04	1960	8	23	12
	109	89	136.250000	21.250000	9.802830e+04	2.415305e+01	-4.870963e+04	1960	8	23	18
	109	89	136.250000	21.250000	9.800669e+04	2.428155e+01	-4.870963e+04	1960	8	24	0
	110	89	137.500000	21.250000	9.803159e+04	2.658075e+01	-4.423780e+04	1960	8	24	6
	110	89	137.500000	21.250000	9.801101e+04	2.379413e+01	-4.423780e+04	1960	8	24	12
	110	89	137.500000	21.250000	9.768855e+04	2.564957e+01	-4.423780e+04	1960	8	24	18
	110	89	137.500000	21.250000	9.790293e+04	2.631908e+01	-4.423780e+04	1960	8	25	0
	110	90	137.500000	22.500000	9.777248e+04	2.829255e+01	-4.242357e+04	1960	8	25	6
	110	90	137.500000	22.500000	9.765627e+04	2.784709e+01	-4.242357e+04	1960	8	25	12
	110	90	137.500000	22.500000	9.766165e+04	2.558400e+01	-4.242357e+04	1960	8	25	18
	109	91	136.250000	23.750000	9.773930e+04	2.694126e+01	-3.815768e+04	1960	8	26	0
	109	91	136.250000	23.750000	9.716257e+04	2.874477e+01	-3.815768e+04	1960	8	26	6
	109	91	136.250000	23.750000	9.741934e+04	2.912044e+01	-3.815768e+04	1960	8	26	12
	109	92	136.250000	25.000000	9.735928e+04	2.890939e+01	-4.269815e+04	1960	8	26	18
	108	93	135.000000	26.250000	9.750000e+04	3.229433e+01	-4.581667e+04	1960	8	27	0
	108	93	135.000000	26.250000	9.723313e+04	3.251216e+01	-4.581667e+04	1960	8	27	6
	107	94	133.750000	27.500000	9.723645e+04	3.122689e+01	-4.648352e+04	1960	8	27	12
	107	95	133.750000	28.750000	9.728562e+04	3.359172e+01	-3.535297e+04	1960	8	27	18
	107	95	133.750000	28.750000	9.703091e+04	3.083940e+01	-3.535297e+04	1960	8	28	0
	107	96	133.750000	30.000000	9.732705e+04	3.153299e+01	-4.563034e+04	1960	8	28	6
	106	96	132.500000	30.000000	9.708891e+04	2.912663e+01	-3.449979e+04	1960	8	28	12
	106	97	132.500000	31.250000	9.716951e+04	3.046408e+01	-2.797837e+04	1960	8	28	18
	106	98	132.500000	32.500000	9.775149e+04	2.998660e+01	-1.319975e+04	1960	8	29	0
	107	99	133.750000	33.750000	9.810132e+04	2.685802e+01	1.095403e+04	1960	8	29	6
	112	95	140.000000	28.750000	9.908384e+04	2.755013e+01	-2.675254e+04	1960	8	30	0
	113	97	141.250000	31.250000	9.886519e+04	3.023245e+01	-3.368584e+04	1960	8	30	6
	113	98	141.250000	32.500000	9.938479e+04	2.817976e+01	-2.719384e+04	1960	8	30	12
	114	100	142.500000	35.000000	9.945471e+04	2.402880e+01	-6.373342e+04	1960	8	30	18
	115	102	143.750000	37.500000	9.978909e+04	2.223424e+01	-7.442266e+04	1960	8	31	0
	118	103	147.500000	38.750000	9.985610e+04	1.775757e+01	-5.526047e+04	1960	8	31	12
start	19	1960	8	25	18
	128	93	160.000000	26.250000	9.942727e+04	2.173150e+01	-5.897719e+04	1960	8	25	18
	127	93	158.750000	26.250000	9.931430e+04	2.368830e+01	-5.357373e+04	1960	8	26	0
	126	92	157.500000	25.000000	9.880945e+04	2.439236e+01	-5.694721e+04	1960	8	26	6
	125	91	156.250000	23.750000	9.895996e+04	2.823877e+01	-4.479678e+04	1960	8	26	12
	124	91	155.000000	23.750000	9.843741e+04	2.772668e+01	-5.437788e+04	1960	8	26	18
	123	90	153.750000	22.500000	9.817500e+04	3.099917e+01	-5.598616e+04	1960	8	27	0
	122	90	152.500000	22.500000	9.741751e+04	3.087409e+01	-5.496627e+04	1960	8	27	6
	121	90	151.250000	22.500000	9.818020e+04	3.246782e+01	-5.525067e+04	1960	8	27	12
	120	90	150.000000	22.500000	9.737624e+04	3.564353e+01	-5.603520e+04	1960	8	27	18
	119	90	148.750000	22.500000	9.743716e+04	3.628199e+01	-5.649611e+04	1960	8	28	0
	117	90	146.250000	22.500000	9.750830e+04	3.386730e+01	-6.487099e+04	1960	8	28	6
	116	91	145.000000	23.750000	9.765454e+04	3.733611e+01	-5.510357e+04	1960	8	28	12
	115	92	143.750000	25.000000	9.725076e+04	3.498915e+01	-3.770657e+04	1960	8	28	18
	114	92	142.500000	25.000000	9.708899e+04	3.457886e+01	-2.469314e+04	1960	8	29	0
	114	93	142.500000	26.250000	9.757632e+04	3.483602e+01	-1.382738e+04	1960	8	29	6
	113	94	141.250000	27.500000	9.795684e+04	3.300733e+01	-4.037398e+04	1960	8	29	12
	113	95	141.250000	28.750000	9.834368e+04	2.954557e+01	-3.943254e+04	1960	8	29	18
	113	95	141.250000	28.750000	9.908384e+04	2.755013e+01	-3.943254e+04	1960	8	30	0
	113	97	141.250000	31.250000	9.886519e+04	3.023245e+01	-3.368584e+04	1960	8	30	6
start	43	1960	9	2	6
	252	83	315.000000	13.750000	9.930115e+04	2.260354e+01	-3.707895e+04	1960	9	2	6
	251	83	313.750000	13.750000	9.896923e+04	2.525217e+01	-3.664745e+04	1960	9	2	12
	250	83	312.500000	13.750000	9.864214e+04	2.973473e+01	-4.187439e+04	1960	9	2	18
	248	83	310.000000	13.750000	9.878980e+04	3.013324e+01	-5.012179e+04	1960	9	3	0
	247	84	308.750000	15.000000	9.785154e+04	3.098900e+01	-5.001391e+04	1960	9	3	6
	246	84	307.500000	15.000000	9.826980e+04	3.429835e+01	-4.708173e+04	1960	9	3	12
	244	85	305.000000	16.250000	9.789177e+04	3.369979e+01	-5.681973e+04	1960	9	3	18
	243	85	303.750000	16.250000	9.800918e+04	3.129917e+01	-4.961184e+04	1960	9	4	0
	242	85	302.500000	16.250000	9.770691e+04	3.543570e+01	-4.967068e+04	1960	9	4	6
	240	85	300.000000	16.250000	9.798073e+04	3.602236e+01	-4.866060e+04	1960	9	4	12
	239	86	298.750000	17.500000	9.812083e+04	3.237752e+01	-2.877271e+04	1960	9	4	18
	238	86	297.500000	17.500000	9.798489e+04	3.417386e+01	-5.295591e+03	1960	9	5	0
	237	87	296.250000	18.750000	9.861866e+04	2.973448e+01	-6.057568e+04	1960	9	5	6
	236	87	295.000000	18.750000	9.862070e+04	3.031946e+01	-1.005182e+04	1960	9	5	12
	235	88	293.750000	20.000000	9.867275e+04	2.997059e+01	-7.212791e+04	1960	9	5	18
	235	88	293.750000	20.000000	9.864507e+04	2.494901e+01	-7.212791e+04	1960	9	6	0
	234	89	292.500000	21.250000	9.838802e+04	2.824692e+01	-5.011198e+04	1960	9	6	6
	233	89	291.250000	21.250000	9.822576e+04	2.730472e+01	-5.309320e+04	1960	9	6	12
	233	89	291.250000	21.250000	9.813064e+04	3.241873e+01	-5.309320e+04	1960	9	6	18
	232	89	290.000000	21.250000	9.808120e+04	3.364611e+01	-3.616693e+04	1960	9	7	0
	232	90	290.000000	22.500000	9.822044e+04	3.193303e+01	-5.342663e+04	1960	9	7	6
	231	90	288.750000	22.500000	9.744355e+04	3.254816e+01	-5.030811e+04	1960	9	7	12
	230	90	287.500000	22.500000	9.733279e+04	3.538253e+01	-3.044965e+04	1960	9	7	18
	230	90	287.500000	22.500000	9.807261e+04	3.333090e+01	-3.044965e+04	1960	9	8	0
	228	90	285.000000	22.500000	9.778794e+04	3.378180e+01	-2.580130e+04	1960	9	8	6
	228	90	285.000000	22.500000	9.786938e+04	3.373201e+01	-2.580130e+04	1960	9	8	12
	227	90	283.750000	22.500000	9.751851e+04	3.713897e+01	-9.806650e+01	1960	9	8	18
	226	90	282.500000	22.500000	9.791697e+04	3.123413e+01	-9.806650e+01	1960	9	9	0
	226	90	282.500000	22.500000	9.802798e+04	3.052311e+01	-9.806650e+01	1960	9	9	6
	225	90	281.250000	22.500000	9.835200e+04	2.894566e+01	-9.806650e+00	1960	9	9	12
	225	91	281.250000	23.750000	9.820712e+04	3.083922e+01	-6.864655e+01	1960	9	9	18
	224	91	280.000000	23.750000	9.790291e+04	2.963311e+01	-7.845320e+01	1960	9	10	0
	224	92	280.000000	25.000000	9.851558e+04	2.651711e+01	-5.825150e+03	1960	9	10	6
	223	92	278.750000	25.000000	9.849944e+04	2.564855e+01	-3.922660e+01	1960	9	10	12
	223	93	278.750000	26.250000	9.874345e+04	2.226545e+01	1.274865e+02	1960	9	10	18
	223	94	278.750000	27.500000	9.878032e+04	2.156583e+01	2.353596e+02	1960	9	11	0
	223	95	278.750000	28.750000	9.884859e+04	2.274840e+01	7.845320e+01	1960	9	11	6
	223	96	278.750000	30.000000	9.862969e+04	2.485378e+01	-1.765197e+02	1960	9	11	12
	224	97	280.000000	31.250000	9.832984e+04	2.518709e+01	-4.511059e+02	1960	9	11	18
	226	98	282.500000	32.500000	9.825959e+04	2.656106e+01	-4.756225e+03	1960	9	12	0
	227	100	283.750000	35.000000	9.765012e+04	2.658971e+01	-9.806650e+00	1960	9	12	6
	228	102	285.000000	37.500000	9.746423e+04	2.666836e+01	-2.647795e+02	1960	9	12	12
	229	104	286.250000	40.000000	9.718305e+04	3.228676e+01	-2.745862e+02	1960	9	12	18
start	10	1960	9	2	18
	200	87	250.000000	18.750000	9.852964e+04	2.514767e+01	-3.204813e+04	1960	9	2	18
	198	87	247.500000	18.750000	9.853552e+04	2.375346e+01	-3.319551e+04	1960	9	3	18
	197	87	246.250000	18.750000	9.865066e+04	2.497910e+01	-3.619634e+04	1960	9	4	6
	196	87	245.000000	18.750000	9.839636e+04	2.608961e+01	-3.665726e+04	1960	9	4	12
	195	87	243.750000	18.750000	9.881927e+04	2.364300e+01	-4.069760e+04	1960	9	5	0
	195	87	243.750000	18.750000	9.909991e+04	2.294148e+01	-4.069760e+04	1960	9	5	6
	194	87	242.500000	18.750000	9.894258e+04	2.183174e+01	-3.853033e+04	1960	9	5	12
	194	87	242.500000	18.750000	9.904775e+04	2.204413e+01	-3.853033e+04	1960	9	5	18
	194	88	242.500000	20.000000	9.893802e+04	2.097347e+01	-3.927563e+04	1960	9	6	6
	194	89	242.500000	21.250000	9.878201e+04	2.270674e+01	-4.125658e+04	1960	9	6	12
start	10	1960	10	17	0
	113	88	141.250000	20.000000	9.762563e+04	2.610287e+01	-4.452219e+04	1960	10	17	0
	113	88	141.250000	20.000000	9.727268e+04	2.449267e+01	-4.452219e+04	1960	10	17	6
	113	89	141.250000	21.250000	9.675869e+04	2.510639e+01	-4.210975e+04	1960	10	17	18
	113	89	141.250000	21.250000	9.664648e+04	2.831543e+01	-4.210975e+04	1960	10	18	0
	113	89	141.250000	21.250000	9.639048e+04	3.279120e+01	-4.210975e+04	1960	10	18	6
	113	90	141.250000	22.500000	9.639592e+04	3.138940e+01	-3.958945e+04	1960	10	18	12
	114	91	142.500000	23.750000	9.634509e+04	3.936580e+01	-3.130283e+04	1960	10	18	18
	114	92	142.500000	25.000000	9.670627e+04	3.410440e+01	-2.469314e+04	1960	10	19	0
	115	93	143.750000	26.250000	9.694817e+04	3.687014e+01	-3.154799e+04	1960	10	19	6
	115	97	143.750000	31.250000	9.736096e+04	3.336937e+01	-5.731987e+04	1960	10	19	18
start	10	1960	10	25	6
	107	89	133.750000	21.250000	9.794412e+04	2.568495e+01	-5.766310e+04	1960	10	25	6
	107	89	133.750000	21.250000	9.749021e+04	2.571277e+01	-5.766310e+04	1960	10	25	12
	108	90	135.000000	22.500000	9.739739e+04	2.601347e+01	-3.461747e+04	1960	10	25	18
	108	91	135.000000	23.750000	9.724751e+04	2.959502e+01	-4.772896e+04	1960	10	26	0
	109	93	136.250000	26.250000	9.669050e+04	3.467122e+01	-4.746419e+04	1960	10	26	6
	111	95	138.750000	28.750000	9.705286e+04	3.299517e+01	-3.506858e+04	1960	10	26	12
	112	97	140.000000	31.250000	9.660200e+04	3.474221e+01	-7.717833e+03	1960	10	26	18
	114	99	142.500000	33.750000	9.692214e+04	3.521334e+01	-6.755802e+04	1960	10	27	0
	118	101	147.500000	36.250000	9.665701e+04	3.384507e+01	-5.658437e+04	1960	10	27	6
	122	104	152.500000	40.000000	9.679109e+04	3.247017e+01	-5.482898e+04	1960	10	27	12
start	20	1960	11	30	0
	112	80	140.000000	10.000000	9.796838e+04	2.504471e+01	-2.268278e+04	1960	11	30	0
	110	81	137.500000	11.250000	9.733491e+04	2.860646e+01	-5.147511e+04	1960	11	30	12
	109	81	136.250000	11.250000	9.711003e+04	3.040384e+01	-5.251461e+04	1960	11	30	18
	108	82	135.000000	12.500000	9.690779e+04	3.159616e+01	-3.666706e+04	1960	12	1	0
	107	82	133.750000	12.500000	9.585525e+04	3.298178e+01	-5.199486e+04	1960	12	1	6
	106	82	132.500000	12.500000	9.611294e+04	3.498915e+01	-5.741794e+04	1960	12	1	12
	106	83	132.500000	13.750000	9.592251e+04	3.411506e+01	-5.694721e+04	1960	12	1	18
	106	83	132.500000	13.750000	9.624160e+04	3.663221e+01	-5.694721e+04	1960	12	2	0
	106	84	132.500000	15.000000	9.565566e+04	3.803028e+01	-4.473794e+04	1960	12	2	6
	106	85	132.500000	16.250000	9.625249e+04	3.815819e+01	-5.921255e+04	1960	12	2	12
	106	85	132.500000	16.250000	9.597305e+04	3.472211e+01	-5.921255e+04	1960	12	2	18
	106	85	132.500000	16.250000	9.683652e+04	3.261867e+01	-5.921255e+04	1960	12	3	0
	106	87	132.500000	18.750000	9.652483e+04	3.236705e+01	-5.853589e+04	1960	12	3	6
	106	87	132.500000	18.750000	9.607615e+04	3.448597e+01	-5.853589e+04	1960	12	3	12
	106	88	132.500000	20.000000	9.593305e+04	3.664733e+01	-5.946753e+04	1960	12	3	18
	106	89	132.500000	21.250000	9.624004e+04	3.595126e+01	-5.731987e+04	1960	12	4	0
	107	90	133.750000	22.500000	9.642339e+04	3.341901e+01	-5.449555e+04	1960	12	4	6
	108	91	135.000000	23.750000	9.738386e+04	3.536925e+01	-4.772896e+04	1960	12	4	12
	110	93	137.500000	26.250000	9.696341e+04	3.429129e+01	-4.949416e+04	1960	12	4	18
	113	95	141.250000	28.750000	9.757837e+04	3.165226e+01	-3.943254e+04	1960	12	5	0
start	11	1961	3	26	18
	108	81	135.000000	11.250000	9.884751e+04	2.159090e+01	-3.931486e+04	1961	3	26	18
	108	82	135.000000	12.500000	9.885373e+04	2.433713e+01	-3.666706e+04	1961	3	27	0
	108	82	135.000000	12.500000	9.803752e+04	2.571724e+01	-3.666706e+04	1961	3	27	6
	108	82	135.000000	12.500000	9.806045e+04	2.677764e+01	-3.666706e+04	1961	3	27	12
	108	83	135.000000	13.750000	9.772959e+04	3.023416e+01	-4.830756e+04	1961	3	27	18
	108	83	135.000000	13.750000	9.796648e+04	3.097963e+01	-4.830756e+04	1961	3	28	12
	108	84	135.000000	15.000000	9.810647e+04	3.251994e+01	-4.445354e+04	1961	3	29	0
	107	85	133.750000	16.250000	9.777615e+04	3.255872e+01	-5.274016e+04	1961	3	29	12
	108	86	135.000000	17.500000	9.819792e+04	3.149079e+01	-3.872646e+04	1961	3	29	18
	108	86	135.000000	17.500000	9.855556e+04	3.259927e+01	-3.872646e+04	1961	3	30	0
	108	87	135.000000	18.750000	9.859045e+04	2.904174e+01	-5.540757e+04	1961	3	30	6
start	37	1961	9	4	18
	248	89	310.000000	21.250000	9.905484e+04	2.313923e+01	-4.565976e+04	1961	9	4	18
	248	91	310.000000	23.750000	9.924290e+04	2.820475e+01	-5.624114e+04	1961	9	5	0
	247	92	308.750000	25.000000	9.889265e+04	3.002552e+01	-4.824872e+04	1961	9	5	6
	246	93	307.500000	26.250000	9.872712e+04	3.446012e+01	-5.423077e+04	1961	9	5	12
	245	93	306.250000	26.250000	9.845845e+04	3.219920e+01	-5.970289e+04	1961	9	5	18
	245	95	306.250000	28.750000	9.830137e+04	3.080200e+01	-4.949416e+04	1961	9	6	0
	244	96	305.000000	30.000000	9.773835e+04	3.609526e+01	-4.972952e+04	1961	9	6	6
	243	97	303.750000	31.250000	9.784788e+04	3.504014e+01	-5.344624e+04	1961	9	6	12
	243	98	303.750000	32.500000	9.744173e+04	3.621535e+01	-5.435826e+04	1961	9	6	18
	242	99	302.500000	33.750000	9.742647e+04	3.480405e+01	-4.440451e+04	1961	9	7	0
	242	99	302.500000	33.750000	9.755173e+04	3.446628e+01	-4.440451e+04	1961	9	7	6
	241	99	301.250000	33.750000	9.841645e+04	3.387380e+01	-4.676791e+04	1961	9	7	12
	241	100	301.250000	35.000000	9.806402e+04	3.326288e+01	-4.928822e+04	1961	9	7	18
	241	100	301.250000	35.000000	9.799329e+04	3.066902e+01	-4.928822e+04	1961	9	8	0
	240	100	300.000000	35.000000	9.867537e+04	2.791336e+01	-4.482620e+04	1961	9	8	6
	240	100	300.000000	35.000000	9.854595e+04	3.039579e+01	-4.482620e+04	1961	9	8	12
	240	101	300.000000	36.250000	9.825901e+04	3.515299e+01	-5.001391e+04	1961	9	8	18
	240	101	300.000000	36.250000	9.803877e+04	2.893454e+01	-5.001391e+04	1961	9	9	0
	241	101	301.250000	36.250000	9.831745e+04	2.859516e+01	-5.003353e+04	1961	9	9	6
	241	101	301.250000	36.250000	9.810312e+04	2.987237e+01	-5.003353e+04	1961	9	9	12
	242	102	302.500000	37.500000	9.785191e+04	2.901653e+01	-5.246558e+04	1961	9	9	18
	243	103	303.750000	38.750000	9.766577e+04	3.022375e+01	-5.206350e+04	1961	9	10	0
	244	103	305.000000	38.750000	9.818259e+04	3.113070e+01	-5.214196e+04	1961	9	10	6
	246	103	307.500000	38.750000	9.760520e+04	3.135159e+01	-5.235770e+04	1961	9	10	12
	248	104	310.000000	40.000000	9.735925e+04	3.104879e+01	-5.340702e+04	1961	9	10	18
	251	105	313.750000	41.250000	9.738572e+04	3.328868e+01	-4.496349e+04	1961	9	11	0
	254	106	317.500000	42.500000	9.722368e+04	3.445881e+01	-4.779761e+04	1961	9	11	6
	258	107	322.500000	43.750000	9.706330e+04	3.762133e+01	-3.840284e+04	1961	9	11	12
	263	109	328.750000	46.250000	9.660085e+04	3.541098e+01	-3.412714e+04	1961	9	11	18
	268	112	335.000000	50.000000	9.592051e+04	3.400358e+01	-3.422521e+04	1961	9	12	0
	271	115	338.750000	53.750000	9.535652e+04	3.247921e+01	-3.126360e+04	1961	9	12	6
	272	117	340.000000	56.250000	9.478296e+04	3.253440e+01	-1.396467e+04	1961	9	12	12
	271	118	338.750000	57.500000	9.412952e+04	2.789154e+01	-2.313389e+04	1961	9	12	18
	271	118	338.750000	57.500000	9.413970e+04	3.535834e+01	-2.313389e+04	1961	9	13	0
	272	119	340.000000	58.750000	9.425349e+04	2.723700e+01	-2.790973e+04	1961	9	13	6
	271	120	338.750000	60.000000	9.458562e+04	2.528058e+01	-2.730171e+04	1961	9	13	12
	270	120	337.500000	60.000000	9.474905e+04	2.218545e+01	-2.281027e+04	1961	9	13	18
start	23	1961	9	7	6
	219	88	273.750000	20.000000	9.877986e+04	2.347185e+01	-3.195007e+04	1961	9	7	6
	219	89	273.750000	21.250000	9.826020e+04	2.586927e+01	-1.310168e+04	1961	9	7	12
	219	89	273.750000	21.250000	9.816089e+04	2.887242e+01	-1.310168e+04	1961	9	7	18
	218	90	272.500000	22.500000	9.789016e+04	3.309939e+01	-4.216859e+02	1961	9	8	0
	217	90	271.250000	22.500000	9.792849e+04	2.945305e+01	-4.805258e+02	1961	9	8	6
	217	91	271.250000	23.750000	9.793657e+04	3.142898e+01	-1.500417e+03	1961	9	8	12
	217	91	271.250000	23.750000	9.746213e+04	2.994490e+01	-1.500417e+03	1961	9	8	18
	216	91	270.000000	23.750000	9.672939e+04	3.222075e+01	-3.583350e+04	1961	9	9	0
	216	91	270.000000	23.750000	9.683620e+04	3.516044e+01	-3.583350e+04	1961	9	9	6
	215	92	268.750000	25.000000	9.662500e+04	3.536725e+01	-3.456844e+04	1961	9	9	12
	214	92	267.500000	25.000000	9.674253e+04	3.653933e+01	-3.514704e+04	1961	9	9	18
	214	92	267.500000	25.000000	9.628452e+04	3.490364e+01	-3.514704e+04	1961	9	10	0
	213	93	266.250000	26.250000	9.635134e+04	3.424316e+01	-2.016247e+04	1961	9	10	6
	213	93	266.250000	26.250000	9.594895e+04	3.734426e+01	-2.016247e+04	1961	9	10	12
	213	93	266.250000	26.250000	9.634362e+04	3.980196e+01	-2.016247e+04	1961	9	10	18
	212	94	265.000000	27.500000	9.554822e+04	4.170796e+01	-8.620045e+03	1961	9	11	0
	212	94	265.000000	27.500000	9.610493e+04	3.442433e+01	-8.620045e+03	1961	9	11	6
	211	94	263.750000	27.500000	9.616643e+04	3.040194e+01	-1.098345e+03	1961	9	11	12
	211	94	263.750000	27.500000	9.712273e+04	3.116035e+01	-1.098345e+03	1961	9	11	18
	211	95	263.750000	28.750000	9.739863e+04	2.454370e+01	4.903325e+01	1961	9	12	0
	210	96	262.500000	30.000000	9.805964e+04	1.306336e+01	1.421964e+03	1961	9	12	6
	210	96	262.500000	30.000000	9.830171e+04	1.269645e+01	1.421964e+03	1961	9	12	12
	210	97	262.500000	31.250000	9.870139e+04	9.958651e+00	2.304563e+03	1961	9	12	18
start	22	1961	9	8	12
	261	86	326.250000	17.500000	9.949282e+04	2.221002e+01	-4.941571e+04	1961	9	8	12
	259	87	323.750000	18.750000	9.956689e+04	2.355860e+01	-5.393657e+04	1961	9	9	0
	258	87	322.500000	18.750000	9.946745e+04	2.324887e+01	-5.528009e+04	1961	9	9	6
	257	88	321.250000	20.000000	9.969062e+04	2.327946e+01	-5.500550e+04	1961	9	9	12
	256	88	320.000000	20.000000	9.964253e+04	2.277900e+01	-4.931764e+04	1961	9	9	18
	255	89	318.750000	21.250000	9.981890e+04	2.335845e+01	-4.888615e+04	1961	9	10	0
	253	91	316.250000	23.750000	9.967175e+04	2.220894e+01	-4.274719e+04	1961	9	10	18
	252	92	315.000000	25.000000	9.969509e+04	2.467627e+01	-3.220504e+04	1961	9	11	0
	251	94	313.750000	27.500000	9.929768e+04	2.730736e+01	-3.796154e+04	1961	9	11	12
	251	95	313.750000	28.750000	9.891648e+04	2.631116e+01	-3.549027e+04	1961	9	11	18
	251	97	313.750000	31.250000	9.896738e+04	2.557687e+01	-4.265893e+04	1961	9	12	0
	251	97	313.750000	31.250000	9.825027e+04	2.668103e+01	-4.265893e+04	1961	9	12	6
	251	98	313.750000	32.500000	9.830484e+04	2.790279e+01	-4.553228e+04	1961	9	12	12
	252	98	315.000000	32.500000	9.837327e+04	2.893318e+01	-4.376708e+04	1961	9	12	18
	252	99	315.000000	33.750000	9.779595e+04	2.897575e+01	-4.489484e+04	1961	9	13	0
	252	100	315.000000	35.000000	9.800662e+04	3.077177e+01	-4.468890e+04	1961	9	13	6
	253	100	316.250000	35.000000	9.847312e+04	2.747622e+01	-4.493407e+04	1961	9	13	12
	254	100	317.500000	35.000000	9.863655e+04	2.935743e+01	-4.140368e+04	1961	9	13	18
	255	101	318.750000	36.250000	9.861562e+04	2.589092e+01	-4.330617e+04	1961	9	14	0
	257	101	321.250000	36.250000	9.841116e+04	3.023764e+01	-3.232272e+04	1961	9	14	6
	259	101	323.750000	36.250000	9.889327e+04	3.133573e+01	-2.840987e+04	1961	9	14	12
	261	102	326.250000	37.500000	9.881941e+04	2.889243e+01	-1.852476e+04	1961	9	14	18
start	31	1961	9	9	0
	124	79	155.000000	8.750000	9.799814e+04	2.776673e+01	-5.143588e+04	1961	9	9	0
	123	79	153.750000	8.750000	9.750183e+04	3.188075e+01	-5.203409e+04	1961	9	9	6
	121	80	151.250000	10.000000	9.736250e+04	3.037231e+01	-5.390716e+04	1961	9	9	12
	120	80	150.000000	10.000000	9.592691e+04	3.714577e+01	-5.608423e+04	1961	9	9	18
	119	80	148.750000	10.000000	9.657827e+04	3.702075e+01	-4.836640e+04	1961	9	10	0
	117	81	146.250000	11.250000	9.583259e+04	3.833689e+01	-5.375025e+04	1961	9	10	6
	116	81	145.000000	11.250000	9.571145e+04	3.637664e+01	-4.420838e+04	1961	9	10	12
	115	82	143.750000	12.500000	9.530925e+04	3.853986e+01	-3.690243e+04	1961	9	10	18
	114	82	142.500000	12.500000	9.547947e+04	3.810042e+01	-3.787328e+04	1961	9	11	0
	113	83	141.250000	13.750000	9.503930e+04	3.786581e+01	-4.613048e+04	1961	9	11	6
	112	83	140.000000	13.750000	9.544143e+04	3.587283e+01	-4.849388e+04	1961	9	11	12
	111	84	138.750000	15.000000	9.427273e+04	4.370764e+01	-4.841543e+04	1961	9	11	18
	110	84	137.500000	15.000000	9.429551e+04	4.033115e+01	-4.765051e+04	1961	9	12	0
	109	85	136.250000	16.250000	9.388464e+04	4.485041e+01	-4.912151e+04	1961	9	12	6
	108	85	135.000000	16.250000	9.424546e+04	4.233831e+01	-3.576485e+04	1961	9	12	12
	107	86	133.750000	17.500000	9.372327e+04	4.299221e+01	-4.340423e+04	1961	9	12	18
	106	87	132.500000	18.750000	9.397407e+04	4.334050e+01	-5.853589e+04	1961	9	13	0
	105	88	131.250000	20.000000	9.409099e+04	4.102525e+01	-5.822208e+04	1961	9	13	6
	104	88	130.000000	20.000000	9.442624e+04	4.293925e+01	-5.650592e+04	1961	9	13	12
	104	90	130.000000	22.500000	9.415217e+04	4.224628e+01	-5.210273e+04	1961	9	13	18
	103	90	128.750000	22.500000	9.463438e+04	4.128109e+01	-3.668668e+04	1961	9	14	0
	103	92	128.750000	25.000000	9.405178e+04	4.039856e+01	-5.352470e+04	1961	9	14	6
	103	93	128.750000	26.250000	9.450577e+04	4.215856e+01	-2.635047e+04	1961	9	14	12
	103	94	128.750000	27.500000	9.428503e+04	4.086502e+01	-1.043428e+04	1961	9	14	18
	103	95	128.750000	28.750000	9.491890e+04	3.821995e+01	-7.923773e+03	1961	9	15	0
	104	95	130.000000	28.750000	9.491760e+04	3.993991e+01	-3.667687e+03	1961	9	15	6
	105	96	131.250000	30.000000	9.503032e+04	3.771333e+01	-1.626923e+04	1961	9	15	12
	106	97	132.500000	31.250000	9.531788e+04	3.521394e+01	-2.797837e+04	1961	9	15	18
	107	98	133.750000	32.500000	9.634177e+04	3.007166e+01	-1.065983e+04	1961	9	16	0
	109	101	136.250000	36.250000	9.670938e+04	1.728990e+01	1.667130e+02	1961	9	16	6
	111	104	138.750000	40.000000	9.708359e+04	2.690601e+01	-2.214342e+04	1961	9	16	12
start	39	1961	9	13	18
	250	88	312.500000	20.000000	9.911780e+04	2.533575e+01	-3.926583e+04	1961	9	13	18
	249	88	311.250000	20.000000	9.892812e+04	2.693595e+01	-4.196266e+04	1961	9	14	0
	248	88	310.000000	20.000000	9.875803e+04	2.817843e+01	-4.285506e+04	1961	9	14	6
	248	88	310.000000	20.000000	9.870889e+04	2.943162e+01	-4.285506e+04	1961	9	14	12
	247	88	308.750000	20.000000	9.862253e+04	3.080914e+01	-4.765051e+04	1961	9	14	18
	246	88	307.500000	20.000000	9.868765e+04	2.970380e+01	-4.898421e+04	1961	9	15	0
	245	89	306.250000	21.250000	9.839260e+04	3.183442e+01	-5.382870e+04	1961	9	15	6
	244	89	305.000000	21.250000	9.813657e+04	3.379112e+01	-5.340702e+04	1961	9	15	12
	243	90	303.750000	22.500000	9.823975e+04	3.013323e+01	-5.515260e+04	1961	9	15	18
	242	90	302.500000	22.500000	9.811990e+04	3.322469e+01	-5.750620e+04	1961	9	16	0
	241	90	301.250000	22.500000	9.745938e+04	3.208971e+01	-5.407387e+04	1961	9	16	6
	240	90	300.000000	22.500000	9.750547e+04	3.411894e+01	-5.827111e+04	1961	9	16	12
	239	91	298.750000	23.750000	9.762407e+04	3.468936e+01	-5.792788e+04	1961	9	16	18
	238	91	297.500000	23.750000	9.715679e+04	3.290543e+01	-5.744736e+04	1961	9	17	0
	237	91	296.250000	23.750000	9.730241e+04	3.214626e+01	-5.729045e+04	1961	9	17	6
	236	92	295.000000	25.000000	9.742912e+04	3.472717e+01	-5.673147e+04	1961	9	17	12
	235	92	293.750000	25.000000	9.689792e+04	3.550402e+01	-5.417193e+04	1961	9	17	18
	235	92	293.750000	25.000000	9.737197e+04	3.638531e+01	-5.417193e+04	1961	9	18	0
	234	93	292.500000	26.250000	9.690208e+04	3.873746e+01	-5.424058e+04	1961	9	18	6
	233	93	291.250000	26.250000	9.711587e+04	3.616139e+01	-5.311282e+04	1961	9	18	12
	232	95	290.000000	28.750000	9.757214e+04	3.622494e+01	-5.214196e+04	1961	9	18	18
	232	95	290.000000	28.750000	9.673904e+04	3.664597e+01	-5.214196e+04	1961	9	19	0
	231	96	288.750000	30.000000	9.676462e+04	3.632986e+01	-5.328934e+04	1961	9	19	6
	230	97	287.500000	31.250000	9.729216e+04	3.097528e+01	-5.293630e+04	1961	9	19	12
	230	98	287.500000	32.500000	9.732063e+04	3.408662e+01	-5.243616e+04	1961	9	19	18
	230	98	287.500000	32.500000	9.744568e+04	3.750896e+01	-5.243616e+04	1961	9	20	0
	229	99	286.250000	33.750000	9.701712e+04	3.600031e+01	-4.372785e+04	1961	9	20	6
	229	100	286.250000	35.000000	9.721616e+04	3.184434e+01	-3.608847e+04	1961	9	20	12
	230	101	287.500000	36.250000	9.677209e+04	3.413870e+01	-3.687300e+04	1961	9	20	18
	230	102	287.500000	37.500000	9.685132e+04	3.314559e+01	-2.979260e+04	1961	9	21	0
	231	103	288.750000	38.750000	9.746814e+04	3.432269e+01	-2.789992e+04	1961	9	21	6
	231	104	288.750000	40.000000	9.783403e+04	3.083624e+01	-2.745862e+03	1961	9	21	12
	231	105	288.750000	41.250000	9.877761e+04	2.380375e+01	-3.334261e+02	1961	9	21	18
	232	104	290.000000	40.000000	9.941543e+04	2.341386e+01	-1.588677e+03	1961	9	22	0
	233	104	291.250000	40.000000	9.941682e+04	1.725786e+01	-1.321936e+04	1961	9	22	6
	234	104	292.500000	40.000000	9.952934e+04	1.869870e+01	-2.228071e+04	1961	9	22	12
	235	104	293.750000	40.000000	9.963987e+04	1.658598e+01	-3.519607e+04	1961	9	22	18
	236	102	295.000000	37.500000	9.963867e+04	1.713149e+01	-4.895480e+04	1961	9	23	18
	235	101	293.750000	36.250000	9.965017e+04	1.769790e+01	-4.892538e+04	1961	9	24	0
start	22	1961	9	29	0
	111	88	138.750000	20.000000	9.765666e+04	2.402769e+01	-4.463006e+04	1961	9	29	0
	111	88	138.750000	20.000000	9.700945e+04	2.717562e+01	-4.463006e+04	1961	9	29	6
	110	88	137.500000	20.000000	9.671148e+04	2.964320e+01	-3.957964e+04	1961	9	29	12
	110	89	137.500000	21.250000	9.580161e+04	3.008340e+01	-4.423780e+04	1961	9	29	18
	110	90	137.500000	22.500000	9.578782e+04	3.376151e+01	-4.242357e+04	1961	9	30	0
	109	90	136.250000	22.500000	9.530559e+04	3.379115e+01	-5.133781e+04	1961	9	30	6
	109	91	136.250000	23.750000	9.478852e+04	3.641520e+01	-3.815768e+04	1961	9	30	12
	108	91	135.000000	23.750000	9.503054e+04	3.478451e+01	-4.772896e+04	1961	9	30	18
	108	92	135.000000	25.000000	9.508770e+04	3.624211e+01	-5.182814e+04	1961	10	1	0
	107	92	133.750000	25.000000	9.413894e+04	3.908415e+01	-4.338462e+04	1961	10	1	6
	106	92	132.500000	25.000000	9.449741e+04	3.962490e+01	-5.064154e+04	1961	10	1	12
	105	92	131.250000	25.000000	9.501142e+04	3.848839e+01	-2.738017e+04	1961	10	1	18
	104	92	130.000000	25.000000	9.533447e+04	3.765694e+01	-4.511059e+04	1961	10	2	0
	103	93	128.750000	26.250000	9.592014e+04	3.535529e+01	-2.635047e+04	1961	10	2	6
	102	93	127.500000	26.250000	9.599590e+04	3.394339e+01	-6.766589e+02	1961	10	2	12
	101	93	126.250000	26.250000	9.597693e+04	3.527316e+01	-1.427848e+04	1961	10	2	18
	101	93	126.250000	26.250000	9.644502e+04	3.408170e+01	-1.427848e+04	1961	10	3	0
	100	94	125.000000	27.500000	9.635530e+04	3.407025e+01	-9.610517e+02	1961	10	3	6
	99	94	123.750000	27.500000	9.663698e+04	3.532262e+01	-9.512451e+02	1961	10	3	12
	98	95	122.500000	28.750000	9.733108e+04	3.179789e+01	-4.903325e+02	1961	10	3	18
	97	95	121.250000	28.750000	9.855998e+04	2.611879e+01	4.412993e+02	1961	10	4	0
	97	96	121.250000	30.000000	9.926298e+04	2.069569e+01	4.903325e+01	1961	10	4	6
start	19	1961	10	5	12
	115	85	143.750000	16.250000	9.851873e+04	2.120116e+01	-3.969732e+04	1961	10	5	12
	115	85	143.750000	16.250000	9.771050e+04	2.383304e+01	-3.969732e+04	1961	10	5	18
	115	85	143.750000	16.250000	9.775009e+04	2.681805e+01	-3.969732e+04	1961	10	6	0
	114	86	142.500000	17.500000	9.703884e+04	3.068917e+01	-4.119774e+04	1961	10	6	6
	114	86	142.500000	17.500000	9.650283e+04	3.421375e+01	-4.119774e+04	1961	10	6	12
	114	87	142.500000	18.750000	9.563459e+04	3.247298e+01	-3.350932e+04	1961	10	6	18
	113	87	141.250000	18.750000	9.556370e+04	3.605532e+01	-4.573821e+04	1961	10	7	0
	112	88	140.000000	20.000000	9.493689e+04	4.045848e+01	-4.693462e+04	1961	10	7	6
	112	89	140.000000	21.250000	9.474812e+04	3.783415e+01	-4.628739e+04	1961	10	7	12
	111	89	138.750000	21.250000	9.479844e+04	4.203479e+01	-4.345327e+04	1961	10	7	18
	111	90	138.750000	22.500000	9.386931e+04	4.272062e+01	-4.738573e+04	1961	10	8	0
	110	91	137.500000	23.750000	9.420794e+04	4.033680e+01	-4.869982e+04	1961	10	8	6
	110	92	137.500000	25.000000	9.442910e+04	3.706996e+01	-4.471832e+04	1961	10	8	12
	110	93	137.500000	26.250000	9.483345e+04	4.144981e+01	-4.949416e+04	1961	10	8	18
	109	94	136.250000	27.500000	9.455202e+04	4.286221e+01	-5.037676e+04	1961	10	9	0
	110	96	137.500000	30.000000	9.525147e+04	4.083366e+01	-4.432606e+04	1961	10	9	6
	110	97	137.500000	31.250000	9.551687e+04	4.290188e+01	-4.089373e+04	1961	10	9	12
	111	99	138.750000	33.750000	9.667947e+04	3.454746e+01	-1.429810e+04	1961	10	9	18
	113	101	141.250000	36.250000	9.854219e+04	2.546921e+01	-9.983170e+03	1961	10	10	0
start	15	1961	10	5	12
	231	95	288.750000	28.750000	9.941560e+04	2.365536e+01	-5.330895e+04	1961	10	5	12
	232	96	290.000000	30.000000	9.936362e+04	2.327939e+01	-5.342663e+04	1961	10	5	18
	232	96	290.000000	30.000000	9.876572e+04	2.682244e+01	-5.342663e+04	1961	10	6	0
	233	97	291.250000	31.250000	9.896072e+04	2.757879e+01	-5.143588e+04	1961	10	6	6
	233	97	291.250000	31.250000	9.858095e+04	2.734600e+01	-5.143588e+04	1961	10	6	12
	234	98	292.500000	32.500000	9.827834e+04	3.276620e+01	-4.976875e+04	1961	10	6	18
	235	99	293.750000	33.750000	9.830745e+04	3.390357e+01	-5.028850e+04	1961	10	7	0
	235	99	293.750000	33.750000	9.768377e+04	3.000762e+01	-5.028850e+04	1961	10	7	6
	237	100	296.250000	35.000000	9.761062e+04	3.170326e+01	-4.952358e+04	1961	10	7	12
	237	102	296.250000	37.500000	9.789219e+04	3.489660e+01	-4.936668e+04	1961	10	7	18
	236	102	295.000000	37.500000	9.786306e+04	3.129740e+01	-4.895480e+04	1961	10	8	0
	236	104	295.000000	40.000000	9.853606e+04	3.079400e+01	-4.399263e+04	1961	10	8	6
	236	104	295.000000	40.000000	9.908223e+04	3.228676e+01	-4.399263e+04	1961	10	8	12
	236	105	295.000000	41.250000	9.978970e+04	2.263029e+01	-3.123418e+04	1961	10	8	18
	235	106	293.750000	42.500000	9.979265e+04	2.084530e+01	-2.255530e+03	1961	10	9	0
start	10	1961	10	29	6
	223	85	278.750000	16.250000	9.826670e+04	2.845696e+01	-2.647795e+03	1961	10	29	6
	223	86	278.750000	17.500000	9.821138e+04	3.115704e+01	-1.224851e+04	1961	10	29	12
	223	86	278.750000	17.500000	9.848452e+04	2.998203e+01	-1.224851e+04	1961	10	29	18
	222	87	277.500000	18.750000	9.825759e+04	3.013758e+01	-4.867040e+04	1961	10	30	0
	221	87	276.250000	18.750000	9.818991e+04	2.682507e+01	-1.846592e+04	1961	10	30	6
	220	87	275.000000	18.750000	9.798405e+04	3.114927e+01	-3.041042e+04	1961	10	30	12
	220	87	275.000000	18.750000	9.830373e+04	2.690828e+01	-3.041042e+04	1961	10	30	18
	219	86	273.750000	17.500000	9.796265e+04	3.066098e+01	-4.169788e+04	1961	10	31	0
	218	86	272.500000	17.500000	9.778677e+04	2.599846e+01	-6.237029e+03	1961	10	31	6
	218	86	272.500000	17.500000	9.831899e+04	2.135013e+01	-6.237029e+03	1961	10	31	12
start	22	1961	11	9	12
	120	86	150.000000	17.500000	9.915545e+04	1.853745e+01	-5.078864e+04	1961	11	9	12
	119	86	148.750000	17.500000	9.847493e+04	2.293694e+01	-3.768696e+04	1961	11	9	18
	118	86	147.500000	17.500000	9.823452e+04	2.834779e+01	-5.282842e+04	1961	11	10	0
	117	86	146.250000	17.500000	9.760430e+04	2.933033e+01	-2.529135e+04	1961	11	10	6
	116	86	145.000000	17.500000	9.745080e+04	3.386303e+01	-3.332300e+04	1961	11	10	12
	115	87	143.750000	18.750000	9.734388e+04	3.224570e+01	-3.701030e+04	1961	11	10	18
	114	86	142.500000	17.500000	9.722478e+04	3.517413e+01	-4.119774e+04	1961	11	11	0
	114	87	142.500000	18.750000	9.640911e+04	3.684510e+01	-3.350932e+04	1961	11	11	6
	113	87	141.250000	18.750000	9.665371e+04	3.609283e+01	-4.573821e+04	1961	11	11	12
	113	87	141.250000	18.750000	9.683230e+04	3.521955e+01	-4.573821e+04	1961	11	11	18
	112	88	140.000000	20.000000	9.650869e+04	3.647786e+01	-4.693462e+04	1961	11	12	0
	112	88	140.000000	20.000000	9.574014e+04	3.649710e+01	-4.693462e+04	1961	11	12	6
	112	88	140.000000	20.000000	9.673948e+04	3.667758e+01	-4.693462e+04	1961	11	12	12
	113	89	141.250000	21.250000	9.623049e+04	3.532658e+01	-4.210975e+04	1961	11	12	18
	114	89	142.500000	21.250000	9.639636e+04	3.588348e+01	-3.457825e+04	1961	11	13	0
	115	90	143.750000	22.500000	9.690405e+04	3.711930e+01	-3.708875e+04	1961	11	13	6
	116	90	145.000000	22.500000	9.704470e+04	3.349984e+01	-4.564996e+04	1961	11	13	12
	117	91	146.250000	23.750000	9.664316e+04	3.497922e+01	-5.782001e+04	1961	11	13	18
	118	92	147.500000	25.000000	9.741538e+04	3.459688e+01	-5.660398e+04	1961	11	14	0
	120	92	150.000000	25.000000	9.704055e+04	3.382652e+01	-5.630979e+04	1961	11	14	6
	122	93	152.500000	26.250000	9.736204e+04	3.339848e+01	-4.818988e+04	1961	11	14	12
	124	94	155.000000	27.500000	9.768952e+04	3.766789e+01	-5.954598e+04	1961	11	14	18
start	13	1961	12	8	12
	101	83	126.250000	13.750000	9.904014e+04	2.366379e+01	-5.362276e+04	1961	12	8	12
	100	83	125.000000	13.750000	9.870964e+04	2.423251e+01	-3.904027e+04	1961	12	8	18
	99	83	123.750000	13.750000	9.881877e+04	2.578272e+01	7.649187e+02	1961	12	9	0
	99	84	123.750000	15.000000	9.878411e+04	2.263924e+01	-6.227223e+03	1961	12	9	12
	99	84	123.750000	15.000000	9.877202e+04	2.271538e+01	-6.227223e+03	1961	12	9	18
	99	85	123.750000	16.250000	9.892263e+04	2.263637e+01	-3.757908e+04	1961	12	10	6
	100	85	125.000000	16.250000	9.856130e+04	2.410178e+01	-2.950821e+04	1961	12	10	18
	100	86	125.000000	17.500000	9.842627e+04	2.840999e+01	-3.574524e+04	1961	12	11	0
	99	86	123.750000	17.500000	9.821252e+04	2.832266e+01	-4.883712e+04	1961	12	11	6
	100	86	125.000000	17.500000	9.866241e+04	2.789986e+01	-3.574524e+04	1961	12	11	12
	100	87	125.000000	18.750000	9.827591e+04	2.706087e+01	-5.522125e+04	1961	12	11	18
	101	87	126.250000	18.750000	9.850830e+04	2.683643e+01	-5.550564e+04	1961	12	12	0
	101	88	126.250000	20.000000	9.866804e+04	2.881591e+01	-5.191641e+04	1961	12	12	6
start	16	1962	4	19	18
	113	83	141.250000	13.750000	9.756758e+04	2.785479e+01	-4.613048e+04	1962	4	19	18
	113	84	141.250000	15.000000	9.796091e+04	3.012895e+01	-4.710134e+04	1962	4	20	0
	113	84	141.250000	15.000000	9.753198e+04	3.151770e+01	-4.710134e+04	1962	4	20	6
	112	85	140.000000	16.250000	9.710540e+04	3.195204e+01	-4.522827e+04	1962	4	20	12
	112	86	140.000000	17.500000	9.695698e+04	3.462547e+01	-4.791529e+04	1962	4	20	18
	113	86	141.250000	17.500000	9.694744e+04	3.212355e+01	-4.679733e+04	1962	4	21	0
	113	87	141.250000	18.750000	9.660869e+04	3.555712e+01	-4.573821e+04	1962	4	21	6
	113	87	141.250000	18.750000	9.664761e+04	3.329462e+01	-4.573821e+04	1962	4	21	12
	115	89	143.750000	21.250000	9.649082e+04	3.557772e+01	-3.914815e+04	1962	4	21	18
	116	90	145.000000	22.500000	9.648841e+04	3.672790e+01	-4.564996e+04	1962	4	22	0
	118	91	147.500000	23.750000	9.681912e+04	3.367486e+01	-5.738852e+04	1962	4	22	6
	119	93	148.750000	26.250000	9.747800e+04	3.691651e+01	-6.163480e+04	1962	4	22	12
	120	97	150.000000	31.250000	9.753496e+04	2.821110e+01	-5.879087e+04	1962	4	23	0
	120	99	150.000000	33.750000	9.694282e+04	2.782207e+01	-5.934004e+04	1962	4	23	6
	120	99	150.000000	33.750000	9.763470e+04	2.439162e+01	-5.934004e+04	1962	4	23	12
	122	99	152.500000	33.750000	9.826140e+04	2.294915e+01	-5.913410e+04	1962	4	23	18
start	13	1962	7	23	18
	118	94	147.500000	27.500000	9.841636e+04	2.618904e+01	-5.679031e+04	1962	7	23	18
	117	94	146.250000	27.500000	9.856907e+04	2.532607e+01	-5.551545e+04	1962	7	24	0
	116	94	145.000000	27.500000	9.849739e+04	2.538227e+01	-5.262248e+04	1962	7	24	6
	114	95	142.500000	28.750000	9.819766e+04	2.610468e+01	-4.339443e+04	1962	7	24	18
	112	95	140.000000	28.750000	9.839512e+04	2.794835e+01	-2.675254e+04	1962	7	25	0
	111	96	138.750000	30.000000	9.831328e+04	2.829849e+01	-2.511483e+04	1962	7	25	12
	110	96	137.500000	30.000000	9.810073e+04	2.661999e+01	-4.432606e+04	1962	7	25	18
	110	96	137.500000	30.000000	9.854177e+04	2.795819e+01	-4.432606e+04	1962	7	26	0
	109	97	136.250000	31.250000	9.818530e+04	2.724932e+01	-4.266873e+04	1962	7	26	6
	109	97	136.250000	31.250000	9.853408e+04	2.574415e+01	-4.266873e+04	1962	7	26	12
	108	98	135.000000	32.500000	9.842725e+04	2.425309e+01	-4.339443e+04	1962	7	26	18
	108	98	135.000000	32.500000	9.843201e+04	2.458214e+01	-4.339443e+04	1962	7	27	0
	108	99	135.000000	33.750000	9.885764e+04	2.116455e+01	-9.904717e+02	1962	7	27	6
start	11	1962	8	3	12
	105	86	131.250000	17.500000	9.852656e+04	2.477414e+01	-5.795730e+04	1962	8	3	12
	104	87	130.000000	18.750000	9.813425e+04	2.595261e+01	-5.560371e+04	1962	8	3	18
	103	87	128.750000	18.750000	9.787485e+04	2.593868e+01	-5.059251e+04	1962	8	4	0
	102	88	127.500000	20.000000	9.739111e+04	2.946633e+01	-5.166143e+04	1962	8	4	6
	101	88	126.250000	20.000000	9.713962e+04	3.226216e+01	-5.191641e+04	1962	8	4	12
	100	89	125.000000	21.250000	9.667029e+04	3.334214e+01	-5.620191e+04	1962	8	4	18
	99	89	123.750000	21.250000	9.650686e+04	3.260061e+01	-4.935687e+04	1962	8	5	0
	99	90	123.750000	22.500000	9.623958e+04	3.483991e+01	-5.497608e+04	1962	8	5	6
	98	91	122.500000	23.750000	9.654663e+04	3.042950e+01	-3.025352e+04	1962	8	5	12
	97	92	121.250000	25.000000	9.674270e+04	3.369912e+01	9.708583e+02	1962	8	5	18
	96	93	120.000000	26.250000	9.763972e+04	2.967472e+01	-9.806650e+00	1962	8	6	0
start	34	1962	8	15	6
	117	87	146.250000	18.750000	9.869878e+04	2.263671e+01	-3.653958e+04	1962	8	15	6
	117	88	146.250000	20.000000	9.849427e+04	2.470893e+01	-3.495090e+04	1962	8	15	12
	117	89	146.250000	21.250000	9.775534e+04	2.761058e+01	-4.412993e+04	1962	8	15	18
	116	89	145.000000	21.250000	9.716658e+04	3.000689e+01	-1.999576e+04	1962	8	16	0
	116	90	145.000000	22.500000	9.613396e+04	3.483589e+01	-4.564996e+04	1962	8	16	6
	116	90	145.000000	22.500000	9.603657e+04	3.722686e+01	-4.564996e+04	1962	8	16	12
	116	92	145.000000	25.000000	9.536233e+04	4.185807e+01	-4.965107e+04	1962	8	16	18
	115	93	143.750000	26.250000	9.539314e+04	4.245555e+01	-3.154799e+04	1962	8	17	0
	115	94	143.750000	27.500000	9.434114e+04	4.645074e+01	-6.713633e+04	1962	8	17	6
	114	95	142.500000	28.750000	9.544451e+04	4.707591e+01	-4.339443e+04	1962	8	17	12
	114	96	142.500000	30.000000	9.555476e+04	4.199426e+01	-8.422932e+04	1962	8	17	18
	113	96	141.250000	30.000000	9.630237e+04	3.759933e+01	-3.679455e+04	1962	8	18	0
	113	97	141.250000	31.250000	9.627346e+04	3.636825e+01	-3.368584e+04	1962	8	18	6
	113	97	141.250000	31.250000	9.672893e+04	3.421798e+01	-3.368584e+04	1962	8	18	12
	112	98	140.000000	32.500000	9.789917e+04	3.220430e+01	-9.747811e+03	1962	8	18	18
	113	98	141.250000	32.500000	9.768305e+04	2.944539e+01	-2.719384e+04	1962	8	19	0
	113	98	141.250000	32.500000	9.750454e+04	3.160723e+01	-2.719384e+04	1962	8	19	6
	113	98	141.250000	32.500000	9.774248e+04	2.869722e+01	-2.719384e+04	1962	8	19	12
	113	99	141.250000	33.750000	9.762024e+04	2.957974e+01	-4.129580e+04	1962	8	19	18
	113	99	141.250000	33.750000	9.750816e+04	3.256979e+01	-4.129580e+04	1962	8	20	0
	113	99	141.250000	33.750000	9.785391e+04	3.165287e+01	-4.129580e+04	1962	8	20	6
	114	100	142.500000	35.000000	9.761235e+04	3.057068e+01	-6.373342e+04	1962	8	20	12
	114	101	142.500000	36.250000	9.789126e+04	2.891400e+01	-5.539777e+04	1962	8	20	18
	115	101	143.750000	36.250000	9.762923e+04	2.816154e+01	-5.413271e+04	1962	8	21	0
	116	102	145.000000	37.500000	9.754605e+04	2.869714e+01	-5.581945e+04	1962	8	21	6
	117	102	146.250000	37.500000	9.788752e+04	2.694759e+01	-5.446613e+04	1962	8	21	12
	118	103	147.500000	38.750000	9.799023e+04	3.002706e+01	-5.526047e+04	1962	8	21	18
	120	103	150.000000	38.750000	9.833865e+04	2.738599e+01	-5.193602e+04	1962	8	22	0
	123	104	153.750000	40.000000	9.839288e+04	2.964809e+01	-5.538796e+04	1962	8	22	6
	125	105	156.250000	41.250000	9.874780e+04	2.415417e+01	-5.444652e+04	1962	8	22	12
	128	105	160.000000	41.250000	9.862012e+04	2.565376e+01	-5.476033e+04	1962	8	22	18
	131	105	163.750000	41.250000	9.854614e+04	2.385062e+01	-4.600300e+04	1962	8	23	0
	134	105	167.500000	41.250000	9.868709e+04	2.414284e+01	-5.390716e+04	1962	8	23	6
	137	106	171.250000	42.500000	9.894412e+04	1.762979e+01	-5.723161e+04	1962	8	23	12
start	18	1962	9	1	6
	107	87	133.750000	18.750000	9.747710e+04	2.699867e+01	-5.971269e+04	1962	9	1	6
	106	87	132.500000	18.750000	9.693056e+04	3.054819e+01	-5.853589e+04	1962	9	1	12
	105	87	131.250000	18.750000	9.606211e+04	3.135782e+01	-6.146808e+04	1962	9	1	18
	104	87	130.000000	18.750000	9.608001e+04	3.177134e+01	-5.560371e+04	1962	9	2	0
	104	87	130.000000	18.750000	9.563027e+04	3.426882e+01	-5.560371e+04	1962	9	2	6
	103	87	128.750000	18.750000	9.572815e+04	3.365031e+01	-5.059251e+04	1962	9	2	12
	103	87	128.750000	18.750000	9.528923e+04	3.418881e+01	-5.059251e+04	1962	9	2	18
	103	87	128.750000	18.750000	9.547073e+04	3.659061e+01	-5.059251e+04	1962	9	3	0
	102	87	127.500000	18.750000	9.535850e+04	3.801395e+01	-4.806239e+04	1962	9	3	6
	102	88	127.500000	20.000000	9.496880e+04	3.918059e+01	-5.166143e+04	1962	9	3	12
	101	88	126.250000	20.000000	9.456788e+04	3.981219e+01	-5.191641e+04	1962	9	3	18
	100	88	125.000000	20.000000	9.514004e+04	4.301454e+01	-5.751600e+04	1962	9	4	0
	100	89	125.000000	21.250000	9.446052e+04	4.094753e+01	-5.620191e+04	1962	9	4	6
	99	90	123.750000	22.500000	9.543860e+04	3.923224e+01	-5.497608e+04	1962	9	4	12
	99	90	123.750000	22.500000	9.538684e+04	3.934421e+01	-5.497608e+04	1962	9	4	18
	98	91	122.500000	23.750000	9.624948e+04	2.992396e+01	-3.025352e+04	1962	9	5	0
	97	92	121.250000	25.000000	9.671487e+04	3.019499e+01	9.708583e+02	1962	9	5	6
	96	92	120.000000	25.000000	9.739820e+04	2.820392e+01	-6.276256e+02	1962	9	5	12
start	34	1962	10	3	12
	118	86	147.500000	17.500000	9.779067e+04	2.648523e+01	-5.282842e+04	1962	10	3	12
	117	87	146.250000	18.750000	9.735278e+04	2.827040e+01	-3.653958e+04	1962	10	3	18
	117	87	146.250000	18.750000	9.708084e+04	2.866561e+01	-3.653958e+04	1962	10	4	0
	117	88	146.250000	20.000000	9.657608e+04	3.157957e+01	-3.495090e+04	1962	10	4	6
	117	89	146.250000	21.250000	9.703157e+04	2.987518e+01	-4.412993e+04	1962	10	4	12
	116	89	145.000000	21.250000	9.619089e+04	3.638665e+01	-1.999576e+04	1962	10	4	18
	116	90	145.000000	22.500000	9.632654e+04	3.488750e+01	-4.564996e+04	1962	10	5	0
	116	90	145.000000	22.500000	9.537280e+04	3.755010e+01	-4.564996e+04	1962	10	5	6
	115	90	143.750000	22.500000	9.513791e+04	3.742422e+01	-3.708875e+04	1962	10	5	12
	116	91	145.000000	23.750000	9.554627e+04	3.781589e+01	-5.510357e+04	1962	10	5	18
	116	91	145.000000	23.750000	9.459788e+04	3.983142e+01	-5.510357e+04	1962	10	6	0
	116	91	145.000000	23.750000	9.441277e+04	3.989674e+01	-5.510357e+04	1962	10	6	6
	117	91	146.250000	23.750000	9.542038e+04	3.689899e+01	-5.782001e+04	1962	10	6	12
	117	91	146.250000	23.750000	9.510530e+04	3.646541e+01	-5.782001e+04	1962	10	6	18
	118	91	147.500000	23.750000	9.589353e+04	3.387764e+01	-5.738852e+04	1962	10	7	0
	118	91	147.500000	23.750000	9.548899e+04	3.719652e+01	-5.738852e+04	1962	10	7	6
	118	91	147.500000	23.750000	9.582239e+04	3.581425e+01	-5.738852e+04	1962	10	7	12
	119	91	148.750000	23.750000	9.548159e+04	3.584550e+01	-2.979260e+04	1962	10	7	18
	119	91	148.750000	23.750000	9.551233e+04	3.531758e+01	-2.979260e+04	1962	10	8	0
	120	91	150.000000	23.750000	9.544705e+04	3.552071e+01	-5.435826e+04	1962	10	8	6
	120	91	150.000000	23.750000	9.550930e+04	3.622749e+01	-5.435826e+04	1962	10	8	12
	121	91	151.250000	23.750000	9.577917e+04	3.558080e+01	-5.629998e+04	1962	10	8	18
	122	91	152.500000	23.750000	9.558838e+04	3.487177e+01	-5.167124e+04	1962	10	9	0
	123	91	153.750000	23.750000	9.568870e+04	3.733202e+01	-4.704250e+04	1962	10	9	6
	124	92	155.000000	25.000000	9.586081e+04	3.537812e+01	-5.563312e+04	1962	10	9	12
	125	93	156.250000	26.250000	9.579175e+04	3.598425e+01	-5.931062e+04	1962	10	9	18
	125	94	156.250000	27.500000	9.593218e+04	3.561602e+01	-5.964405e+04	1962	10	10	0
	127	95	158.750000	28.750000	9.545905e+04	3.905984e+01	-5.828092e+04	1962	10	10	6
	128	97	160.000000	31.250000	9.558628e+04	3.300381e+01	-4.594416e+04	1962	10	10	12
	129	99	161.250000	33.750000	9.549468e+04	3.745286e+01	-5.072980e+04	1962	10	10	18
	130	100	162.500000	35.000000	9.561760e+04	3.720046e+01	-5.325992e+04	1962	10	11	0
	132	101	165.000000	36.250000	9.559963e+04	3.416453e+01	-5.396600e+04	1962	10	11	6
	134	103	167.500000	38.750000	9.611079e+04	3.707510e+01	-5.613327e+04	1962	10	11	12
	136	105	170.000000	41.250000	9.568601e+04	3.129337e+01	-4.134484e+04	1962	10	11	18
start	17	1962	10	4	6
	234	91	292.500000	23.750000	9.962295e+04	2.073072e+01	-5.646669e+04	1962	10	4	6
	232	92	290.000000	25.000000	9.929216e+04	2.395761e+01	-5.453478e+04	1962	10	5	0
	232	93	290.000000	26.250000	9.881968e+04	2.418144e+01	-5.389735e+04	1962	10	5	6
	232	94	290.000000	27.500000	9.854416e+04	2.763773e+01	-5.360315e+04	1962	10	5	12
	232	94	290.000000	27.500000	9.837127e+04	3.016688e+01	-5.360315e+04	1962	10	5	18
	233	95	291.250000	28.750000	9.817288e+04	2.863711e+01	-5.163201e+04	1962	10	6	0
	233	97	291.250000	31.250000	9.805964e+04	3.035358e+01	-5.143588e+04	1962	10	6	6
	234	98	292.500000	32.500000	9.775163e+04	3.453845e+01	-4.976875e+04	1962	10	6	12
	234	100	292.500000	35.000000	9.743342e+04	3.276979e+01	-5.104361e+04	1962	10	6	18
	235	101	293.750000	36.250000	9.726853e+04	3.163029e+01	-4.892538e+04	1962	10	7	0
	236	104	295.000000	40.000000	9.678899e+04	3.179785e+01	-4.399263e+04	1962	10	7	6
	235	106	293.750000	42.500000	9.646614e+04	3.331156e+01	-2.255530e+03	1962	10	7	12
	234	107	292.500000	43.750000	9.690034e+04	2.843353e+01	-2.245723e+03	1962	10	7	18
	234	106	292.500000	42.500000	9.771233e+04	2.255621e+01	-2.726249e+03	1962	10	8	0
	236	107	295.000000	43.750000	9.785017e+04	1.673744e+01	-1.716752e-11	1962	10	8	6
	239	108	298.750000	45.000000	9.851042e+04	1.528365e+01	-1.363124e+03	1962	10	8	18
	241	108	301.250000	45.000000	9.889775e+04	1.527682e+01	-1.372931e+03	1962	10	9	0
start	25	1962	10	4	12
	131	90	163.750000	22.500000	9.875970e+04	2.070731e+01	-5.366199e+04	1962	10	4	12
	131	90	163.750000	22.500000	9.834714e+04	2.287733e+01	-5.366199e+04	1962	10	4	18
	131	90	163.750000	22.500000	9.824216e+04	2.633969e+01	-5.366199e+04	1962	10	5	0
	131	91	163.750000	23.750000	9.799780e+04	2.831001e+01	-5.616268e+04	1962	10	5	6
	130	91	162.500000	23.750000	9.763479e+04	2.745543e+01	-5.039638e+04	1962	10	5	12
	130	91	162.500000	23.750000	9.720564e+04	3.012050e+01	-5.039638e+04	1962	10	5	18
	130	91	162.500000	23.750000	9.730412e+04	2.915386e+01	-5.039638e+04	1962	10	6	0
	130	92	162.500000	25.000000	9.692839e+04	3.087116e+01	-5.594694e+04	1962	10	6	6
	130	92	162.500000	25.000000	9.683913e+04	3.040655e+01	-5.594694e+04	1962	10	6	12
	131	92	163.750000	25.000000	9.708030e+04	3.197581e+01	-5.583907e+04	1962	10	6	18
	130	93	162.500000	26.250000	9.717166e+04	3.090018e+01	-5.679031e+04	1962	10	7	0
	131	93	163.750000	26.250000	9.662337e+04	3.427328e+01	-5.820247e+04	1962	10	7	6
	131	93	163.750000	26.250000	9.711614e+04	3.305153e+01	-5.820247e+04	1962	10	7	12
	131	94	163.750000	27.500000	9.685972e+04	3.418111e+01	-5.730026e+04	1962	10	7	18
	131	95	163.750000	28.750000	9.724358e+04	3.343975e+01	-5.836918e+04	1962	10	8	0
	131	96	163.750000	30.000000	9.767205e+04	3.094343e+01	-5.853589e+04	1962	10	8	6
	132	97	165.000000	31.250000	9.808430e+04	2.700772e+01	-5.703548e+04	1962	10	8	12
	133	97	166.250000	31.250000	9.841355e+04	2.876399e+01	-6.078162e+04	1962	10	8	18
	134	98	167.500000	32.500000	9.849462e+04	3.002505e+01	-5.847705e+04	1962	10	9	0
	135	99	168.750000	33.750000	9.842620e+04	2.814486e+01	-5.462304e+04	1962	10	9	6
	136	101	170.000000	36.250000	9.866706e+04	2.521726e+01	-4.827814e+04	1962	10	9	12
	137	102	171.250000	37.500000	9.877300e+04	2.340791e+01	-4.568918e+04	1962	10	9	18
	138	103	172.500000	38.750000	9.865405e+04	2.522153e+01	-5.728064e+04	1962	10	10	0
	139	104	173.750000	40.000000	9.872468e+04	2.217330e+01	-4.465948e+04	1962	10	10	6
	132	101	165.000000	36.250000	9.559963e+04	3.416453e+01	-5.396600e+04	1962	10	11	6
start	27	1962	10	18	0
	228	95	285.000000	28.750000	9.877659e+04	1.953509e+01	-4.814084e+04	1962	10	18	0
	227	96	283.750000	30.000000	9.859548e+04	2.200328e+01	-2.265336e+04	1962	10	18	6
	227	96	283.750000	30.000000	9.825762e+04	2.281487e+01	-2.265336e+04	1962	10	18	12
	227	96	283.750000	30.000000	9.808481e+04	2.561835e+01	-2.265336e+04	1962	10	18	18
	227	96	283.750000	30.000000	9.817817e+04	2.852477e+01	-2.265336e+04	1962	10	19	0
	228	97	285.000000	31.250000	9.803757e+04	2.654752e+01	-3.203833e+04	1962	10	19	6
	228	97	285.000000	31.250000	9.802392e+04	2.763648e+01	-3.203833e+04	1962	10	19	12
	229	97	286.250000	31.250000	9.746150e+04	2.723833e+01	-5.011198e+04	1962	10	19	18
	230	98	287.500000	32.500000	9.756028e+04	2.897197e+01	-5.243616e+04	1962	10	20	0
	231	98	288.750000	32.500000	9.716621e+04	2.942046e+01	-5.298533e+04	1962	10	20	6
	231	99	288.750000	33.750000	9.719773e+04	2.928618e+01	-5.235770e+04	1962	10	20	12
	232	100	290.000000	35.000000	9.691860e+04	3.033558e+01	-5.001391e+04	1962	10	20	18
	233	100	291.250000	35.000000	9.668977e+04	3.250898e+01	-5.133781e+04	1962	10	21	0
	235	101	293.750000	36.250000	9.685595e+04	3.112594e+01	-4.892538e+04	1962	10	21	6
	236	102	295.000000	37.500000	9.701614e+04	3.256758e+01	-4.895480e+04	1962	10	21	12
	238	102	297.500000	37.500000	9.679109e+04	3.246863e+01	-4.972952e+04	1962	10	21	18
	240	103	300.000000	38.750000	9.694360e+04	3.114331e+01	-5.056309e+04	1962	10	22	0
	243	105	303.750000	41.250000	9.712485e+04	3.333876e+01	-4.949416e+04	1962	10	22	6
	246	107	307.500000	43.750000	9.737949e+04	2.537152e+01	-6.325289e+03	1962	10	22	12
	250	109	312.500000	46.250000	9.711909e+04	2.761914e+01	-2.687022e+03	1962	10	22	18
	254	112	317.500000	50.000000	9.717847e+04	3.176333e+01	-4.263931e+04	1962	10	23	0
	256	115	320.000000	53.750000	9.692166e+04	2.532010e+01	-3.116553e+04	1962	10	23	6
	257	116	321.250000	55.000000	9.672715e+04	2.894187e+01	-2.818431e+04	1962	10	23	12
	259	118	323.750000	57.500000	9.687309e+04	2.662432e+01	-2.616414e+04	1962	10	23	18
	261	118	326.250000	57.500000	9.694792e+04	2.814573e+01	-1.162088e+04	1962	10	24	0
	264	118	330.000000	57.500000	9.744095e+04	2.609446e+01	-2.395765e+04	1962	10	24	6
	268	117	335.000000	56.250000	9.787786e+04	2.518629e+01	-3.153819e+04	1962	10	24	12
start	25	1962	10	24	6
	105	85	131.250000	16.250000	9.847845e+04	2.076049e+01	-4.934706e+04	1962	10	24	6
	104	85	130.000000	16.250000	9.842786e+04	2.560471e+01	-4.800355e+04	1962	10	24	12
	103	84	128.750000	15.000000	9.815869e+04	2.660867e+01	-5.486821e+04	1962	10	25	0
	102	84	127.500000	15.000000	9.783071e+04	2.880502e+01	-5.319127e+04	1962	10	25	6
	101	84	126.250000	15.000000	9.806377e+04	3.001133e+01	-5.375025e+04	1962	10	25	12
	101	85	126.250000	16.250000	9.751634e+04	3.121271e+01	-4.302177e+04	1962	10	25	18
	100	85	125.000000	16.250000	9.806907e+04	3.243330e+01	-2.950821e+04	1962	10	26	0
	100	85	125.000000	16.250000	9.787910e+04	3.087076e+01	-2.950821e+04	1962	10	26	6
	100	86	125.000000	17.500000	9.786848e+04	3.186974e+01	-3.574524e+04	1962	10	26	12
	100	86	125.000000	17.500000	9.740896e+04	3.145304e+01	-3.574524e+04	1962	10	26	18
	100	86	125.000000	17.500000	9.814062e+04	3.060483e+01	-3.574524e+04	1962	10	27	0
	101	87	126.250000	18.750000	9.759880e+04	2.909315e+01	-5.550564e+04	1962	10	27	6
	101	87	126.250000	18.750000	9.736680e+04	2.957391e+01	-5.550564e+04	1962	10	27	12
	102	87	127.500000	18.750000	9.728659e+04	3.004959e+01	-4.806239e+04	1962	10	27	18
	103	88	128.750000	20.000000	9.759655e+04	3.125346e+01	-5.608423e+04	1962	10	28	0
	103	89	128.750000	21.250000	9.736514e+04	2.968598e+01	-5.026889e+04	1962	10	28	6
	104	89	130.000000	21.250000	9.783542e+04	3.318475e+01	-5.557429e+04	1962	10	28	12
	105	90	131.250000	22.500000	9.716230e+04	3.078882e+01	-5.749639e+04	1962	10	28	18
	106	90	132.500000	22.500000	9.758577e+04	2.872046e+01	-5.560371e+04	1962	10	29	0
	107	91	133.750000	23.750000	9.741888e+04	2.629168e+01	-4.392398e+04	1962	10	29	6
	108	92	135.000000	25.000000	9.769053e+04	2.588485e+01	-5.182814e+04	1962	10	29	12
	109	93	136.250000	26.250000	9.772295e+04	2.907626e+01	-4.746419e+04	1962	10	29	18
	111	94	138.750000	27.500000	9.787509e+04	2.739050e+01	-4.430645e+04	1962	10	30	0
	113	96	141.250000	30.000000	9.786484e+04	3.163651e+01	-3.679455e+04	1962	10	30	6
	116	98	145.000000	32.500000	9.790642e+04	3.289917e+01	-4.763090e+04	1962	10	30	12
start	31	1962	11	9	6
	123	81	153.750000	11.250000	9.698889e+04	2.878672e+01	-5.704528e+04	1962	11	9	6
	123	82	153.750000	12.500000	9.610534e+04	3.576009e+01	-5.929101e+04	1962	11	9	18
	122	81	152.500000	11.250000	9.595503e+04	3.598626e+01	-5.758465e+04	1962	11	10	0
	122	82	152.500000	12.500000	9.557005e+04	4.021609e+01	-5.864377e+04	1962	11	10	6
	121	82	151.250000	12.500000	9.553418e+04	3.633584e+01	-5.781020e+04	1962	11	10	12
	120	82	150.000000	12.500000	9.537061e+04	4.093136e+01	-5.880067e+04	1962	11	10	18
	119	82	148.750000	12.500000	9.602569e+04	4.070778e+01	-5.694721e+04	1962	11	11	0
	117	83	146.250000	13.750000	9.528071e+04	4.222317e+01	-5.927139e+04	1962	11	11	6
	116	83	145.000000	13.750000	9.547873e+04	3.853299e+01	-8.924052e+03	1962	11	11	12
	114	83	142.500000	13.750000	9.636148e+04	3.515909e+01	-2.415378e+04	1962	11	11	18
	113	83	141.250000	13.750000	9.596609e+04	3.861382e+01	-4.613048e+04	1962	11	12	0
	112	84	140.000000	15.000000	9.535845e+04	3.652552e+01	-4.844485e+04	1962	11	12	6
	111	84	138.750000	15.000000	9.475616e+04	3.827995e+01	-4.841543e+04	1962	11	12	12
	110	84	137.500000	15.000000	9.497585e+04	4.093952e+01	-4.765051e+04	1962	11	12	18
	109	84	136.250000	15.000000	9.529512e+04	3.752469e+01	-5.086709e+04	1962	11	13	0
	107	85	133.750000	16.250000	9.433980e+04	3.850453e+01	-5.274016e+04	1962	11	13	6
	106	86	132.500000	17.500000	9.508894e+04	4.188955e+01	-5.831034e+04	1962	11	13	12
	105	86	131.250000	17.500000	9.399514e+04	4.213707e+01	-5.795730e+04	1962	11	13	18
	104	87	130.000000	18.750000	9.461206e+04	3.747668e+01	-5.560371e+04	1962	11	14	0
	103	87	128.750000	18.750000	9.442708e+04	4.145800e+01	-5.059251e+04	1962	11	14	6
	103	88	128.750000	20.000000	9.464466e+04	3.863742e+01	-5.608423e+04	1962	11	14	12
	103	89	128.750000	21.250000	9.483379e+04	3.895263e+01	-5.026889e+04	1962	11	14	18
	103	90	128.750000	22.500000	9.554959e+04	3.665723e+01	-3.668668e+04	1962	11	15	0
	103	91	128.750000	23.750000	9.567795e+04	3.317636e+01	-5.602539e+04	1962	11	15	6
	104	92	130.000000	25.000000	9.602671e+04	3.341175e+01	-4.511059e+04	1962	11	15	12
	105	93	131.250000	26.250000	9.581888e+04	3.279249e+01	-3.107727e+04	1962	11	15	18
	107	94	133.750000	27.500000	9.625415e+04	3.381227e+01	-4.648352e+04	1962	11	16	0
	109	96	136.250000	30.000000	9.649360e+04	3.452996e+01	-4.295313e+04	1962	11	16	6
	111	96	138.750000	30.000000	9.698913e+04	3.256667e+01	-2.511483e+04	1962	11	16	12
	113	97	141.250000	31.250000	9.749236e+04	3.168044e+01	-3.368584e+04	1962	11	16	18
	116	98	145.000000	32.500000	9.816538e+04	2.865050e+01	-4.763090e+04	1962	11	17	0
start	12	1963	1	14	18
	47	59	58.750000	-16.250000	9.900759e+04	2.518074e+01	-2.413417e+04	1963	1	14	18
	45	59	56.250000	-16.250000	9.843227e+04	2.758170e+01	-4.473794e+04	1963	1	15	0
	45	59	56.250000	-16.250000	9.842088e+04	2.700208e+01	-4.473794e+04	1963	1	15	6
	44	58	55.000000	-17.500000	9.795261e+04	2.773697e+01	-4.592454e+04	1963	1	15	12
	43	58	53.750000	-17.500000	9.792878e+04	2.769102e+01	-4.683656e+04	1963	1	15	18
	42	58	52.500000	-17.500000	9.773877e+04	3.103822e+01	-4.682675e+04	1963	1	16	0
	42	57	52.500000	-18.750000	9.784477e+04	3.082463e+01	-4.837620e+04	1963	1	16	6
	41	57	51.250000	-18.750000	9.757012e+04	2.912718e+01	-4.647371e+04	1963	1	16	12
	41	57	51.250000	-18.750000	9.812448e+04	2.893167e+01	-4.647371e+04	1963	1	16	18
	40	56	50.000000	-20.000000	9.837637e+04	2.574329e+01	-4.223724e+04	1963	1	17	0
	40	56	50.000000	-20.000000	9.890022e+04	2.880441e+01	-4.223724e+04	1963	1	17	6
	40	55	50.000000	-21.250000	9.895427e+04	2.104881e+01	-4.572841e+04	1963	1	17	12
start	12	1963	3	11	18
	148	58	185.000000	-17.500000	9.865612e+04	2.369540e+01	-2.331041e+04	1963	3	11	18
	147	57	183.750000	-18.750000	9.838086e+04	2.525828e+01	-2.309466e+04	1963	3	12	12
	147	56	183.750000	-20.000000	9.835478e+04	2.559934e+01	-2.540903e+04	1963	3	12	18
	148	56	185.000000	-20.000000	9.838084e+04	2.681188e+01	-1.695570e+04	1963	3	13	0
	148	55	185.000000	-21.250000	9.825295e+04	2.511195e+01	-4.452219e+03	1963	3	13	6
	148	55	185.000000	-21.250000	9.825198e+04	2.444063e+01	-4.452219e+03	1963	3	13	12
	151	55	188.750000	-21.250000	9.819368e+04	2.684867e+01	-5.545661e+04	1963	3	14	12
	153	54	191.250000	-22.500000	9.811919e+04	2.436646e+01	-5.487801e+04	1963	3	15	0
	154	54	192.500000	-22.500000	9.826841e+04	2.418398e+01	-5.692760e+04	1963	3	15	6
	155	53	193.750000	-23.750000	9.838272e+04	2.580989e+01	-5.667263e+04	1963	3	15	12
	157	53	196.250000	-23.750000	9.841040e+04	2.517012e+01	-5.286765e+04	1963	3	15	18
	158	52	197.500000	-25.000000	9.835896e+04	2.460197e+01	-5.158298e+04	1963	3	16	0
start	28	1963	4	28	18
	115	82	143.750000	12.500000	9.831565e+04	2.531255e+01	-3.690243e+04	1963	4	28	18
	115	82	143.750000	12.500000	9.838762e+04	2.629998e+01	-3.690243e+04	1963	4	29	0
	115	83	143.750000	13.750000	9.813535e+04	2.749614e+01	-3.540201e+04	1963	4	29	6
	116	84	145.000000	15.000000	9.769729e+04	2.881005e+01	-2.684080e+04	1963	4	29	18
	116	84	145.000000	15.000000	9.805491e+04	3.084360e+01	-2.684080e+04	1963	4	30	0
	117	85	146.250000	16.250000	9.780664e+04	2.828617e+01	-2.325157e+04	1963	4	30	6
	117	85	146.250000	16.250000	9.773474e+04	2.948153e+01	-2.325157e+04	1963	4	30	12
	118	86	147.500000	17.500000	9.786866e+04	2.797979e+01	-5.282842e+04	1963	4	30	18
	118	86	147.500000	17.500000	9.758655e+04	2.926784e+01	-5.282842e+04	1963	5	1	0
	119	87	148.750000	18.750000	9.735252e+04	3.097873e+01	-3.126360e+04	1963	5	1	6
	119	87	148.750000	18.750000	9.761274e+04	2.717860e+01	-3.126360e+04	1963	5	1	12
	120	88	150.000000	20.000000	9.726394e+04	2.947920e+01	-2.857658e+04	1963	5	1	18
	120	89	150.000000	21.250000	9.742830e+04	2.835659e+01	-5.613327e+04	1963	5	2	0
	121	89	151.250000	21.250000	9.688145e+04	2.992145e+01	-5.685896e+04	1963	5	2	6
	122	90	152.500000	22.500000	9.746827e+04	2.801075e+01	-5.496627e+04	1963	5	2	12
	123	91	153.750000	23.750000	9.721814e+04	3.013328e+01	-4.704250e+04	1963	5	2	18
	123	92	153.750000	25.000000	9.787334e+04	2.775863e+01	-5.517221e+04	1963	5	3	0
	124	92	155.000000	25.000000	9.751587e+04	2.742398e+01	-5.563312e+04	1963	5	3	6
	125	93	156.250000	26.250000	9.774751e+04	2.744683e+01	-5.931062e+04	1963	5	3	12
	127	93	158.750000	26.250000	9.757407e+04	2.866183e+01	-5.357373e+04	1963	5	3	18
	128	93	160.000000	26.250000	9.792114e+04	2.824003e+01	-5.897719e+04	1963	5	4	0
	130	93	162.500000	26.250000	9.807956e+04	2.681438e+01	-5.679031e+04	1963	5	4	6
	131	94	163.750000	27.500000	9.805484e+04	2.888774e+01	-5.730026e+04	1963	5	4	12
	132	95	165.000000	28.750000	9.810891e+04	2.981480e+01	-5.745716e+04	1963	5	4	18
	134	95	167.500000	28.750000	9.856159e+04	2.739232e+01	-5.632940e+04	1963	5	5	0
	135	96	168.750000	30.000000	9.861623e+04	2.976922e+01	-5.627056e+04	1963	5	5	6
	137	97	171.250000	31.250000	9.896650e+04	2.736381e+01	-5.431904e+04	1963	5	5	12
	138	98	172.500000	32.500000	9.899519e+04	2.824520e+01	-3.964829e+04	1963	5	5	18
start	19	1963	6	14	18
	105	84	131.250000	15.000000	9.788791e+04	2.430441e+01	-5.826131e+04	1963	6	14	18
	105	84	131.250000	15.000000	9.776030e+04	2.550217e+01	-5.826131e+04	1963	6	15	0
	105	85	131.250000	16.250000	9.744631e+04	3.003642e+01	-4.934706e+04	1963	6	15	6
	105	85	131.250000	16.250000	9.720950e+04	3.027381e+01	-4.934706e+04	1963	6	15	12
	104	86	130.000000	17.500000	9.723264e+04	2.962105e+01	-5.330895e+04	1963	6	15	18
	103	87	128.750000	18.750000	9.677617e+04	3.295796e+01	-5.059251e+04	1963	6	16	6
	103	87	128.750000	18.750000	9.652178e+04	3.405634e+01	-5.059251e+04	1963	6	16	12
	102	88	127.500000	20.000000	9.676059e+04	3.448450e+01	-5.166143e+04	1963	6	16	18
	102	88	127.500000	20.000000	9.695811e+04	3.450753e+01	-5.166143e+04	1963	6	17	0
	102	89	127.500000	21.250000	9.703194e+04	3.526627e+01	-3.955022e+04	1963	6	17	6
	102	90	127.500000	22.500000	9.733704e+04	3.481675e+01	-5.607443e+04	1963	6	17	12
	101	91	126.250000	23.750000	9.702046e+04	3.305513e+01	-5.574100e+04	1963	6	17	18
	100	92	125.000000	25.000000	9.716484e+04	3.353305e+01	-1.320956e+04	1963	6	18	0
	100	93	125.000000	26.250000	9.711152e+04	3.413818e+01	-1.324878e+04	1963	6	18	6
	100	94	125.000000	27.500000	9.745476e+04	3.111962e+01	-9.610517e+02	1963	6	18	12
	99	94	123.750000	27.500000	9.736670e+04	2.957302e+01	-9.512451e+02	1963	6	18	18
	99	97	123.750000	31.250000	9.833081e+04	2.549319e+01	-2.059397e+02	1963	6	19	6
	100	97	125.000000	31.250000	9.854427e+04	2.452449e+01	-4.903325e+02	1963	6	19	12
	101	99	126.250000	33.750000	9.862517e+04	1.894614e+01	-1.147378e+03	1963	6	19	18
start	19	1963	7	11	12
	115	82	143.750000	12.500000	9.891448e+04	2.470389e+01	-3.690243e+04	1963	7	11	12
	114	83	142.500000	13.750000	9.834983e+04	2.506837e+01	-2.415378e+04	1963	7	11	18
	113	83	141.250000	13.750000	9.842517e+04	2.695334e+01	-4.613048e+04	1963	7	12	0
	113	84	141.250000	15.000000	9.778906e+04	2.851521e+01	-4.710134e+04	1963	7	12	6
	112	85	140.000000	16.250000	9.765955e+04	3.074720e+01	-4.522827e+04	1963	7	12	12
	111	85	138.750000	16.250000	9.682705e+04	3.123032e+01	-4.465948e+04	1963	7	12	18
	110	86	137.500000	17.500000	9.695720e+04	3.609795e+01	-4.579705e+04	1963	7	13	0
	109	86	136.250000	17.500000	9.620664e+04	3.464495e+01	-4.989623e+04	1963	7	13	6
	108	87	135.000000	18.750000	9.626448e+04	3.750853e+01	-5.540757e+04	1963	7	13	12
	107	87	133.750000	18.750000	9.607873e+04	3.503233e+01	-5.971269e+04	1963	7	13	18
	105	88	131.250000	20.000000	9.627954e+04	3.789354e+01	-5.822208e+04	1963	7	14	0
	104	88	130.000000	20.000000	9.585141e+04	3.562145e+01	-5.650592e+04	1963	7	14	6
	103	88	128.750000	20.000000	9.622195e+04	3.852087e+01	-5.608423e+04	1963	7	14	12
	102	88	127.500000	20.000000	9.587327e+04	3.396601e+01	-5.166143e+04	1963	7	14	18
	101	88	126.250000	20.000000	9.670027e+04	3.514087e+01	-5.191641e+04	1963	7	15	0
	100	89	125.000000	21.250000	9.613330e+04	3.526060e+01	-5.620191e+04	1963	7	15	6
	100	89	125.000000	21.250000	9.682429e+04	3.534838e+01	-5.620191e+04	1963	7	15	12
	99	90	123.750000	22.500000	9.620752e+04	3.501153e+01	-5.497608e+04	1963	7	15	18
	98	91	122.500000	23.750000	9.697925e+04	3.421951e+01	-3.025352e+04	1963	7	16	0
start	23	1963	8	3	18
	110	87	137.500000	18.750000	9.828127e+04	2.681770e+01	-5.098477e+04	1963	8	3	18
	109	88	136.250000	20.000000	9.809512e+04	2.698286e+01	-3.398004e+04	1963	8	4	0
	110	88	137.500000	20.000000	9.711282e+04	3.110843e+01	-3.957964e+04	1963	8	4	6
	109	89	136.250000	21.250000	9.664319e+04	3.422029e+01	-4.870963e+04	1963	8	4	12
	109	89	136.250000	21.250000	9.610545e+04	3.735970e+01	-4.870963e+04	1963	8	4	18
	109	89	136.250000	21.250000	9.601035e+04	3.708850e+01	-4.870963e+04	1963	8	5	0
	109	90	136.250000	22.500000	9.547146e+04	4.057752e+01	-5.133781e+04	1963	8	5	6
	109	90	136.250000	22.500000	9.571441e+04	3.952242e+01	-5.133781e+04	1963	8	5	12
	110	91	137.500000	23.750000	9.539080e+04	3.993494e+01	-4.869982e+04	1963	8	5	18
	109	92	136.250000	25.000000	9.520998e+04	3.840630e+01	-4.269815e+04	1963	8	6	0
	109	93	136.250000	26.250000	9.532566e+04	3.959225e+01	-4.746419e+04	1963	8	6	6
	108	93	135.000000	26.250000	9.541775e+04	3.652201e+01	-4.581667e+04	1963	8	6	12
	108	93	135.000000	26.250000	9.525056e+04	3.808951e+01	-4.581667e+04	1963	8	6	18
	108	94	135.000000	27.500000	9.594812e+04	3.508861e+01	-3.554911e+04	1963	8	7	0
	107	94	133.750000	27.500000	9.486860e+04	3.907965e+01	-4.648352e+04	1963	8	7	6
	107	94	133.750000	27.500000	9.551455e+04	3.798870e+01	-4.648352e+04	1963	8	7	12
	107	95	133.750000	28.750000	9.565745e+04	3.437118e+01	-3.535297e+04	1963	8	7	18
	106	95	132.500000	28.750000	9.527791e+04	3.650080e+01	-4.430645e+04	1963	8	8	0
	106	96	132.500000	30.000000	9.583472e+04	3.822746e+01	-3.449979e+04	1963	8	8	6
	106	96	132.500000	30.000000	9.607832e+04	3.972869e+01	-3.449979e+04	1963	8	8	12
	106	97	132.500000	31.250000	9.618975e+04	3.526420e+01	-2.797837e+04	1963	8	8	18
	106	98	132.500000	32.500000	9.730774e+04	3.090974e+01	-1.319975e+04	1963	8	9	0
	105	98	131.250000	32.500000	9.796953e+04	2.357363e+01	5.991863e+03	1963	8	9	6
start	21	1963	8	23	12
	241	89	301.250000	21.250000	9.933877e+04	2.261017e+01	-5.167124e+04	1963	8	23	12
	241	90	301.250000	22.500000	9.909739e+04	2.228462e+01	-5.407387e+04	1963	8	23	18
	240	90	300.000000	22.500000	9.864485e+04	2.900541e+01	-5.827111e+04	1963	8	24	0
	240	91	300.000000	23.750000	9.833850e+04	2.882427e+01	-5.826131e+04	1963	8	24	6
	240	91	300.000000	23.750000	9.786228e+04	3.085975e+01	-5.826131e+04	1963	8	24	12
	240	92	300.000000	25.000000	9.799983e+04	3.223590e+01	-5.647650e+04	1963	8	24	18
	240	92	300.000000	25.000000	9.787048e+04	3.091809e+01	-5.647650e+04	1963	8	25	0
	240	93	300.000000	26.250000	9.823538e+04	3.218810e+01	-5.852609e+04	1963	8	25	6
	240	93	300.000000	26.250000	9.824314e+04	2.878457e+01	-5.852609e+04	1963	8	25	12
	240	94	300.000000	27.500000	9.817468e+04	3.058498e+01	-6.161518e+04	1963	8	25	18
	240	95	300.000000	28.750000	9.822155e+04	3.019741e+01	-5.737871e+04	1963	8	26	0
	240	96	300.000000	30.000000	9.778540e+04	3.287585e+01	-5.294610e+04	1963	8	26	6
	241	97	301.250000	31.250000	9.830241e+04	3.109462e+01	-5.461323e+04	1963	8	26	12
	242	98	302.500000	32.500000	9.806888e+04	3.396936e+01	-5.211254e+04	1963	8	26	18
	244	100	305.000000	35.000000	9.817637e+04	2.978191e+01	-5.081806e+04	1963	8	27	0
	245	101	306.250000	36.250000	9.748698e+04	3.570050e+01	-5.353450e+04	1963	8	27	6
	246	103	307.500000	38.750000	9.739844e+04	3.536663e+01	-5.235770e+04	1963	8	27	12
	248	105	310.000000	41.250000	9.728626e+04	3.576877e+01	-3.689262e+04	1963	8	27	18
	249	108	311.250000	45.000000	9.742224e+04	3.814801e+01	-1.165030e+04	1963	8	28	0
	252	111	315.000000	48.750000	9.753506e+04	3.391473e+01	-1.236619e+04	1963	8	28	6
	255	113	318.750000	51.250000	9.788008e+04	2.746992e+01	-4.042301e+04	1963	8	28	12
start	13	1963	8	26	12
	123	95	153.750000	28.750000	9.945241e+04	2.032400e+01	-5.896739e+04	1963	8	26	12
	123	96	153.750000	30.000000	9.899075e+04	2.022913e+01	-5.715316e+04	1963	8	26	18
	123	97	153.750000	31.250000	9.872012e+04	2.100852e+01	-5.784943e+04	1963	8	27	0
	125	98	156.250000	32.500000	9.811198e+04	2.660703e+01	-4.699347e+04	1963	8	27	6
	126	99	157.500000	33.750000	9.739531e+04	2.816808e+01	-4.678753e+04	1963	8	27	12
	128	101	160.000000	36.250000	9.686126e+04	3.207059e+01	-4.587551e+04	1963	8	27	18
	130	102	162.500000	37.500000	9.705662e+04	3.187251e+01	-4.029552e+04	1963	8	28	0
	132	103	165.000000	38.750000	9.714756e+04	3.705166e+01	-5.204389e+04	1963	8	28	6
	134	105	167.500000	41.250000	9.715820e+04	3.104357e+01	-5.390716e+04	1963	8	28	12
	134	107	167.500000	43.750000	9.705210e+04	3.068504e+01	-4.918035e+04	1963	8	29	0
	135	108	168.750000	45.000000	9.739302e+04	2.466150e+01	-5.731006e+04	1963	8	29	6
	135	108	168.750000	45.000000	9.778486e+04	2.270720e+01	-5.731006e+04	1963	8	29	12
	136	108	170.000000	45.000000	9.830124e+04	1.941793e+01	-2.198651e+04	1963	8	29	18
start	17	1963	9	7	12
	107	87	133.750000	18.750000	9.769338e+04	2.476187e+01	-5.971269e+04	1963	9	7	12
	106	88	132.500000	20.000000	9.729756e+04	2.612294e+01	-5.946753e+04	1963	9	7	18
	105	88	131.250000	20.000000	9.716645e+04	2.664967e+01	-5.822208e+04	1963	9	8	0
	105	88	131.250000	20.000000	9.675105e+04	2.757904e+01	-5.822208e+04	1963	9	8	6
	104	88	130.000000	20.000000	9.653147e+04	2.957885e+01	-5.650592e+04	1963	9	8	12
	103	89	128.750000	21.250000	9.589038e+04	3.194084e+01	-5.026889e+04	1963	9	8	18
	103	89	128.750000	21.250000	9.589180e+04	3.361585e+01	-5.026889e+04	1963	9	9	0
	102	90	127.500000	22.500000	9.535977e+04	3.521203e+01	-5.607443e+04	1963	9	9	6
	101	90	126.250000	22.500000	9.534856e+04	3.465650e+01	-5.896739e+04	1963	9	9	12
	101	90	126.250000	22.500000	9.442771e+04	3.807191e+01	-5.896739e+04	1963	9	9	18
	100	90	125.000000	22.500000	9.494165e+04	3.960875e+01	-5.426020e+04	1963	9	10	0
	100	91	125.000000	23.750000	9.391611e+04	3.868439e+01	-3.027313e+04	1963	9	10	6
	99	91	123.750000	23.750000	9.487134e+04	4.011469e+01	-3.409772e+04	1963	9	10	12
	99	92	123.750000	25.000000	9.470495e+04	3.745522e+01	-2.002518e+04	1963	9	10	18
	98	92	122.500000	25.000000	9.536411e+04	3.396811e+01	-1.443539e+04	1963	9	11	0
	98	92	122.500000	25.000000	9.652155e+04	2.744275e+01	-1.443539e+04	1963	9	11	6
	97	93	121.250000	26.250000	9.732324e+04	2.454371e+01	-7.747253e+02	1963	9	11	12
start	14	1963	10	1	12
	236	82	295.000000	12.500000	9.963972e+04	2.336131e+01	-4.546363e+04	1963	10	1	12
	233	83	291.250000	13.750000	9.908428e+04	2.639791e+01	-4.970010e+04	1963	10	2	12
	232	84	290.000000	15.000000	9.853591e+04	3.169655e+01	-3.945215e+04	1963	10	2	18
	231	84	288.750000	15.000000	9.869231e+04	2.782987e+01	-4.030533e+04	1963	10	3	0
	231	85	288.750000	16.250000	9.809948e+04	3.108381e+01	-3.860878e+04	1963	10	3	6
	230	85	287.500000	16.250000	9.812580e+04	2.717837e+01	-2.506580e+04	1963	10	3	12
	230	86	287.500000	17.500000	9.845686e+04	2.882463e+01	-3.848129e+04	1963	10	3	18
	229	86	286.250000	17.500000	9.876070e+04	2.318376e+01	-3.504897e+04	1963	10	4	0
	229	87	286.250000	18.750000	9.911316e+04	2.332691e+01	-3.430366e+04	1963	10	4	6
	228	88	285.000000	20.000000	9.906919e+04	2.146037e+01	1.863264e+02	1963	10	4	18
	227	89	283.750000	21.250000	9.884985e+04	2.746366e+01	-4.942552e+03	1963	10	5	6
	226	89	282.500000	21.250000	9.908266e+04	2.594536e+01	7.551121e+02	1963	10	5	12
	226	89	282.500000	21.250000	9.872600e+04	2.475986e+01	7.551121e+02	1963	10	5	18
	226	88	282.500000	20.000000	9.861897e+04	2.275215e+01	1.235638e+03	1963	10	6	0
start	14	1963	10	1	18
	115	89	143.750000	21.250000	9.763572e+04	2.777824e+01	-3.914815e+04	1963	10	1	18
	115	90	143.750000	22.500000	9.752016e+04	2.913781e+01	-3.708875e+04	1963	10	2	0
	114	91	142.500000	23.750000	9.681270e+04	2.946907e+01	-3.130283e+04	1963	10	2	6
	114	91	142.500000	23.750000	9.625303e+04	3.254440e+01	-3.130283e+04	1963	10	2	12
	114	93	142.500000	26.250000	9.616404e+04	3.898653e+01	-1.382738e+04	1963	10	2	18
	114	93	142.500000	26.250000	9.519856e+04	3.823350e+01	-1.382738e+04	1963	10	3	0
	114	94	142.500000	27.500000	9.543073e+04	3.869017e+01	-1.608291e+04	1963	10	3	6
	115	95	143.750000	28.750000	9.514768e+04	3.916952e+01	-6.086988e+04	1963	10	3	12
	115	96	143.750000	30.000000	9.573498e+04	3.801263e+01	-5.405425e+04	1963	10	3	18
	116	97	145.000000	31.250000	9.608882e+04	3.927272e+01	-5.798672e+04	1963	10	4	0
	117	98	146.250000	32.500000	9.660691e+04	3.595253e+01	-5.800634e+04	1963	10	4	6
	118	99	147.500000	33.750000	9.709343e+04	3.278322e+01	-5.948714e+04	1963	10	4	12
	120	100	150.000000	35.000000	9.742231e+04	2.996204e+01	-5.974211e+04	1963	10	4	18
	122	101	152.500000	36.250000	9.825640e+04	2.877205e+01	-5.575080e+04	1963	10	5	0
start	16	1963	10	7	12
	109	88	136.250000	20.000000	9.878438e+04	2.297953e+01	-3.398004e+04	1963	10	7	12
	108	88	135.000000	20.000000	9.825005e+04	2.424329e+01	-5.653534e+04	1963	10	7	18
	108	88	135.000000	20.000000	9.788919e+04	2.550903e+01	-5.653534e+04	1963	10	8	0
	107	88	133.750000	20.000000	9.753411e+04	2.679453e+01	-5.818286e+04	1963	10	8	6
	107	88	133.750000	20.000000	9.720105e+04	3.034788e+01	-5.818286e+04	1963	10	8	12
	106	88	132.500000	20.000000	9.678577e+04	3.067551e+01	-5.946753e+04	1963	10	8	18
	106	89	132.500000	21.250000	9.626409e+04	3.560841e+01	-5.731987e+04	1963	10	9	0
	105	89	131.250000	21.250000	9.565972e+04	3.428347e+01	-5.834957e+04	1963	10	9	6
	105	89	131.250000	21.250000	9.563723e+04	3.577114e+01	-5.834957e+04	1963	10	9	12
	105	90	131.250000	22.500000	9.544548e+04	3.817643e+01	-5.749639e+04	1963	10	9	18
	105	90	131.250000	22.500000	9.626499e+04	3.813661e+01	-5.749639e+04	1963	10	10	0
	106	92	132.500000	25.000000	9.579165e+04	4.032619e+01	-5.064154e+04	1963	10	10	6
	107	93	133.750000	26.250000	9.616433e+04	3.455015e+01	-5.145549e+04	1963	10	10	12
	108	94	135.000000	27.500000	9.638791e+04	3.997846e+01	-3.554911e+04	1963	10	10	18
	109	94	136.250000	27.500000	9.708233e+04	3.837737e+01	-5.037676e+04	1963	10	11	0
	111	95	138.750000	28.750000	9.685684e+04	3.653353e+01	-3.506858e+04	1963	10	11	6
start	17	1963	10	9	18
	232	92	290.000000	25.000000	9.812986e+04	2.712820e+01	-5.453478e+04	1963	10	9	18
	233	93	291.250000	26.250000	9.805874e+04	2.906662e+01	-5.311282e+04	1963	10	10	0
	235	94	293.750000	27.500000	9.785727e+04	2.918630e+01	-5.191641e+04	1963	10	10	6
	236	95	295.000000	28.750000	9.787995e+04	2.911821e+01	-4.952358e+04	1963	10	10	12
	238	96	297.500000	30.000000	9.713479e+04	3.169052e+01	-5.003353e+04	1963	10	10	18
	240	97	300.000000	31.250000	9.719170e+04	3.542345e+01	-5.251461e+04	1963	10	11	0
	242	99	302.500000	33.750000	9.671934e+04	3.335928e+01	-4.440451e+04	1963	10	11	6
	242	101	302.500000	36.250000	9.689075e+04	3.312582e+01	-4.811143e+04	1963	10	11	12
	243	103	303.750000	38.750000	9.612945e+04	3.961749e+01	-5.206350e+04	1963	10	11	18
	244	104	305.000000	40.000000	9.577530e+04	3.254519e+01	-5.111226e+04	1963	10	12	0
	246	106	307.500000	42.500000	9.621406e+04	3.396497e+01	-3.646112e+04	1963	10	12	6
	248	107	310.000000	43.750000	9.645171e+04	3.265310e+01	-5.491724e+02	1963	10	12	12
	250	109	312.500000	46.250000	9.648889e+04	2.788333e+01	-2.687022e+03	1963	10	12	18
	251	110	313.750000	47.500000	9.699514e+04	2.393879e+01	-9.571290e+03	1963	10	13	0
	254	112	317.500000	50.000000	9.734165e+04	2.545870e+01	-4.263931e+04	1963	10	13	6
	255	114	318.750000	52.500000	9.736328e+04	2.453925e+01	-3.117534e+04	1963	10	13	12
	257	116	321.250000	55.000000	9.742116e+04	2.099722e+01	-2.818431e+04	1963	10	13	18
start	15	1963	10	16	0
	112	87	140.000000	18.750000	9.781953e+04	2.566687e+01	-4.778780e+04	1963	10	16	0
	111	88	138.750000	20.000000	9.735920e+04	2.418886e+01	-4.463006e+04	1963	10	16	6
	110	88	137.500000	20.000000	9.718042e+04	2.783615e+01	-3.957964e+04	1963	10	16	12
	110	88	137.500000	20.000000	9.666804e+04	2.964991e+01	-3.957964e+04	1963	10	16	18
	109	88	136.250000	20.000000	9.673281e+04	2.920150e+01	-3.398004e+04	1963	10	17	0
	109	88	136.250000	20.000000	9.623652e+04	2.982730e+01	-3.398004e+04	1963	10	17	6
	109	89	136.250000	21.250000	9.652622e+04	2.973912e+01	-4.870963e+04	1963	10	17	12
	109	89	136.250000	21.250000	9.642556e+04	3.365741e+01	-4.870963e+04	1963	10	17	18
	109	90	136.250000	22.500000	9.606514e+04	3.395699e+01	-5.133781e+04	1963	10	18	0
	109	91	136.250000	23.750000	9.584241e+04	3.666214e+01	-3.815768e+04	1963	10	18	6
	109	91	136.250000	23.750000	9.701304e+04	3.419765e+01	-3.815768e+04	1963	10	18	12
	110	92	137.500000	25.000000	9.719551e+04	3.427044e+01	-4.471832e+04	1963	10	18	18
	110	93	137.500000	26.250000	9.747984e+04	3.331992e+01	-4.949416e+04	1963	10	19	0
	111	95	138.750000	28.750000	9.752431e+04	3.291492e+01	-3.506858e+04	1963	10	19	6
	112	96	140.000000	30.000000	9.839709e+04	3.104255e+01	-2.914536e+04	1963	10	19	12
start	18	1963	12	24	6
	119	83	148.750000	13.750000	9.810048e+04	2.728996e+01	-5.661379e+04	1963	12	24	6
	118	84	147.500000	15.000000	9.834898e+04	3.163244e+01	-8.318001e+04	1963	12	24	12
	116	84	145.000000	15.000000	9.843457e+04	2.771906e+01	-2.684080e+04	1963	12	25	0
	115	84	143.750000	15.000000	9.775694e+04	3.083683e+01	-3.235214e+04	1963	12	25	6
	113	84	141.250000	15.000000	9.795745e+04	3.331788e+01	-4.710134e+04	1963	12	25	12
	113	85	141.250000	16.250000	9.769522e+04	3.301257e+01	-4.630700e+04	1963	12	25	18
	112	85	140.000000	16.250000	9.722185e+04	3.349531e+01	-4.522827e+04	1963	12	26	0
	112	85	140.000000	16.250000	9.733157e+04	3.409145e+01	-4.522827e+04	1963	12	26	6
	111	85	138.750000	16.250000	9.764050e+04	3.544515e+01	-4.465948e+04	1963	12	26	12
	111	86	138.750000	17.500000	9.681118e+04	3.374382e+01	-4.484581e+04	1963	12	26	18
	111	87	138.750000	18.750000	9.733054e+04	3.483315e+01	-4.945494e+04	1963	12	27	0
	112	87	140.000000	18.750000	9.715662e+04	3.163453e+01	-4.778780e+04	1963	12	27	6
	112	88	140.000000	20.000000	9.697632e+04	3.154741e+01	-4.693462e+04	1963	12	27	12
	114	89	142.500000	21.250000	9.739991e+04	3.377066e+01	-3.457825e+04	1963	12	27	18
	115	90	143.750000	22.500000	9.781748e+04	3.584529e+01	-3.708875e+04	1963	12	28	0
	118	91	147.500000	23.750000	9.727285e+04	3.544883e+01	-5.738852e+04	1963	12	28	6
	120	91	150.000000	23.750000	9.862905e+04	3.422670e+01	-5.435826e+04	1963	12	28	12
	123	92	153.750000	25.000000	9.915241e+04	2.844478e+01	-5.517221e+04	1963	12	28	18
start	10	1964	1	18	18
	45	58	56.250000	-17.500000	9.855398e+04	2.387950e+01	-4.480658e+04	1964	1	18	18
	45	57	56.250000	-18.750000	9.789734e+04	2.425185e+01	-4.292371e+04	1964	1	19	0
	45	57	56.250000	-18.750000	9.786860e+04	2.512668e+01	-4.292371e+04	1964	1	19	6
	45	57	56.250000	-18.750000	9.734138e+04	2.600333e+01	-4.292371e+04	1964	1	19	12
	45	56	56.250000	-20.000000	9.755345e+04	2.770775e+01	-4.302177e+04	1964	1	19	18
	45	56	56.250000	-20.000000	9.767144e+04	2.638218e+01	-4.302177e+04	1964	1	20	0
	46	55	57.500000	-21.250000	9.790579e+04	2.480593e+01	-4.767012e+04	1964	1	20	6
	46	54	57.500000	-22.500000	9.775827e+04	2.538394e+01	-4.578725e+04	1964	1	20	12
	46	53	57.500000	-23.750000	9.825359e+04	2.603359e+01	-5.149472e+04	1964	1	20	18
	47	52	58.750000	-25.000000	9.891365e+04	2.314715e+01	-4.995507e+04	1964	1	21	6
start	12	1964	2	27	18
	44	56	55.000000	-20.000000	9.804206e+04	2.416001e+01	-4.342385e+04	1964	2	27	18
	44	56	55.000000	-20.000000	9.761243e+04	2.509317e+01	-4.342385e+04	1964	2	28	0
	44	56	55.000000	-20.000000	9.767466e+04	2.594903e+01	-4.342385e+04	1964	2	28	6
	44	55	55.000000	-21.250000	9.715964e+04	2.979172e+01	-1.757352e+04	1964	2	28	12
	43	55	53.750000	-21.250000	9.699173e+04	3.115977e+01	-4.211956e+04	1964	2	28	18
	43	55	53.750000	-21.250000	9.673860e+04	2.959711e+01	-4.211956e+04	1964	2	29	0
	43	55	53.750000	-21.250000	9.716589e+04	2.980478e+01	-4.211956e+04	1964	2	29	6
	42	55	52.500000	-21.250000	9.687947e+04	2.887353e+01	-4.855272e+04	1964	2	29	12
	42	55	52.500000	-21.250000	9.686226e+04	2.971531e+01	-4.855272e+04	1964	2	29	18
	42	55	52.500000	-21.250000	9.701980e+04	2.954482e+01	-4.855272e+04	1964	3	1	0
	41	54	51.250000	-22.500000	9.779468e+04	3.291844e+01	-4.765051e+04	1964	3	1	6
	39	53	48.750000	-23.750000	9.803723e+04	2.865263e+01	-4.098199e+04	1964	3	1	12
start	13	1964	4	2	0
	128	57	160.000000	-18.750000	9.849544e+04	2.512833e+01	-3.170490e+04	1964	4	2	0
	127	55	158.750000	-21.250000	9.844275e+04	2.273166e+01	-7.060788e+02	1964	4	3	0
	128	53	160.000000	-23.750000	9.837280e+04	2.219580e+01	-2.303582e+04	1964	4	3	12
	128	53	160.000000	-23.750000	9.811098e+04	2.436358e+01	-2.303582e+04	1964	4	3	18
	128	52	160.000000	-25.000000	9.815696e+04	2.390723e+01	-1.096383e+04	1964	4	4	0
	129	52	161.250000	-25.000000	9.765581e+04	2.544446e+01	-1.451384e+04	1964	4	4	6
	131	51	163.750000	-26.250000	9.775759e+04	2.690673e+01	-1.733816e+04	1964	4	4	12
	132	51	165.000000	-26.250000	9.760908e+04	3.002110e+01	-3.072423e+04	1964	4	4	18
	133	50	166.250000	-27.500000	9.766367e+04	2.868540e+01	-3.492148e+04	1964	4	5	0
	133	50	166.250000	-27.500000	9.760554e+04	2.838007e+01	-3.492148e+04	1964	4	5	6
	134	50	167.500000	-27.500000	9.760498e+04	2.835064e+01	-9.257478e+03	1964	4	5	12
	134	50	167.500000	-27.500000	9.806167e+04	2.616440e+01	-9.257478e+03	1964	4	5	18
	134	49	167.500000	-28.750000	9.808696e+04	2.887502e+01	-1.415100e+04	1964	4	6	0
start	14	1964	7	29	12
	115	90	143.750000	22.500000	9.897463e+04	1.782931e+01	-3.708875e+04	1964	7	29	12
	115	90	143.750000	22.500000	9.848872e+04	2.272492e+01	-3.708875e+04	1964	7	29	18
	114	90	142.500000	22.500000	9.827139e+04	2.517723e+01	-2.512464e+04	1964	7	30	0
	113	91	141.250000	23.750000	9.771697e+04	2.896479e+01	-1.710280e+04	1964	7	30	6
	112	92	140.000000	25.000000	9.782832e+04	2.935407e+01	-2.329079e+04	1964	7	30	12
	112	93	140.000000	26.250000	9.718960e+04	3.609522e+01	-3.676513e+04	1964	7	30	18
	110	93	137.500000	26.250000	9.672798e+04	3.203409e+01	-4.949416e+04	1964	7	31	0
	110	94	137.500000	27.500000	9.621003e+04	3.623695e+01	-4.528711e+04	1964	7	31	6
	108	94	135.000000	27.500000	9.623073e+04	3.613265e+01	-3.554911e+04	1964	7	31	12
	107	95	133.750000	28.750000	9.566555e+04	3.300754e+01	-3.535297e+04	1964	7	31	18
	106	95	132.500000	28.750000	9.667593e+04	3.433848e+01	-4.430645e+04	1964	8	1	0
	105	96	131.250000	30.000000	9.709885e+04	3.328218e+01	-1.626923e+04	1964	8	1	6
	103	97	128.750000	31.250000	9.797088e+04	2.582704e+01	-6.864655e+03	1964	8	1	18
	102	98	127.500000	32.500000	9.811553e+04	2.670156e+01	-1.353318e+03	1964	8	2	0
start	10	1964	8	5	18
	102	85	127.500000	16.250000	9.719209e+04	2.692840e+01	-4.936668e+04	1964	8	5	18
	101	85	126.250000	16.250000	9.692795e+04	2.808969e+01	-4.302177e+04	1964	8	6	0
	100	85	125.000000	16.250000	9.652334e+04	3.249298e+01	-2.950821e+04	1964	8	6	6
	99	86	123.750000	17.500000	9.622188e+04	3.096582e+01	-4.883712e+04	1964	8	6	12
	98	86	122.500000	17.500000	9.620788e+04	3.233028e+01	-2.637008e+04	1964	8	6	18
	97	86	121.250000	17.500000	9.702861e+04	2.956724e+01	3.461748e+03	1964	8	7	0
	96	87	120.000000	18.750000	9.687048e+04	2.626311e+01	-2.693887e+04	1964	8	7	6
	95	87	118.750000	18.750000	9.649492e+04	2.979962e+01	-3.785367e+04	1964	8	7	12
	94	87	117.500000	18.750000	9.653194e+04	2.971167e+01	-3.740256e+04	1964	8	7	18
	93	88	116.250000	20.000000	9.695769e+04	2.720547e+01	-1.135610e+04	1964	8	8	0
start	30	1964	9	3	6
	242	87	302.500000	18.750000	9.933698e+04	2.328183e+01	-5.260287e+04	1964	9	3	6
	241	87	301.250000	18.750000	9.934661e+04	2.453233e+01	-5.423077e+04	1964	9	3	12
	241	88	301.250000	20.000000	9.897053e+04	2.782432e+01	-5.062193e+04	1964	9	3	18
	240	88	300.000000	20.000000	9.887783e+04	3.149839e+01	-4.870963e+04	1964	9	4	0
	240	89	300.000000	21.250000	9.819109e+04	2.941334e+01	-5.444652e+04	1964	9	4	6
	240	89	300.000000	21.250000	9.832027e+04	2.893964e+01	-5.444652e+04	1964	9	4	12
	239	90	298.750000	22.500000	9.839522e+04	2.648145e+01	-5.708451e+04	1964	9	4	18
	239	90	298.750000	22.500000	9.787466e+04	2.993181e+01	-5.708451e+04	1964	9	5	0
	239	91	298.750000	23.750000	9.783355e+04	2.916113e+01	-5.792788e+04	1964	9	5	6
	238	91	297.500000	23.750000	9.792822e+04	2.930603e+01	-5.744736e+04	1964	9	5	12
	238	92	297.500000	25.000000	9.757705e+04	3.215116e+01	-5.589791e+04	1964	9	5	18
	237	93	296.250000	26.250000	9.768791e+04	3.482550e+01	-5.498589e+04	1964	9	6	0
	236	93	295.000000	26.250000	9.767780e+04	3.233515e+01	-5.009237e+04	1964	9	6	6
	236	93	295.000000	26.250000	9.747041e+04	3.578403e+01	-5.009237e+04	1964	9	6	12
	235	94	293.750000	27.500000	9.719629e+04	3.439178e+01	-5.191641e+04	1964	9	6	18
	235	94	293.750000	27.500000	9.731670e+04	3.212795e+01	-5.191641e+04	1964	9	7	0
	234	94	292.500000	27.500000	9.761706e+04	3.623824e+01	-5.009237e+04	1964	9	7	6
	233	94	291.250000	27.500000	9.783216e+04	3.336493e+01	-5.177911e+04	1964	9	7	12
	232	95	290.000000	28.750000	9.792431e+04	3.375162e+01	-5.214196e+04	1964	9	7	18
	231	94	288.750000	27.500000	9.789243e+04	3.348082e+01	-5.338740e+04	1964	9	8	0
	230	95	287.500000	28.750000	9.809605e+04	2.964028e+01	-4.464968e+04	1964	9	8	6
	229	95	286.250000	28.750000	9.783726e+04	3.549397e+01	-4.513020e+04	1964	9	8	12
	227	95	283.750000	28.750000	9.745132e+04	3.483854e+01	-4.891557e+04	1964	9	8	18
	226	95	282.500000	28.750000	9.766519e+04	2.975891e+01	-1.024795e+04	1964	9	9	0
	225	95	281.250000	28.750000	9.788620e+04	3.288626e+01	-8.551398e+03	1964	9	9	6
	225	95	281.250000	28.750000	9.822605e+04	3.054738e+01	-8.551398e+03	1964	9	9	12
	224	96	280.000000	30.000000	9.777392e+04	3.209842e+01	-4.756225e+03	1964	9	9	18
	224	96	280.000000	30.000000	9.826788e+04	2.848652e+01	-4.756225e+03	1964	9	10	0
	223	96	278.750000	30.000000	9.854214e+04	2.335811e+01	-1.765197e+02	1964	9	10	6
	222	96	277.500000	30.000000	9.899438e+04	2.009859e+01	4.216859e+02	1964	9	10	12
start	16	1964	9	6	0
	112	84	140.000000	15.000000	9.888166e+04	2.386361e+01	-4.844485e+04	1964	9	6	0
	111	84	138.750000	15.000000	9.820905e+04	2.480902e+01	-4.841543e+04	1964	9	6	6
	109	84	136.250000	15.000000	9.777041e+04	2.897657e+01	-5.086709e+04	1964	9	6	12
	108	84	135.000000	15.000000	9.684941e+04	3.224952e+01	-4.445354e+04	1964	9	6	18
	107	85	133.750000	16.250000	9.645108e+04	3.728355e+01	-5.274016e+04	1964	9	7	0
	105	85	131.250000	16.250000	9.593894e+04	3.446257e+01	-4.934706e+04	1964	9	7	6
	104	86	130.000000	17.500000	9.575091e+04	3.993095e+01	-5.330895e+04	1964	9	7	12
	102	86	127.500000	17.500000	9.511806e+04	3.853384e+01	-5.123975e+04	1964	9	7	18
	101	86	126.250000	17.500000	9.537680e+04	4.087465e+01	-4.658159e+04	1964	9	8	0
	100	87	125.000000	18.750000	9.514292e+04	3.819369e+01	-5.522125e+04	1964	9	8	6
	99	87	123.750000	18.750000	9.618413e+04	3.692518e+01	-5.274997e+04	1964	9	8	12
	98	87	122.500000	18.750000	9.607632e+04	3.514860e+01	-1.695570e+04	1964	9	8	18
	97	87	121.250000	18.750000	9.722456e+04	2.998305e+01	-4.442413e+03	1964	9	9	0
	96	88	120.000000	20.000000	9.752995e+04	3.131763e+01	-3.554911e+04	1964	9	9	6
	95	88	118.750000	20.000000	9.768542e+04	2.839518e+01	-2.963570e+04	1964	9	9	12
	94	88	117.500000	20.000000	9.763017e+04	2.857417e+01	-2.367325e+04	1964	9	9	18
start	33	1964	9	8	12
	240	94	300.000000	27.500000	1.000498e+05	1.805584e+01	-6.161518e+04	1964	9	8	12
	239	94	298.750000	27.500000	9.996695e+04	2.043777e+01	-5.829073e+04	1964	9	8	18
	239	94	298.750000	27.500000	9.974019e+04	2.239377e+01	-5.829073e+04	1964	9	9	0
	239	94	298.750000	27.500000	9.956745e+04	2.374860e+01	-5.829073e+04	1964	9	9	6
	238	94	297.500000	27.500000	9.966980e+04	2.482401e+01	-5.735910e+04	1964	9	9	12
	237	94	296.250000	27.500000	9.956767e+04	2.850685e+01	-5.267152e+04	1964	9	9	18
	237	94	296.250000	27.500000	9.910538e+04	2.628269e+01	-5.267152e+04	1964	9	10	0
	236	94	295.000000	27.500000	9.903589e+04	2.774664e+01	-5.048463e+04	1964	9	10	6
	235	94	293.750000	27.500000	9.928813e+04	2.874233e+01	-5.191641e+04	1964	9	10	12
	235	94	293.750000	27.500000	9.901834e+04	2.836076e+01	-5.191641e+04	1964	9	10	18
	235	94	293.750000	27.500000	9.858704e+04	3.008903e+01	-5.191641e+04	1964	9	11	0
	235	94	293.750000	27.500000	9.860105e+04	2.902619e+01	-5.191641e+04	1964	9	11	6
	235	95	293.750000	28.750000	9.910703e+04	2.785858e+01	-5.160259e+04	1964	9	11	12
	235	95	293.750000	28.750000	9.898591e+04	2.855341e+01	-5.160259e+04	1964	9	11	18
	235	96	293.750000	30.000000	9.924683e+04	2.633160e+01	-4.983739e+04	1964	9	12	0
	234	96	292.500000	30.000000	9.896298e+04	2.826632e+01	-4.963146e+04	1964	9	12	6
	234	97	292.500000	31.250000	9.884488e+04	2.577641e+01	-4.741515e+04	1964	9	12	12
	234	98	292.500000	32.500000	9.893320e+04	2.735811e+01	-4.976875e+04	1964	9	12	18
	235	98	293.750000	32.500000	9.852764e+04	3.062815e+01	-4.674830e+04	1964	9	13	0
	236	99	295.000000	33.750000	9.849448e+04	3.312956e+01	-4.620893e+04	1964	9	13	6
	237	100	296.250000	35.000000	9.850588e+04	3.192724e+01	-4.952358e+04	1964	9	13	12
	239	102	298.750000	37.500000	9.876135e+04	3.280407e+01	-4.997469e+04	1964	9	13	18
	240	103	300.000000	38.750000	9.875230e+04	3.157507e+01	-5.056309e+04	1964	9	14	0
	242	104	302.500000	40.000000	9.856667e+04	2.865537e+01	-5.101419e+04	1964	9	14	6
	244	105	305.000000	41.250000	9.898548e+04	2.866838e+01	-4.798394e+04	1964	9	14	12
	246	106	307.500000	42.500000	9.931084e+04	2.639095e+01	-3.646112e+04	1964	9	14	18
	249	107	311.250000	43.750000	9.941619e+04	2.475858e+01	-1.998595e+04	1964	9	15	0
	251	108	313.750000	45.000000	9.950442e+04	2.373311e+01	-3.446057e+04	1964	9	15	6
	254	108	317.500000	45.000000	9.953435e+04	2.546867e+01	-4.639526e+04	1964	9	15	12
	258	108	322.500000	45.000000	9.951958e+04	1.974502e+01	-4.228627e+04	1964	9	15	18
	260	108	325.000000	45.000000	9.942470e+04	1.963925e+01	-4.184498e+04	1964	9	16	0
	263	108	328.750000	45.000000	9.933477e+04	2.136977e+01	-3.036139e+04	1964	9	16	6
	265	108	331.250000	45.000000	9.973245e+04	1.973145e+01	-2.590917e+04	1964	9	16	12
start	30	1964	9	16	18
	239	91	298.750000	23.750000	9.917314e+04	2.479833e+01	-5.792788e+04	1964	9	16	18
	238	91	297.500000	23.750000	9.913838e+04	2.515826e+01	-5.744736e+04	1964	9	17	0
	237	91	296.250000	23.750000	9.919851e+04	2.531711e+01	-5.729045e+04	1964	9	17	6
	237	92	296.250000	25.000000	9.885171e+04	2.567124e+01	-5.548603e+04	1964	9	17	12
	236	92	295.000000	25.000000	9.802854e+04	3.075046e+01	-5.673147e+04	1964	9	17	18
	235	92	293.750000	25.000000	9.786628e+04	3.087080e+01	-5.417193e+04	1964	9	18	0
	235	93	293.750000	26.250000	9.769483e+04	3.222359e+01	-5.007275e+04	1964	9	18	6
	234	93	292.500000	26.250000	9.769666e+04	3.448298e+01	-5.424058e+04	1964	9	18	12
	234	93	292.500000	26.250000	9.787320e+04	3.337345e+01	-5.424058e+04	1964	9	18	18
	233	93	291.250000	26.250000	9.765970e+04	3.243800e+01	-5.311282e+04	1964	9	19	0
	233	94	291.250000	27.500000	9.745169e+04	3.220670e+01	-5.177911e+04	1964	9	19	6
	232	94	290.000000	27.500000	9.789563e+04	2.957985e+01	-5.360315e+04	1964	9	19	12
	232	94	290.000000	27.500000	9.779121e+04	3.042281e+01	-5.360315e+04	1964	9	19	18
	232	94	290.000000	27.500000	9.765078e+04	3.143157e+01	-5.360315e+04	1964	9	20	0
	232	95	290.000000	28.750000	9.758377e+04	3.026188e+01	-5.214196e+04	1964	9	20	6
	232	95	290.000000	28.750000	9.762361e+04	2.951137e+01	-5.214196e+04	1964	9	20	12
	232	96	290.000000	30.000000	9.793112e+04	2.970499e+01	-5.342663e+04	1964	9	20	18
	232	96	290.000000	30.000000	9.779568e+04	2.620745e+01	-5.342663e+04	1964	9	21	0
	232	96	290.000000	30.000000	9.777302e+04	3.140711e+01	-5.342663e+04	1964	9	21	6
	232	97	290.000000	31.250000	9.759270e+04	2.884134e+01	-5.305398e+04	1964	9	21	12
	232	98	290.000000	32.500000	9.754800e+04	3.204770e+01	-5.317166e+04	1964	9	21	18
	231	98	288.750000	32.500000	9.803430e+04	2.977685e+01	-5.298533e+04	1964	9	22	0
	231	99	288.750000	33.750000	9.795117e+04	2.761562e+01	-5.235770e+04	1964	9	22	6
	231	99	288.750000	33.750000	9.817925e+04	2.683655e+01	-5.235770e+04	1964	9	22	12
	230	99	287.500000	33.750000	9.826020e+04	2.859439e+01	-4.829775e+04	1964	9	22	18
	230	100	287.500000	35.000000	9.845105e+04	2.508250e+01	-4.326694e+04	1964	9	23	0
	230	100	287.500000	35.000000	9.854055e+04	2.404679e+01	-4.326694e+04	1964	9	23	6
	231	101	288.750000	36.250000	9.851697e+04	2.283006e+01	-4.198227e+04	1964	9	23	12
	231	102	288.750000	37.500000	9.857632e+04	2.675885e+01	-3.795173e+04	1964	9	23	18
	233	103	291.250000	38.750000	9.885005e+04	2.577137e+01	-3.364662e+04	1964	9	24	0
start	17	1964	9	20	18
	111	88	138.750000	20.000000	9.809675e+04	2.430829e+01	-4.463006e+04	1964	9	20	18
	111	88	138.750000	20.000000	9.758630e+04	2.874695e+01	-4.463006e+04	1964	9	21	0
	110	89	137.500000	21.250000	9.650115e+04	3.538808e+01	-4.423780e+04	1964	9	21	6
	110	89	137.500000	21.250000	9.659270e+04	3.644333e+01	-4.423780e+04	1964	9	21	12
	109	90	136.250000	22.500000	9.555112e+04	3.973642e+01	-5.133781e+04	1964	9	21	18
	108	90	135.000000	22.500000	9.602180e+04	3.804676e+01	-3.461747e+04	1964	9	22	0
	107	91	133.750000	23.750000	9.616680e+04	3.371547e+01	-4.392398e+04	1964	9	22	6
	107	92	133.750000	25.000000	9.579175e+04	3.618151e+01	-4.338462e+04	1964	9	22	12
	106	93	132.500000	26.250000	9.611333e+04	3.872399e+01	-5.280881e+04	1964	9	22	18
	105	93	131.250000	26.250000	9.637917e+04	3.690689e+01	-3.107727e+04	1964	9	23	0
	105	93	131.250000	26.250000	9.618118e+04	3.855640e+01	-3.107727e+04	1964	9	23	6
	105	94	131.250000	27.500000	9.696072e+04	3.290615e+01	-5.623133e+04	1964	9	23	12
	104	95	130.000000	28.750000	9.685132e+04	3.283910e+01	-3.667687e+03	1964	9	23	18
	104	95	130.000000	28.750000	9.738130e+04	3.241048e+01	-3.667687e+03	1964	9	24	0
	104	96	130.000000	30.000000	9.766138e+04	3.065361e+01	-5.923217e+03	1964	9	24	6
	105	98	131.250000	32.500000	9.791868e+04	2.940465e+01	5.991863e+03	1964	9	24	12
	107	99	133.750000	33.750000	9.804922e+04	3.224628e+01	1.095403e+04	1964	9	24	18
start	10	1964	10	1	18
	215	92	268.750000	25.000000	9.837085e+04	2.792457e+01	-3.456844e+04	1964	10	1	18
	215	92	268.750000	25.000000	9.806506e+04	2.637446e+01	-3.456844e+04	1964	10	2	0
	215	93	268.750000	26.250000	9.830320e+04	2.812290e+01	-2.087836e+04	1964	10	2	6
	214	93	267.500000	26.250000	9.784004e+04	3.027091e+01	-2.019189e+04	1964	10	2	12
	215	94	268.750000	27.500000	9.755180e+04	3.263706e+01	-1.302323e+04	1964	10	3	0
	215	94	268.750000	27.500000	9.726267e+04	2.985299e+01	-1.302323e+04	1964	10	3	6
	215	95	268.750000	28.750000	9.792022e+04	3.104965e+01	-1.470997e+02	1964	10	3	12
	215	95	268.750000	28.750000	9.816472e+04	3.006413e+01	-1.470997e+02	1964	10	3	18
	215	96	268.750000	30.000000	9.887708e+04	2.519260e+01	6.864655e+01	1964	10	4	0
	215	96	268.750000	30.000000	9.901252e+04	1.824891e+01	6.864655e+01	1964	10	4	6
start	10	1964	11	17	12
	106	78	132.500000	7.500000	9.795945e+04	2.536452e+01	-4.358075e+04	1964	11	17	12
	105	78	131.250000	7.500000	9.709505e+04	2.840807e+01	-4.686598e+04	1964	11	17	18
	104	79	130.000000	8.750000	9.717356e+04	3.093393e+01	-5.830054e+04	1964	11	18	0
	103	79	128.750000	8.750000	9.607891e+04	3.495356e+01	-5.800634e+04	1964	11	18	6
	103	79	128.750000	8.750000	9.605593e+04	3.576746e+01	-5.800634e+04	1964	11	18	12
	102	79	127.500000	8.750000	9.689829e+04	3.403203e+01	-5.393657e+04	1964	11	18	18
	101	80	126.250000	10.000000	9.736152e+04	3.165878e+01	-2.884136e+04	1964	11	19	0
	100	80	125.000000	10.000000	9.699551e+04	2.586440e+01	-3.275421e+03	1964	11	19	6
	100	80	125.000000	10.000000	9.822373e+04	2.205772e+01	-3.275421e+03	1964	11	19	12
	99	80	123.750000	10.000000	9.832363e+04	2.011496e+01	-3.344068e+03	1964	11	19	18
start	16	1964	12	11	0
	111	78	138.750000	7.500000	9.787884e+04	2.799367e+01	-3.128321e+04	1964	12	11	0
	110	79	137.500000	8.750000	9.745608e+04	2.675916e+01	-2.033899e+04	1964	12	11	6
	108	79	135.000000	8.750000	9.768640e+04	2.814237e+01	-3.732411e+04	1964	12	11	12
	108	79	135.000000	8.750000	9.663003e+04	2.880317e+01	-3.732411e+04	1964	12	11	18
	107	80	133.750000	10.000000	9.699885e+04	3.126174e+01	-4.214898e+04	1964	12	12	0
	106	80	132.500000	10.000000	9.589212e+04	3.483113e+01	-5.863396e+04	1964	12	12	6
	105	81	131.250000	11.250000	9.535244e+04	3.797957e+01	-5.639804e+04	1964	12	12	12
	104	81	130.000000	11.250000	9.469223e+04	3.735226e+01	-5.814363e+04	1964	12	12	18
	103	82	128.750000	12.500000	9.477329e+04	3.858444e+01	-5.586848e+04	1964	12	13	0
	102	82	127.500000	12.500000	9.475608e+04	3.843114e+01	-5.240674e+04	1964	12	13	6
	101	83	126.250000	13.750000	9.555503e+04	3.580339e+01	-5.362276e+04	1964	12	13	12
	100	83	125.000000	13.750000	9.548140e+04	3.377293e+01	-3.904027e+04	1964	12	13	18
	99	83	123.750000	13.750000	9.660942e+04	3.377580e+01	7.649187e+02	1964	12	14	0
	99	84	123.750000	15.000000	9.615691e+04	3.384435e+01	-6.227223e+03	1964	12	14	6
	98	84	122.500000	15.000000	9.801738e+04	2.241666e+01	-1.087558e+04	1964	12	14	12
	97	84	121.250000	15.000000	9.897764e+04	2.054537e+01	4.373766e+03	1964	12	14	18
start	23	1965	2	5	0
	140	57	175.000000	-18.750000	9.868086e+04	2.395035e+01	-3.224427e+04	1965	2	5	0
	138	57	172.500000	-18.750000	9.844221e+04	2.473462e+01	-2.894923e+04	1965	2	5	6
	138	57	172.500000	-18.750000	9.848579e+04	2.468993e+01	-2.894923e+04	1965	2	5	12
	137	57	171.250000	-18.750000	9.809302e+04	2.478910e+01	-3.863820e+04	1965	2	5	18
	136	57	170.000000	-18.750000	9.799653e+04	2.502901e+01	-2.218264e+04	1965	2	6	0
	135	57	168.750000	-18.750000	9.784375e+04	2.558945e+01	-1.158165e+04	1965	2	6	6
	135	57	168.750000	-18.750000	9.806797e+04	2.515271e+01	-1.158165e+04	1965	2	6	12
	134	57	167.500000	-18.750000	9.775417e+04	2.523204e+01	-5.764349e+04	1965	2	6	18
	134	57	167.500000	-18.750000	9.800625e+04	2.516333e+01	-5.764349e+04	1965	2	7	0
	133	57	166.250000	-18.750000	9.749963e+04	2.598596e+01	-4.248241e+04	1965	2	7	6
	132	57	165.000000	-18.750000	9.801748e+04	2.451120e+01	-2.677215e+04	1965	2	7	12
	132	57	165.000000	-18.750000	9.762127e+04	2.500794e+01	-2.677215e+04	1965	2	7	18
	132	57	165.000000	-18.750000	9.812998e+04	2.348362e+01	-2.677215e+04	1965	2	8	0
	131	58	163.750000	-17.500000	9.798860e+04	2.550997e+01	-1.211121e+04	1965	2	8	18
	131	58	163.750000	-17.500000	9.811997e+04	2.344551e+01	-1.211121e+04	1965	2	9	0
	131	58	163.750000	-17.500000	9.795373e+04	2.405070e+01	-1.211121e+04	1965	2	9	6
	131	58	163.750000	-17.500000	9.810215e+04	2.390398e+01	-1.211121e+04	1965	2	9	12
	131	58	163.750000	-17.500000	9.786298e+04	2.367328e+01	-1.211121e+04	1965	2	9	18
	131	58	163.750000	-17.500000	9.808897e+04	2.309786e+01	-1.211121e+04	1965	2	10	0
	132	57	165.000000	-18.750000	9.790679e+04	2.373515e+01	-2.677215e+04	1965	2	10	18
	133	57	166.250000	-18.750000	9.793210e+04	2.470392e+01	-4.248241e+04	1965	2	11	0
	134	56	167.500000	-20.000000	9.800618e+04	2.346645e+01	-3.984442e+04	1965	2	11	12
	135	56	168.750000	-20.000000	9.826784e+04	2.393871e+01	-5.041599e+04	1965	2	11	18
start	16	1965	6	14	18
	107	83	133.750000	13.750000	9.837507e+04	2.636482e+01	-4.969030e+04	1965	6	14	18
	105	83	131.250000	13.750000	9.856684e+04	2.871794e+01	-5.707470e+04	1965	6	15	0
	105	84	131.250000	15.000000	9.772207e+04	2.904343e+01	-5.826131e+04	1965	6	15	6
	104	84	130.000000	15.000000	9.761460e+04	2.854767e+01	-5.506434e+04	1965	6	15	12
	103	84	128.750000	15.000000	9.772905e+04	2.687691e+01	-5.486821e+04	1965	6	15	18
	102	85	127.500000	16.250000	9.748366e+04	2.943991e+01	-4.936668e+04	1965	6	16	0
	102	85	127.500000	16.250000	9.730452e+04	3.074818e+01	-4.936668e+04	1965	6	16	6
	101	85	126.250000	16.250000	9.715205e+04	3.377456e+01	-4.302177e+04	1965	6	16	12
	100	85	125.000000	16.250000	9.705434e+04	3.371424e+01	-2.950821e+04	1965	6	16	18
	99	86	123.750000	17.500000	9.716719e+04	3.130351e+01	-4.883712e+04	1965	6	17	0
	99	86	123.750000	17.500000	9.717524e+04	3.228626e+01	-4.883712e+04	1965	6	17	6
	98	87	122.500000	18.750000	9.774377e+04	3.041861e+01	-1.695570e+04	1965	6	17	12
	98	87	122.500000	18.750000	9.825364e+04	2.465442e+01	-1.695570e+04	1965	6	17	18
	97	88	121.250000	20.000000	9.818952e+04	2.753780e+01	-3.608847e+04	1965	6	18	0
	97	89	121.250000	21.250000	9.795488e+04	2.355928e+01	-3.535297e+04	1965	6	18	6
	97	90	121.250000	22.500000	9.819607e+04	2.537545e+01	-9.316317e+03	1965	6	18	12
start	16	1965	7	10	6
	105	82	131.250000	12.500000	9.804573e+04	2.766359e+01	-5.637843e+04	1965	7	10	6
	105	82	131.250000	12.500000	9.784192e+04	2.868423e+01	-5.637843e+04	1965	7	10	12
	104	82	130.000000	12.500000	9.749800e+04	2.670377e+01	-5.525067e+04	1965	7	10	18
	104	82	130.000000	12.500000	9.739462e+04	3.039959e+01	-5.525067e+04	1965	7	11	0
	104	82	130.000000	12.500000	9.720671e+04	2.938576e+01	-5.525067e+04	1965	7	11	6
	104	82	130.000000	12.500000	9.724388e+04	3.001578e+01	-5.525067e+04	1965	7	11	12
	103	83	128.750000	13.750000	9.715962e+04	2.940446e+01	-5.389735e+04	1965	7	11	18
	102	84	127.500000	15.000000	9.589963e+04	3.445074e+01	-5.319127e+04	1965	7	12	6
	101	84	126.250000	15.000000	9.603269e+04	3.384988e+01	-5.375025e+04	1965	7	12	12
	100	85	125.000000	16.250000	9.586120e+04	3.576107e+01	-2.950821e+04	1965	7	12	18
	99	85	123.750000	16.250000	9.610286e+04	3.530234e+01	-3.757908e+04	1965	7	13	0
	98	86	122.500000	17.500000	9.635852e+04	3.311273e+01	-2.637008e+04	1965	7	13	6
	96	86	120.000000	17.500000	9.719580e+04	2.774352e+01	-1.777946e+04	1965	7	13	12
	95	87	118.750000	18.750000	9.732051e+04	2.698165e+01	-3.785367e+04	1965	7	13	18
	94	86	117.500000	17.500000	9.737585e+04	2.727095e+01	-3.888337e+04	1965	7	14	0
	93	87	116.250000	18.750000	9.717517e+04	2.943743e+01	-3.102824e+04	1965	7	14	6
start	22	1965	8	16	18
	129	88	161.250000	20.000000	9.832456e+04	2.876707e+01	-4.883712e+04	1965	8	16	18
	128	89	160.000000	21.250000	9.788374e+04	3.271913e+01	-1.597503e+04	1965	8	17	0
	126	90	157.500000	22.500000	9.710755e+04	3.314589e+01	-5.371102e+04	1965	8	17	6
	124	91	155.000000	23.750000	9.713069e+04	3.275066e+01	-5.437788e+04	1965	8	17	12
	122	92	152.500000	25.000000	9.702168e+04	3.597760e+01	-4.738573e+04	1965	8	17	18
	121	92	151.250000	25.000000	9.652786e+04	3.150564e+01	-5.619211e+04	1965	8	18	0
	119	93	148.750000	26.250000	9.610833e+04	3.765797e+01	-6.163480e+04	1965	8	18	6
	118	92	147.500000	25.000000	9.605798e+04	3.909293e+01	-5.660398e+04	1965	8	18	12
	117	93	146.250000	26.250000	9.607244e+04	4.109398e+01	-5.264210e+04	1965	8	18	18
	115	94	143.750000	27.500000	9.611653e+04	4.364116e+01	-6.713633e+04	1965	8	19	0
	114	94	142.500000	27.500000	9.633294e+04	3.898317e+01	-1.608291e+04	1965	8	19	6
	113	94	141.250000	27.500000	9.696416e+04	3.575835e+01	-4.037398e+04	1965	8	19	12
	112	94	140.000000	27.500000	9.775239e+04	3.378452e+01	-3.785367e+04	1965	8	19	18
	112	94	140.000000	27.500000	9.743425e+04	3.394525e+01	-3.785367e+04	1965	8	20	0
	112	95	140.000000	28.750000	9.731484e+04	3.217592e+01	-2.675254e+04	1965	8	20	6
	111	96	138.750000	30.000000	9.668338e+04	3.553332e+01	-2.511483e+04	1965	8	20	12
	111	97	138.750000	31.250000	9.686133e+04	3.340117e+01	-2.943956e+04	1965	8	20	18
	111	97	138.750000	31.250000	9.695769e+04	3.430633e+01	-2.943956e+04	1965	8	21	0
	110	97	137.500000	31.250000	9.685459e+04	3.362259e+01	-4.089373e+04	1965	8	21	6
	110	97	137.500000	31.250000	9.745908e+04	3.127516e+01	-4.089373e+04	1965	8	21	12
	110	98	137.500000	32.500000	9.709751e+04	3.237281e+01	-3.972674e+04	1965	8	21	18
	110	99	137.500000	33.750000	9.873413e+04	2.532554e+01	-2.651718e+04	1965	8	22	6
start	19	1965	8	29	0
	118	90	147.500000	22.500000	9.804636e+04	2.465216e+01	-5.659418e+04	1965	8	29	0
	118	90	147.500000	22.500000	9.732261e+04	3.116591e+01	-5.659418e+04	1965	8	29	6
	118	91	147.500000	23.750000	9.635801e+04	3.350586e+01	-5.738852e+04	1965	8	29	12
	118	92	147.500000	25.000000	9.631658e+04	3.616278e+01	-5.660398e+04	1965	8	29	18
	118	92	147.500000	25.000000	9.597973e+04	3.800920e+01	-5.660398e+04	1965	8	30	0
	118	94	147.500000	27.500000	9.528020e+04	4.154298e+01	-5.679031e+04	1965	8	30	6
	118	94	147.500000	27.500000	9.575322e+04	4.050332e+01	-5.679031e+04	1965	8	30	12
	118	95	147.500000	28.750000	9.582359e+04	4.153242e+01	-5.971269e+04	1965	8	30	18
	118	96	147.500000	30.000000	9.594641e+04	3.694349e+01	-6.129156e+04	1965	8	31	0
	118	97	147.500000	31.250000	9.594255e+04	3.670737e+01	-5.986960e+04	1965	8	31	6
	117	98	146.250000	32.500000	9.619077e+04	3.353908e+01	-5.800634e+04	1965	8	31	12
	117	99	146.250000	33.750000	9.694775e+04	3.425106e+01	-5.586848e+04	1965	8	31	18
	117	99	146.250000	33.750000	9.742378e+04	3.239481e+01	-5.586848e+04	1965	9	1	0
	117	100	146.250000	35.000000	9.792285e+04	3.325889e+01	-5.796711e+04	1965	9	1	6
	117	100	146.250000	35.000000	9.803038e+04	2.830887e+01	-5.796711e+04	1965	9	1	12
	118	101	147.500000	36.250000	9.835986e+04	2.439871e+01	-5.658437e+04	1965	9	2	0
	119	102	148.750000	37.500000	9.840178e+04	2.340895e+01	-5.688838e+04	1965	9	2	12
	119	102	148.750000	37.500000	9.871382e+04	2.091336e+01	-5.688838e+04	1965	9	2	18
	120	103	150.000000	38.750000	9.869929e+04	1.916983e+01	-5.193602e+04	1965	9	3	6
start	36	1965	9	2	12
	232	90	290.000000	22.500000	9.900803e+04	2.340220e+01	-5.342663e+04	1965	9	2	12
	231	91	288.750000	23.750000	9.880445e+04	2.504309e+01	-5.422097e+04	1965	9	2	18
	231	91	288.750000	23.750000	9.858196e+04	2.872266e+01	-5.422097e+04	1965	9	3	0
	230	92	287.500000	25.000000	9.829304e+04	2.895466e+01	-5.409348e+04	1965	9	3	6
	229	92	286.250000	25.000000	9.815322e+04	3.075546e+01	-5.210273e+04	1965	9	3	12
	229	93	286.250000	26.250000	9.769834e+04	2.927942e+01	-4.899402e+04	1965	9	3	18
	228	94	285.000000	27.500000	9.763186e+04	3.391423e+01	-4.701308e+04	1965	9	4	0
	228	94	285.000000	27.500000	9.751079e+04	3.164306e+01	-4.701308e+04	1965	9	4	6
	228	94	285.000000	27.500000	9.766514e+04	3.421286e+01	-4.701308e+04	1965	9	4	12
	227	95	283.750000	28.750000	9.812239e+04	3.419159e+01	-4.891557e+04	1965	9	4	18
	227	95	283.750000	28.750000	9.795059e+04	3.126315e+01	-4.891557e+04	1965	9	5	0
	228	95	285.000000	28.750000	9.819577e+04	3.143476e+01	-4.814084e+04	1965	9	5	6
	227	95	283.750000	28.750000	9.839441e+04	3.303591e+01	-4.891557e+04	1965	9	5	12
	228	95	285.000000	28.750000	9.800120e+04	3.072835e+01	-4.814084e+04	1965	9	5	18
	227	94	283.750000	27.500000	9.847144e+04	3.378525e+01	-4.882731e+04	1965	9	6	0
	228	94	285.000000	27.500000	9.796775e+04	3.028610e+01	-4.701308e+04	1965	9	6	6
	227	94	283.750000	27.500000	9.806030e+04	3.445685e+01	-4.882731e+04	1965	9	6	12
	226	93	282.500000	26.250000	9.811023e+04	3.278717e+01	-1.961330e+01	1965	9	6	18
	227	93	283.750000	26.250000	9.824507e+04	2.897847e+01	-4.659139e+04	1965	9	7	0
	227	93	283.750000	26.250000	9.825144e+04	2.779095e+01	-4.659139e+04	1965	9	7	6
	226	92	282.500000	25.000000	9.823930e+04	2.945749e+01	-9.806650e+00	1965	9	7	12
	226	92	282.500000	25.000000	9.812585e+04	2.884373e+01	-9.806650e+00	1965	9	7	18
	225	92	281.250000	25.000000	9.799827e+04	3.183610e+01	-4.903325e+01	1965	9	8	0
	225	92	281.250000	25.000000	9.815620e+04	3.139003e+01	-4.903325e+01	1965	9	8	6
	224	92	280.000000	25.000000	9.836448e+04	2.759283e+01	-5.825150e+03	1965	9	8	12
	222	92	277.500000	25.000000	9.842895e+04	2.733999e+01	-3.040062e+02	1965	9	8	18
	221	92	276.250000	25.000000	9.846680e+04	3.041287e+01	-8.139520e+02	1965	9	9	0
	220	93	275.000000	26.250000	9.822630e+04	2.785240e+01	-3.237175e+04	1965	9	9	6
	219	93	273.750000	26.250000	9.774646e+04	3.082352e+01	-3.118515e+04	1965	9	9	12
	217	94	271.250000	27.500000	9.787427e+04	3.183457e+01	-1.943678e+04	1965	9	9	18
	217	95	271.250000	28.750000	9.744299e+04	3.548328e+01	-9.492837e+03	1965	9	10	0
	216	96	270.000000	30.000000	9.844675e+04	2.920067e+01	1.961330e+01	1965	9	10	6
	215	97	268.750000	31.250000	9.878513e+04	1.783459e+01	6.962722e+02	1965	9	10	12
	214	98	267.500000	32.500000	9.966597e+04	9.171449e+00	5.883990e+02	1965	9	10	18
	214	98	267.500000	32.500000	9.992409e+04	7.396265e+00	5.883990e+02	1965	9	11	0
	215	99	268.750000	33.750000	1.001298e+05	7.774412e+00	4.412993e+02	1965	9	11	6
start	10	1965	9	7	0
	110	90	137.500000	22.500000	9.882007e+04	2.813246e+01	-4.242357e+04	1965	9	7	0
	109	90	136.250000	22.500000	9.822644e+04	2.525109e+01	-5.133781e+04	1965	9	7	6
	108	90	135.000000	22.500000	9.782055e+04	2.616961e+01	-3.461747e+04	1965	9	7	12
	108	91	135.000000	23.750000	9.780398e+04	2.662142e+01	-4.772896e+04	1965	9	7	18
	107	91	133.750000	23.750000	9.752952e+04	2.872664e+01	-4.392398e+04	1965	9	8	0
	106	93	132.500000	26.250000	9.704458e+04	3.073642e+01	-5.280881e+04	1965	9	8	18
	105	94	131.250000	27.500000	9.636380e+04	3.703117e+01	-5.623133e+04	1965	9	9	6
	105	95	131.250000	28.750000	9.663709e+04	3.477193e+01	-4.022688e+04	1965	9	9	12
	106	97	132.500000	31.250000	9.610552e+04	3.379411e+01	-2.797837e+04	1965	9	9	18
	108	99	135.000000	33.750000	9.681174e+04	3.608773e+01	-9.904717e+02	1965	9	10	0
start	21	1965	9	12	12
	108	88	135.000000	20.000000	9.770911e+04	2.371641e+01	-5.653534e+04	1965	9	12	12
	107	88	133.750000	20.000000	9.729685e+04	2.596459e+01	-5.818286e+04	1965	9	12	18
	107	88	133.750000	20.000000	9.727580e+04	2.834609e+01	-5.818286e+04	1965	9	13	0
	106	89	132.500000	21.250000	9.688941e+04	2.815752e+01	-5.731987e+04	1965	9	13	6
	106	89	132.500000	21.250000	9.650952e+04	2.883165e+01	-5.731987e+04	1965	9	13	12
	105	90	131.250000	22.500000	9.639931e+04	3.200116e+01	-5.749639e+04	1965	9	14	0
	104	90	130.000000	22.500000	9.582273e+04	3.121871e+01	-5.210273e+04	1965	9	14	6
	104	90	130.000000	22.500000	9.580947e+04	3.429991e+01	-5.210273e+04	1965	9	14	12
	103	90	128.750000	22.500000	9.523904e+04	3.605895e+01	-3.668668e+04	1965	9	14	18
	103	90	128.750000	22.500000	9.528203e+04	3.515228e+01	-3.668668e+04	1965	9	15	0
	103	91	128.750000	23.750000	9.558748e+04	3.615494e+01	-5.602539e+04	1965	9	15	6
	103	91	128.750000	23.750000	9.556506e+04	3.531190e+01	-5.602539e+04	1965	9	15	12
	103	91	128.750000	23.750000	9.537515e+04	3.356075e+01	-5.602539e+04	1965	9	15	18
	104	91	130.000000	23.750000	9.615366e+04	3.198170e+01	-3.875588e+04	1965	9	16	0
	104	92	130.000000	25.000000	9.642722e+04	3.221116e+01	-4.511059e+04	1965	9	16	6
	105	93	131.250000	26.250000	9.602351e+04	3.352744e+01	-3.107727e+04	1965	9	16	12
	106	94	132.500000	27.500000	9.629970e+04	3.745310e+01	-5.063173e+04	1965	9	16	18
	107	96	133.750000	30.000000	9.605464e+04	3.796835e+01	-4.563034e+04	1965	9	17	0
	108	98	135.000000	32.500000	9.635603e+04	3.858818e+01	-4.339443e+04	1965	9	17	6
	110	99	137.500000	33.750000	9.665564e+04	3.135056e+01	-2.651718e+04	1965	9	17	12
	112	102	140.000000	37.500000	9.758548e+04	2.719067e+01	5.207331e+03	1965	9	17	18
start	35	1965	9	21	18
	255	92	318.750000	25.000000	9.995791e+04	2.329658e+01	-4.341404e+04	1965	9	21	18
	255	93	318.750000	26.250000	9.998950e+04	2.626687e+01	-3.906970e+04	1965	9	22	0
	255	95	318.750000	28.750000	9.963347e+04	2.642697e+01	-3.649054e+04	1965	9	22	6
	255	97	318.750000	31.250000	1.002287e+05	2.423729e+01	-3.500974e+04	1965	9	22	12
	254	98	317.500000	32.500000	9.974231e+04	2.477813e+01	-3.117534e+04	1965	9	22	18
	254	99	317.500000	33.750000	1.000517e+05	2.305365e+01	-4.415934e+04	1965	9	23	0
	254	99	317.500000	33.750000	1.000372e+05	2.223050e+01	-4.415934e+04	1965	9	23	6
	254	99	317.500000	33.750000	1.003968e+05	2.043351e+01	-4.415934e+04	1965	9	23	12
	254	100	317.500000	35.000000	1.001342e+05	2.271674e+01	-4.140368e+04	1965	9	23	18
	254	100	317.500000	35.000000	1.002305e+05	2.203255e+01	-4.140368e+04	1965	9	24	0
	254	100	317.500000	35.000000	1.000166e+05	2.241479e+01	-4.140368e+04	1965	9	24	6
	254	100	317.500000	35.000000	1.000926e+05	2.309637e+01	-4.140368e+04	1965	9	24	12
	254	100	317.500000	35.000000	1.002139e+05	2.187810e+01	-4.140368e+04	1965	9	24	18
	254	100	317.500000	35.000000	1.001421e+05	2.185485e+01	-4.140368e+04	1965	9	25	0
	255	100	318.750000	35.000000	1.001436e+05	2.074200e+01	-3.691223e+04	1965	9	25	6
	255	99	318.750000	33.750000	1.001279e+05	2.052012e+01	-3.599041e+04	1965	9	25	12
	255	99	318.750000	33.750000	9.994961e+04	2.650343e+01	-3.599041e+04	1965	9	25	18
	255	99	318.750000	33.750000	1.003453e+05	2.214358e+01	-3.599041e+04	1965	9	26	0
	255	99	318.750000	33.750000	1.000012e+05	2.311502e+01	-3.599041e+04	1965	9	26	6
	255	98	318.750000	32.500000	9.983696e+04	2.702166e+01	-3.266595e+04	1965	9	26	12
	255	98	318.750000	32.500000	9.985166e+04	2.313706e+01	-3.266595e+04	1965	9	26	18
	255	98	318.750000	32.500000	9.978698e+04	2.366512e+01	-3.266595e+04	1965	9	27	0
	255	98	318.750000	32.500000	9.982409e+04	2.300615e+01	-3.266595e+04	1965	9	27	6
	254	98	317.500000	32.500000	1.000699e+05	2.141181e+01	-3.117534e+04	1965	9	27	12
	255	99	318.750000	33.750000	9.961670e+04	2.230653e+01	-3.599041e+04	1965	9	27	18
	254	99	317.500000	33.750000	9.947341e+04	2.355914e+01	-4.415934e+04	1965	9	28	0
	255	99	318.750000	33.750000	9.917329e+04	2.760549e+01	-3.599041e+04	1965	9	28	6
	255	100	318.750000	35.000000	9.933098e+04	2.514998e+01	-3.691223e+04	1965	9	28	12
	255	100	318.750000	35.000000	9.902930e+04	2.464730e+01	-3.691223e+04	1965	9	28	18
	256	101	320.000000	36.250000	9.905552e+04	2.636883e+01	-3.790270e+04	1965	9	29	0
	258	102	322.500000	37.500000	9.826966e+04	2.785609e+01	-3.762812e+04	1965	9	29	6
	259	103	323.750000	38.750000	9.834607e+04	3.028768e+01	-4.014843e+04	1965	9	29	12
	262	104	327.500000	40.000000	9.884795e+04	3.407985e+01	-2.010363e+04	1965	9	29	18
	265	105	331.250000	41.250000	9.920632e+04	2.248673e+01	-2.329079e+04	1965	9	30	0
	266	106	332.500000	42.500000	9.880588e+04	2.099215e+01	-3.197949e+04	1965	9	30	6
start	24	1965	9	29	0
	115	86	143.750000	17.500000	9.849302e+04	2.383957e+01	-4.005036e+04	1965	9	29	0
	115	86	143.750000	17.500000	9.795091e+04	2.572178e+01	-4.005036e+04	1965	9	29	6
	115	87	143.750000	18.750000	9.731795e+04	2.655601e+01	-3.701030e+04	1965	9	29	12
	115	88	143.750000	20.000000	9.674170e+04	3.203808e+01	-2.979260e+04	1965	9	29	18
	115	88	143.750000	20.000000	9.618757e+04	3.284470e+01	-2.979260e+04	1965	9	30	0
	115	89	143.750000	21.250000	9.538088e+04	3.726900e+01	-3.914815e+04	1965	9	30	6
	115	89	143.750000	21.250000	9.473311e+04	3.730766e+01	-3.914815e+04	1965	9	30	12
	115	90	143.750000	22.500000	9.453489e+04	4.200803e+01	-3.708875e+04	1965	9	30	18
	115	91	143.750000	23.750000	9.481172e+04	3.988869e+01	-6.479254e+04	1965	10	1	0
	115	92	143.750000	25.000000	9.433674e+04	4.367032e+01	-3.770657e+04	1965	10	1	6
	115	93	143.750000	26.250000	9.483913e+04	4.250402e+01	-3.154799e+04	1965	10	1	12
	115	94	143.750000	27.500000	9.486702e+04	4.099452e+01	-6.713633e+04	1965	10	1	18
	115	94	143.750000	27.500000	9.520691e+04	4.083098e+01	-6.713633e+04	1965	10	2	0
	115	95	143.750000	28.750000	9.535762e+04	3.717211e+01	-6.086988e+04	1965	10	2	6
	115	96	143.750000	30.000000	9.542908e+04	3.930748e+01	-5.405425e+04	1965	10	2	12
	115	97	143.750000	31.250000	9.561250e+04	3.707265e+01	-5.731987e+04	1965	10	2	18
	116	98	145.000000	32.500000	9.617842e+04	3.801802e+01	-4.763090e+04	1965	10	3	0
	117	98	146.250000	32.500000	9.633811e+04	3.566737e+01	-5.800634e+04	1965	10	3	6
	118	99	147.500000	33.750000	9.702559e+04	3.128700e+01	-5.948714e+04	1965	10	3	12
	119	99	148.750000	33.750000	9.743408e+04	2.883644e+01	-6.133079e+04	1965	10	3	18
	119	100	148.750000	35.000000	9.676487e+04	3.105841e+01	-5.965385e+04	1965	10	4	0
	119	101	148.750000	36.250000	9.671133e+04	2.895189e+01	-5.674128e+04	1965	10	4	6
	120	102	150.000000	37.500000	9.703052e+04	3.005603e+01	-5.862415e+04	1965	10	4	12
	120	103	150.000000	38.750000	9.782947e+04	2.971591e+01	-5.193602e+04	1965	10	4	18
start	17	1965	10	6	6
	117	86	146.250000	17.500000	9.870964e+04	2.189695e+01	-2.529135e+04	1965	10	6	6
	117	87	146.250000	18.750000	9.859097e+04	2.593896e+01	-3.653958e+04	1965	10	6	12
	116	87	145.000000	18.750000	9.738596e+04	2.783503e+01	-3.718682e+04	1965	10	6	18
	117	88	146.250000	20.000000	9.728833e+04	2.946962e+01	-3.495090e+04	1965	10	7	0
	117	88	146.250000	20.000000	9.622073e+04	3.402089e+01	-3.495090e+04	1965	10	7	6
	117	89	146.250000	21.250000	9.559785e+04	3.636003e+01	-4.412993e+04	1965	10	7	12
	117	90	146.250000	22.500000	9.558535e+04	3.723866e+01	-6.487099e+04	1965	10	7	18
	117	90	146.250000	22.500000	9.521677e+04	3.710586e+01	-6.487099e+04	1965	10	8	0
	117	91	146.250000	23.750000	9.542710e+04	3.907935e+01	-5.782001e+04	1965	10	8	6
	117	92	146.250000	25.000000	9.523679e+04	3.700900e+01	-5.611365e+04	1965	10	8	12
	117	93	146.250000	26.250000	9.440913e+04	4.108963e+01	-5.264210e+04	1965	10	8	18
	118	95	147.500000	28.750000	9.493540e+04	4.567659e+01	-5.971269e+04	1965	10	9	0
	118	98	147.500000	32.500000	9.463743e+04	4.313403e+01	-5.889874e+04	1965	10	9	6
	120	100	150.000000	35.000000	9.591853e+04	4.254168e+01	-5.974211e+04	1965	10	9	12
	122	103	152.500000	38.750000	9.660908e+04	3.883963e+01	-5.531931e+04	1965	10	9	18
	125	107	156.250000	43.750000	9.760786e+04	3.312171e+01	-5.435826e+04	1965	10	10	0
	128	110	160.000000	47.500000	9.776765e+04	2.417630e+01	-5.096516e+04	1965	10	10	6
start	12	1965	10	16	0
	123	90	153.750000	22.500000	9.798166e+04	2.373033e+01	-5.598616e+04	1965	10	16	0
	121	91	151.250000	23.750000	9.743689e+04	2.510532e+01	-5.629998e+04	1965	10	16	12
	120	91	150.000000	23.750000	9.710130e+04	2.622242e+01	-5.435826e+04	1965	10	16	18
	119	91	148.750000	23.750000	9.727112e+04	2.737937e+01	-2.979260e+04	1965	10	17	0
	118	91	147.500000	23.750000	9.764248e+04	2.547009e+01	-5.738852e+04	1965	10	17	6
	118	92	147.500000	25.000000	9.759167e+04	2.553348e+01	-5.660398e+04	1965	10	17	12
	118	93	147.500000	26.250000	9.793020e+04	2.673631e+01	-5.456420e+04	1965	10	17	18
	117	93	146.250000	26.250000	9.812639e+04	2.363946e+01	-5.264210e+04	1965	10	18	0
	117	94	146.250000	27.500000	9.820620e+04	2.177143e+01	-5.551545e+04	1965	10	18	6
	117	94	146.250000	27.500000	9.846177e+04	2.556956e+01	-5.551545e+04	1965	10	18	12
	118	97	147.500000	31.250000	9.866289e+04	2.599006e+01	-5.986960e+04	1965	10	19	0
	119	101	148.750000	36.250000	9.913821e+04	2.821642e+01	-5.674128e+04	1965	10	19	12
start	15	1965	11	22	0
	108	82	135.000000	12.500000	9.888877e+04	2.625511e+01	-3.666706e+04	1965	11	22	0
	107	82	133.750000	12.500000	9.783997e+04	2.910928e+01	-5.199486e+04	1965	11	22	6
	106	82	132.500000	12.500000	9.759634e+04	2.975074e+01	-5.741794e+04	1965	11	22	12
	105	83	131.250000	13.750000	9.722473e+04	3.222848e+01	-5.707470e+04	1965	11	22	18
	104	83	130.000000	13.750000	9.744900e+04	3.360655e+01	-5.709432e+04	1965	11	23	0
	103	84	128.750000	15.000000	9.698345e+04	3.536955e+01	-5.486821e+04	1965	11	23	6
	102	84	127.500000	15.000000	9.709436e+04	3.327579e+01	-5.319127e+04	1965	11	23	12
	102	86	127.500000	17.500000	9.646050e+04	3.493604e+01	-5.123975e+04	1965	11	23	18
	102	87	127.500000	18.750000	9.722398e+04	3.464444e+01	-4.806239e+04	1965	11	24	0
	102	87	127.500000	18.750000	9.717070e+04	3.373573e+01	-4.806239e+04	1965	11	24	6
	102	89	127.500000	21.250000	9.685549e+04	3.634638e+01	-3.955022e+04	1965	11	24	12
	103	91	128.750000	23.750000	9.703913e+04	3.299360e+01	-5.602539e+04	1965	11	24	18
	105	92	131.250000	25.000000	9.718095e+04	3.921151e+01	-2.738017e+04	1965	11	25	0
	107	94	133.750000	27.500000	9.723118e+04	3.485500e+01	-4.648352e+04	1965	11	25	6
	110	96	137.500000	30.000000	9.805515e+04	3.497686e+01	-4.432606e+04	1965	11	25	12
start	11	1966	1	6	6
	48	58	60.000000	-17.500000	9.949741e+04	2.482265e+01	-1.407254e+04	1966	1	6	6
	47	57	58.750000	-18.750000	9.921995e+04	2.201547e+01	-1.567103e+04	1966	1	6	18
	46	57	57.500000	-18.750000	9.902295e+04	2.485697e+01	-2.456566e+04	1966	1	7	0
	46	56	57.500000	-20.000000	9.919273e+04	2.592458e+01	-1.468055e+04	1966	1	7	6
	45	56	56.250000	-20.000000	9.893962e+04	2.727222e+01	-4.302177e+04	1966	1	7	12
	45	55	56.250000	-21.250000	9.883960e+04	2.600379e+01	-2.945918e+04	1966	1	8	0
	44	54	55.000000	-22.500000	9.892448e+04	2.674619e+01	-4.170768e+04	1966	1	8	6
	43	54	53.750000	-22.500000	9.853491e+04	2.487192e+01	-4.312965e+04	1966	1	8	12
	43	54	53.750000	-22.500000	9.881692e+04	2.346818e+01	-4.312965e+04	1966	1	8	18
	42	54	52.500000	-22.500000	9.889553e+04	2.369781e+01	-4.788587e+04	1966	1	9	0
	42	53	52.500000	-23.750000	9.879870e+04	2.586087e+01	-5.013159e+04	1966	1	9	6
start	36	1966	1	29	18
	149	62	186.250000	-12.500000	9.808706e+04	3.086554e+01	-3.141070e+04	1966	1	29	18
	150	60	187.500000	-15.000000	9.792583e+04	2.772077e+01	-6.437085e+04	1966	1	30	0
	151	60	188.750000	-15.000000	9.745677e+04	2.706974e+01	-4.389457e+04	1966	1	30	12
	152	60	190.000000	-15.000000	9.730530e+04	3.057516e+01	-4.734651e+04	1966	1	30	18
	153	60	191.250000	-15.000000	9.695198e+04	3.047779e+01	-5.019043e+04	1966	1	31	0
	154	59	192.500000	-16.250000	9.724221e+04	2.807617e+01	-5.407387e+04	1966	1	31	6
	155	57	193.750000	-18.750000	9.697725e+04	3.149769e+01	-5.338740e+04	1966	1	31	18
	155	57	193.750000	-18.750000	9.689070e+04	3.086276e+01	-5.338740e+04	1966	2	1	0
	156	56	195.000000	-20.000000	9.687295e+04	3.109049e+01	-4.518904e+04	1966	2	1	6
	157	56	196.250000	-20.000000	9.696675e+04	2.909720e+01	-5.097496e+04	1966	2	1	12
	158	56	197.500000	-20.000000	9.722073e+04	2.849336e+01	-4.751322e+04	1966	2	1	18
	158	56	197.500000	-20.000000	9.682617e+04	2.887267e+01	-4.751322e+04	1966	2	2	0
	159	56	198.750000	-20.000000	9.693298e+04	2.944576e+01	-4.794471e+04	1966	2	2	6
	159	55	198.750000	-21.250000	9.687576e+04	3.110115e+01	-4.568918e+04	1966	2	2	12
	159	54	198.750000	-22.500000	9.684527e+04	2.952360e+01	-4.728767e+04	1966	2	2	18
	159	53	198.750000	-23.750000	9.719221e+04	3.016622e+01	-4.899402e+04	1966	2	3	0
	160	53	200.000000	-23.750000	9.697834e+04	2.966745e+01	-4.637565e+04	1966	2	3	6
	160	52	200.000000	-25.000000	9.729282e+04	3.134396e+01	-5.038657e+04	1966	2	3	12
	161	52	201.250000	-25.000000	9.750359e+04	2.744146e+01	-5.072980e+04	1966	2	3	18
	161	51	201.250000	-26.250000	9.745408e+04	3.014816e+01	-4.847427e+04	1966	2	4	0
	161	50	201.250000	-27.500000	9.776897e+04	3.043496e+01	-4.913132e+04	1966	2	4	6
	160	50	200.000000	-27.500000	9.780708e+04	2.962770e+01	-4.504195e+04	1966	2	4	12
	159	50	198.750000	-27.500000	9.812085e+04	2.760322e+01	-5.198505e+04	1966	2	4	18
	158	49	197.500000	-28.750000	9.830024e+04	2.614069e+01	-5.122013e+04	1966	2	5	0
	158	49	197.500000	-28.750000	9.825120e+04	2.471032e+01	-5.122013e+04	1966	2	5	6
	157	49	196.250000	-28.750000	9.845073e+04	2.185493e+01	-5.229886e+04	1966	2	5	12
	157	48	196.250000	-30.000000	9.856767e+04	2.485681e+01	-4.773877e+04	1966	2	5	18
	157	48	196.250000	-30.000000	9.870293e+04	2.487086e+01	-4.773877e+04	1966	2	6	0
	156	47	195.000000	-31.250000	9.881960e+04	2.935913e+01	-5.631959e+04	1966	2	6	6
	155	48	193.750000	-30.000000	9.886782e+04	2.275062e+01	-5.417193e+04	1966	2	6	18
	155	47	193.750000	-31.250000	9.883425e+04	2.128941e+01	-5.100439e+04	1966	2	7	0
	154	46	192.500000	-32.500000	9.874707e+04	2.363313e+01	-5.431904e+04	1966	2	7	6
	153	44	191.250000	-35.000000	9.906736e+04	2.127222e+01	-4.989623e+04	1966	2	7	12
	154	43	192.500000	-36.250000	9.885571e+04	2.354749e+01	-4.806239e+04	1966	2	7	18
	155	43	193.750000	-36.250000	9.902363e+04	2.235308e+01	-4.915093e+04	1966	2	8	0
	157	43	196.250000	-36.250000	9.899295e+04	2.448400e+01	-5.121033e+04	1966	2	8	6
start	24	1966	2	23	12
	46	55	57.500000	-21.250000	9.832261e+04	2.053081e+01	-4.767012e+04	1966	2	23	12
	46	55	57.500000	-21.250000	9.839016e+04	2.193802e+01	-4.767012e+04	1966	2	23	18
	45	54	56.250000	-22.500000	9.824065e+04	2.401469e+01	-4.129580e+04	1966	2	24	6
	45	54	56.250000	-22.500000	9.792300e+04	2.397452e+01	-4.129580e+04	1966	2	24	12
	44	53	55.000000	-23.750000	9.786770e+04	2.427754e+01	-5.464265e+04	1966	2	25	0
	44	53	55.000000	-23.750000	9.817322e+04	2.352948e+01	-5.464265e+04	1966	2	25	6
	44	52	55.000000	-25.000000	9.788364e+04	2.344043e+01	-4.873905e+04	1966	2	25	12
	44	51	55.000000	-26.250000	9.818227e+04	2.435081e+01	-5.081806e+04	1966	2	25	18
	44	51	55.000000	-26.250000	9.789577e+04	2.376144e+01	-5.081806e+04	1966	2	26	0
	44	51	55.000000	-26.250000	9.807473e+04	2.415577e+01	-5.081806e+04	1966	2	26	6
	44	51	55.000000	-26.250000	9.797585e+04	2.377922e+01	-5.081806e+04	1966	2	26	12
	44	51	55.000000	-26.250000	9.813428e+04	2.373428e+01	-5.081806e+04	1966	2	26	18
	43	50	53.750000	-27.500000	9.787700e+04	2.438690e+01	-5.263229e+04	1966	2	27	0
	43	50	53.750000	-27.500000	9.791609e+04	2.363101e+01	-5.263229e+04	1966	2	27	6
	43	50	53.750000	-27.500000	9.775962e+04	2.299970e+01	-5.263229e+04	1966	2	27	12
	44	50	55.000000	-27.500000	9.776348e+04	2.365349e+01	-5.017082e+04	1966	2	27	18
	44	49	55.000000	-28.750000	9.756484e+04	2.220068e+01	-4.796432e+04	1966	2	28	0
	45	49	56.250000	-28.750000	9.781106e+04	2.425064e+01	-5.429942e+04	1966	2	28	6
	45	48	56.250000	-30.000000	9.753173e+04	2.340029e+01	-4.526750e+04	1966	2	28	12
	46	46	57.500000	-32.500000	9.741553e+04	2.601134e+01	-3.918738e+04	1966	2	28	18
	46	44	57.500000	-35.000000	9.716355e+04	2.294213e+01	-4.557150e+04	1966	3	1	0
	47	42	58.750000	-37.500000	9.705911e+04	2.909947e+01	-5.147511e+04	1966	3	1	6
	49	39	61.250000	-41.250000	9.681016e+04	2.990167e+01	-5.016102e+04	1966	3	1	12
	52	36	65.000000	-45.000000	9.663034e+04	3.082077e+01	-4.507136e+04	1966	3	1	18
start	15	1966	3	6	18
	44	59	55.000000	-16.250000	9.806570e+04	2.470300e+01	-4.550286e+04	1966	3	6	18
	44	59	55.000000	-16.250000	9.756333e+04	2.729543e+01	-4.550286e+04	1966	3	7	0
	43	58	53.750000	-17.500000	9.733112e+04	2.990215e+01	-4.683656e+04	1966	3	7	6
	43	58	53.750000	-17.500000	9.704202e+04	2.833833e+01	-4.683656e+04	1966	3	7	12
	42	57	52.500000	-18.750000	9.742131e+04	3.068932e+01	-4.837620e+04	1966	3	7	18
	42	57	52.500000	-18.750000	9.746602e+04	2.813225e+01	-4.837620e+04	1966	3	8	0
	42	57	52.500000	-18.750000	9.765855e+04	2.864635e+01	-4.837620e+04	1966	3	8	6
	42	56	52.500000	-20.000000	9.746816e+04	2.862864e+01	-4.839582e+04	1966	3	8	12
	41	56	51.250000	-20.000000	9.759961e+04	2.794099e+01	-4.788587e+04	1966	3	8	18
	41	55	51.250000	-21.250000	9.789212e+04	2.669538e+01	-4.870963e+04	1966	3	9	0
	40	54	50.000000	-22.500000	9.831057e+04	2.839930e+01	-4.475755e+04	1966	3	9	6
	40	53	50.000000	-23.750000	9.855308e+04	2.508160e+01	-4.006997e+04	1966	3	9	12
	40	53	50.000000	-23.750000	9.905859e+04	2.684955e+01	-4.006997e+04	1966	3	9	18
	40	52	50.000000	-25.000000	9.920733e+04	2.604662e+01	-4.817027e+04	1966	3	10	0
	40	51	50.000000	-26.250000	9.977041e+04	2.228035e+01	-5.008256e+04	1966	3	10	6
start	15	1966	6	25	6
	105	84	131.250000	15.000000	9.813071e+04	2.434232e+01	-5.826131e+04	1966	6	25	6
	105	85	131.250000	16.250000	9.786645e+04	2.590385e+01	-4.934706e+04	1966	6	25	12
	105	86	131.250000	17.500000	9.737647e+04	2.644674e+01	-5.795730e+04	1966	6	25	18
	105	87	131.250000	18.750000	9.683794e+04	3.221067e+01	-6.146808e+04	1966	6	26	0
	105	89	131.250000	21.250000	9.556230e+04	3.876200e+01	-5.834957e+04	1966	6	26	6
	105	89	131.250000	21.250000	9.555327e+04	3.678034e+01	-5.834957e+04	1966	6	26	12
	106	91	132.500000	23.750000	9.496152e+04	4.070837e+01	-3.348971e+04	1966	6	26	18
	106	92	132.500000	25.000000	9.466502e+04	4.379942e+01	-5.064154e+04	1966	6	27	0
	107	93	133.750000	26.250000	9.511806e+04	4.567590e+01	-5.145549e+04	1966	6	27	6
	108	94	135.000000	27.500000	9.569455e+04	4.116956e+01	-3.554911e+04	1966	6	27	12
	109	96	136.250000	30.000000	9.570124e+04	3.630301e+01	-4.295313e+04	1966	6	27	18
	110	97	137.500000	31.250000	9.620820e+04	3.664688e+01	-4.089373e+04	1966	6	28	0
	111	98	138.750000	32.500000	9.705786e+04	3.472890e+01	-2.008402e+04	1966	6	28	6
	113	100	141.250000	35.000000	9.740305e+04	3.199428e+01	-2.840987e+04	1966	6	28	12
	117	105	146.250000	41.250000	9.767063e+04	2.767100e+01	-5.453478e+04	1966	6	29	0
start	33	1966	8	27	12
	234	89	292.500000	21.250000	9.938755e+04	2.475873e+01	-5.011198e+04	1966	8	27	12
	232	90	290.000000	22.500000	9.892200e+04	2.440924e+01	-5.342663e+04	1966	8	28	0
	231	90	288.750000	22.500000	9.885171e+04	2.483254e+01	-5.030811e+04	1966	8	28	6
	231	91	288.750000	23.750000	9.854805e+04	2.908775e+01	-5.422097e+04	1966	8	28	12
	231	91	288.750000	23.750000	9.791228e+04	2.971148e+01	-5.422097e+04	1966	8	28	18
	231	91	288.750000	23.750000	9.781877e+04	3.013888e+01	-5.422097e+04	1966	8	29	0
	231	91	288.750000	23.750000	9.781204e+04	2.912426e+01	-5.422097e+04	1966	8	29	6
	231	92	288.750000	25.000000	9.752200e+04	3.462095e+01	-5.415232e+04	1966	8	29	12
	231	92	288.750000	25.000000	9.786001e+04	3.213842e+01	-5.415232e+04	1966	8	29	18
	231	92	288.750000	25.000000	9.788120e+04	3.214590e+01	-5.415232e+04	1966	8	30	0
	230	93	287.500000	26.250000	9.733472e+04	3.444361e+01	-5.105342e+04	1966	8	30	6
	230	93	287.500000	26.250000	9.772559e+04	3.254048e+01	-5.105342e+04	1966	8	30	12
	230	94	287.500000	27.500000	9.787058e+04	3.277182e+01	-4.898421e+04	1966	8	30	18
	230	94	287.500000	27.500000	9.782671e+04	3.343755e+01	-4.898421e+04	1966	8	31	0
	229	95	286.250000	28.750000	9.762009e+04	3.114290e+01	-4.513020e+04	1966	8	31	6
	229	95	286.250000	28.750000	9.771404e+04	3.280448e+01	-4.513020e+04	1966	8	31	12
	229	96	286.250000	30.000000	9.763038e+04	3.161065e+01	-4.088393e+04	1966	8	31	18
	230	97	287.500000	31.250000	9.693496e+04	3.209472e+01	-5.293630e+04	1966	9	1	0
	231	98	288.750000	32.500000	9.676511e+04	3.720654e+01	-5.298533e+04	1966	9	1	6
	232	99	290.000000	33.750000	9.645659e+04	3.686568e+01	-5.279900e+04	1966	9	1	12
	233	100	291.250000	35.000000	9.647871e+04	3.582401e+01	-5.133781e+04	1966	9	1	18
	234	101	292.500000	36.250000	9.678735e+04	3.460122e+01	-4.850369e+04	1966	9	2	0
	235	101	293.750000	36.250000	9.663386e+04	3.435637e+01	-4.892538e+04	1966	9	2	6
	236	102	295.000000	37.500000	9.673071e+04	3.201705e+01	-4.895480e+04	1966	9	2	12
	238	102	297.500000	37.500000	9.687559e+04	3.650652e+01	-4.972952e+04	1966	9	2	18
	240	102	300.000000	37.500000	9.672803e+04	3.560162e+01	-3.455863e+04	1966	9	3	0
	242	102	302.500000	37.500000	9.636767e+04	3.402217e+01	-5.246558e+04	1966	9	3	6
	245	103	306.250000	38.750000	9.629143e+04	3.405133e+01	-5.218118e+04	1966	9	3	12
	247	104	308.750000	40.000000	9.593496e+04	3.549838e+01	-5.262248e+04	1966	9	3	18
	250	105	312.500000	41.250000	9.612995e+04	3.710317e+01	-3.837342e+04	1966	9	4	0
	253	107	316.250000	43.750000	9.551804e+04	3.267569e+01	-3.092037e+04	1966	9	4	6
	255	110	318.750000	47.500000	9.524089e+04	3.302347e+01	-4.326694e+04	1966	9	4	12
	258	112	322.500000	50.000000	9.491650e+04	3.616816e+01	-4.032495e+04	1966	9	4	18
start	28	1966	8	29	18
	113	93	141.250000	26.250000	9.911938e+04	2.328373e+01	-2.641912e+04	1966	8	29	18
	111	92	138.750000	25.000000	9.879722e+04	2.474126e+01	-4.883712e+04	1966	8	30	6
	110	92	137.500000	25.000000	9.874746e+04	2.659853e+01	-4.471832e+04	1966	8	30	12
	109	92	136.250000	25.000000	9.837995e+04	2.535116e+01	-4.269815e+04	1966	8	30	18
	108	92	135.000000	25.000000	9.855796e+04	2.738718e+01	-5.182814e+04	1966	8	31	0
	107	92	133.750000	25.000000	9.847341e+04	3.149976e+01	-4.338462e+04	1966	8	31	12
	106	92	132.500000	25.000000	9.819600e+04	3.115731e+01	-5.064154e+04	1966	8	31	18
	105	92	131.250000	25.000000	9.829434e+04	3.111678e+01	-2.738017e+04	1966	9	1	0
	104	92	130.000000	25.000000	9.842136e+04	2.656011e+01	-4.511059e+04	1966	9	1	6
	103	93	128.750000	26.250000	9.857222e+04	2.648039e+01	-2.635047e+04	1966	9	1	12
	102	93	127.500000	26.250000	9.847246e+04	2.521499e+01	-6.766589e+02	1966	9	1	18
	101	93	126.250000	26.250000	9.832798e+04	2.655604e+01	-1.427848e+04	1966	9	2	0
	100	93	125.000000	26.250000	9.798386e+04	2.861468e+01	-1.324878e+04	1966	9	2	6
	99	93	123.750000	26.250000	9.779634e+04	2.949955e+01	-1.343511e+03	1966	9	2	12
	98	93	122.500000	26.250000	9.785371e+04	2.801525e+01	-9.806650e+02	1966	9	2	18
	97	93	121.250000	26.250000	9.798741e+04	2.374981e+01	-7.747253e+02	1966	9	3	0
	96	93	120.000000	26.250000	9.842705e+04	2.131853e+01	-9.806650e+00	1966	9	3	6
	102	91	127.500000	23.750000	9.682995e+04	3.047195e+01	-5.595675e+04	1966	9	4	0
	102	91	127.500000	23.750000	9.691804e+04	3.613656e+01	-5.595675e+04	1966	9	4	6
	101	91	126.250000	23.750000	9.678152e+04	3.227734e+01	-5.574100e+04	1966	9	4	12
	101	92	126.250000	25.000000	9.752275e+04	2.876276e+01	-1.010085e+04	1966	9	4	18
	100	92	125.000000	25.000000	9.731767e+04	3.057920e+01	-1.320956e+04	1966	9	5	0
	100	92	125.000000	25.000000	9.658223e+04	3.172944e+01	-1.320956e+04	1966	9	5	6
	99	92	123.750000	25.000000	9.710222e+04	3.197980e+01	-2.002518e+04	1966	9	5	12
	99	92	123.750000	25.000000	9.695964e+04	3.286057e+01	-2.002518e+04	1966	9	5	18
	98	92	122.500000	25.000000	9.740657e+04	3.071094e+01	-1.443539e+04	1966	9	6	0
	98	93	122.500000	26.250000	9.696113e+04	2.846296e+01	-9.806650e+02	1966	9	6	6
	97	93	121.250000	26.250000	9.722698e+04	2.417652e+01	-7.747253e+02	1966	9	6	12
start	12	1966	9	1	6
	109	86	136.250000	17.500000	9.897136e+04	2.022173e+01	-4.989623e+04	1966	9	1	6
	108	87	135.000000	18.750000	9.873784e+04	2.183054e+01	-5.540757e+04	1966	9	1	12
	108	88	135.000000	20.000000	9.811309e+04	2.761351e+01	-5.653534e+04	1966	9	1	18
	107	88	133.750000	20.000000	9.799673e+04	2.603274e+01	-5.818286e+04	1966	9	2	0
	107	89	133.750000	21.250000	9.713073e+04	2.897012e+01	-5.766310e+04	1966	9	2	6
	106	90	132.500000	22.500000	9.723071e+04	3.244521e+01	-5.560371e+04	1966	9	2	12
	106	90	132.500000	22.500000	9.676309e+04	3.271100e+01	-5.560371e+04	1966	9	2	18
	105	91	131.250000	23.750000	9.692803e+04	3.472607e+01	-4.479678e+04	1966	9	3	0
	104	90	130.000000	22.500000	9.657705e+04	3.461201e+01	-5.210273e+04	1966	9	3	6
	103	91	128.750000	23.750000	9.714143e+04	3.338760e+01	-5.602539e+04	1966	9	3	12
	103	91	128.750000	23.750000	9.706621e+04	3.555730e+01	-5.602539e+04	1966	9	3	18
	102	91	127.500000	23.750000	9.682995e+04	3.047195e+01	-5.595675e+04	1966	9	4	0
start	15	1966	10	6	18
	219	90	273.750000	22.500000	9.878411e+04	2.498694e+01	-1.203276e+04	1966	10	6	18
	218	90	272.500000	22.500000	9.850786e+04	2.482412e+01	-4.216859e+02	1966	10	7	0
	217	90	271.250000	22.500000	9.874019e+04	2.444159e+01	-4.805258e+02	1966	10	7	12
	216	89	270.000000	21.250000	9.883999e+04	2.725933e+01	-4.903325e+01	1966	10	7	18
	215	89	268.750000	21.250000	9.837803e+04	2.531137e+01	-2.647795e+02	1966	10	8	0
	214	89	267.500000	21.250000	9.830581e+04	2.747464e+01	-6.972528e+03	1966	10	8	6
	214	89	267.500000	21.250000	9.812947e+04	3.052553e+01	-6.972528e+03	1966	10	8	12
	213	90	266.250000	22.500000	9.780534e+04	2.958888e+01	-3.667687e+04	1966	10	8	18
	212	90	265.000000	22.500000	9.763134e+04	3.190316e+01	-3.392120e+04	1966	10	9	0
	212	90	265.000000	22.500000	9.743088e+04	3.081339e+01	-3.392120e+04	1966	10	9	6
	211	90	263.750000	22.500000	9.778301e+04	2.822403e+01	-2.451662e+04	1966	10	9	12
	211	90	263.750000	22.500000	9.805327e+04	2.642395e+01	-2.451662e+04	1966	10	9	18
	211	90	263.750000	22.500000	9.816636e+04	2.708381e+01	-2.451662e+04	1966	10	10	0
	210	90	262.500000	22.500000	9.896788e+04	2.588729e+01	-7.845320e+02	1966	10	10	6
	210	90	262.500000	22.500000	9.880857e+04	2.060511e+01	-7.845320e+02	1966	10	10	12
start	29	1966	10	11	0
	121	87	151.250000	18.750000	9.871204e+04	2.348353e+01	-5.446613e+04	1966	10	11	0
	121	88	151.250000	20.000000	9.805738e+04	2.522217e+01	-5.326972e+04	1966	10	11	18
	120	88	150.000000	20.000000	9.793140e+04	2.816969e+01	-2.857658e+04	1966	10	12	0
	120	88	150.000000	20.000000	9.824927e+04	2.916962e+01	-2.857658e+04	1966	10	12	6
	120	89	150.000000	21.250000	9.800002e+04	2.898776e+01	-5.613327e+04	1966	10	12	12
	120	89	150.000000	21.250000	9.778116e+04	3.049024e+01	-5.613327e+04	1966	10	12	18
	121	89	151.250000	21.250000	9.804116e+04	3.052792e+01	-5.685896e+04	1966	10	13	0
	121	90	151.250000	22.500000	9.757148e+04	3.029190e+01	-5.525067e+04	1966	10	13	6
	122	90	152.500000	22.500000	9.769492e+04	2.832705e+01	-5.496627e+04	1966	10	13	12
	122	91	152.500000	23.750000	9.721059e+04	3.059638e+01	-5.167124e+04	1966	10	13	18
	123	91	153.750000	23.750000	9.733391e+04	3.033597e+01	-4.704250e+04	1966	10	14	0
	124	92	155.000000	25.000000	9.666184e+04	3.076055e+01	-5.563312e+04	1966	10	14	6
	125	93	156.250000	26.250000	9.672832e+04	3.063902e+01	-5.931062e+04	1966	10	14	12
	126	94	157.500000	27.500000	9.673372e+04	3.250438e+01	-5.865357e+04	1966	10	14	18
	126	94	157.500000	27.500000	9.647259e+04	3.201860e+01	-5.865357e+04	1966	10	15	0
	127	95	158.750000	28.750000	9.674175e+04	3.132365e+01	-5.828092e+04	1966	10	15	6
	128	95	160.000000	28.750000	9.639519e+04	3.257896e+01	-5.680992e+04	1966	10	15	12
	129	96	161.250000	30.000000	9.678413e+04	3.242225e+01	-5.832995e+04	1966	10	15	18
	130	96	162.500000	30.000000	9.694360e+04	3.107131e+01	-5.916352e+04	1966	10	16	0
	131	96	163.750000	30.000000	9.696011e+04	3.028241e+01	-5.853589e+04	1966	10	16	6
	132	96	165.000000	30.000000	9.703830e+04	3.225101e+01	-5.799653e+04	1966	10	16	12
	132	97	165.000000	31.250000	9.732175e+04	3.191446e+01	-5.703548e+04	1966	10	16	18
	133	97	166.250000	31.250000	9.719900e+04	2.753763e+01	-6.078162e+04	1966	10	17	0
	134	97	167.500000	31.250000	9.698479e+04	3.018895e+01	-5.880067e+04	1966	10	17	6
	135	97	168.750000	31.250000	9.731775e+04	3.025094e+01	-5.679031e+04	1966	10	17	12
	136	98	170.000000	32.500000	9.686714e+04	2.779281e+01	-5.469169e+04	1966	10	17	18
	137	98	171.250000	32.500000	9.721660e+04	2.718361e+01	-5.557429e+04	1966	10	18	0
	137	99	171.250000	33.750000	9.668394e+04	2.839702e+01	-2.093720e+04	1966	10	18	6
	138	101	172.500000	36.250000	9.701762e+04	3.167020e+01	-5.119071e+04	1966	10	18	12
start	12	1966	11	1	6
	124	89	155.000000	21.250000	9.827585e+04	2.537962e+01	-4.089373e+04	1966	11	1	6
	122	89	152.500000	21.250000	9.799075e+04	3.083937e+01	-5.461323e+04	1966	11	1	12
	121	89	151.250000	21.250000	9.763266e+04	2.595179e+01	-5.685896e+04	1966	11	1	18
	121	90	151.250000	22.500000	9.734941e+04	2.898232e+01	-5.525067e+04	1966	11	2	0
	121	91	151.250000	23.750000	9.718911e+04	3.194873e+01	-5.629998e+04	1966	11	2	6
	121	91	151.250000	23.750000	9.711423e+04	3.074846e+01	-5.629998e+04	1966	11	2	12
	122	92	152.500000	25.000000	9.711009e+04	3.033201e+01	-4.738573e+04	1966	11	2	18
	123	93	153.750000	26.250000	9.705056e+04	3.148492e+01	-5.891835e+04	1966	11	3	0
	125	95	156.250000	28.750000	9.679751e+04	3.612999e+01	-5.730026e+04	1966	11	3	6
	127	96	158.750000	30.000000	9.705698e+04	3.418013e+01	-5.719238e+04	1966	11	3	12
	130	97	162.500000	31.250000	9.709939e+04	3.368021e+01	-5.803575e+04	1966	11	3	18
	133	98	166.250000	32.500000	9.766675e+04	3.227768e+01	-5.983037e+04	1966	11	4	0
start	15	1967	1	27	12
	123	56	153.750000	-20.000000	9.760059e+04	2.384638e+01	-2.321234e+04	1967	1	27	12
	122	55	152.500000	-21.250000	9.761377e+04	2.591547e+01	-1.176798e+02	1967	1	28	0
	123	55	153.750000	-21.250000	9.738770e+04	2.528848e+01	-1.228773e+04	1967	1	28	6
	122	54	152.500000	-22.500000	9.733015e+04	2.734369e+01	-1.049312e+03	1967	1	28	12
	122	54	152.500000	-22.500000	9.738980e+04	2.789411e+01	-1.049312e+03	1967	1	28	18
	122	53	152.500000	-23.750000	9.740566e+04	2.506223e+01	-2.402629e+03	1967	1	29	0
	123	53	153.750000	-23.750000	9.714922e+04	2.683231e+01	-1.427848e+04	1967	1	29	6
	123	52	153.750000	-25.000000	9.724338e+04	2.738574e+01	-1.133649e+04	1967	1	29	12
	123	51	153.750000	-26.250000	9.721738e+04	2.894898e+01	-8.531785e+02	1967	1	29	18
	124	50	155.000000	-27.500000	9.741202e+04	2.688909e+01	-2.800779e+04	1967	1	30	0
	125	49	156.250000	-28.750000	9.697344e+04	2.757201e+01	-4.734651e+04	1967	1	30	6
	126	48	157.500000	-30.000000	9.726003e+04	2.800983e+01	-2.701732e+04	1967	1	30	12
	127	47	158.750000	-31.250000	9.760547e+04	2.848314e+01	-3.712798e+04	1967	1	30	18
	127	47	158.750000	-31.250000	9.794419e+04	2.507234e+01	-3.712798e+04	1967	1	31	0
	127	46	158.750000	-32.500000	9.800034e+04	2.479917e+01	-4.122716e+04	1967	1	31	6
start	52	1967	9	2	0
	131	87	163.750000	18.750000	9.820766e+04	2.548727e+01	-4.982759e+04	1967	9	2	0
	130	87	162.500000	18.750000	9.743806e+04	2.633633e+01	-2.722326e+04	1967	9	2	6
	129	87	161.250000	18.750000	9.750955e+04	3.001727e+01	-2.596801e+04	1967	9	2	12
	129	87	161.250000	18.750000	9.683743e+04	3.072792e+01	-2.596801e+04	1967	9	2	18
	128	88	160.000000	20.000000	9.618132e+04	3.452690e+01	-4.320810e+04	1967	9	3	0
	127	88	158.750000	20.000000	9.595788e+04	3.464685e+01	-5.516241e+04	1967	9	3	6
	127	89	158.750000	21.250000	9.577214e+04	3.879787e+01	-4.934706e+04	1967	9	3	12
	126	89	157.500000	21.250000	9.534231e+04	3.738057e+01	-4.428683e+04	1967	9	3	18
	125	89	156.250000	21.250000	9.446389e+04	4.303579e+01	-4.942552e+04	1967	9	4	0
	124	89	155.000000	21.250000	9.420149e+04	4.020951e+01	-4.089373e+04	1967	9	4	6
	123	89	153.750000	21.250000	9.474502e+04	4.462228e+01	-5.703548e+04	1967	9	4	12
	123	90	153.750000	22.500000	9.589043e+04	3.902047e+01	-5.598616e+04	1967	9	4	18
	122	90	152.500000	22.500000	9.544859e+04	3.761882e+01	-5.496627e+04	1967	9	5	0
	121	90	151.250000	22.500000	9.497752e+04	3.886654e+01	-5.525067e+04	1967	9	5	6
	120	91	150.000000	23.750000	9.586784e+04	3.861232e+01	-5.435826e+04	1967	9	5	12
	120	91	150.000000	23.750000	9.574030e+04	3.807480e+01	-5.435826e+04	1967	9	5	18
	119	92	148.750000	25.000000	9.568220e+04	3.651014e+01	-3.925602e+04	1967	9	6	0
	119	92	148.750000	25.000000	9.557466e+04	3.715331e+01	-3.925602e+04	1967	9	6	6
	119	92	148.750000	25.000000	9.593530e+04	3.586002e+01	-3.925602e+04	1967	9	6	12
	118	93	147.500000	26.250000	9.554651e+04	3.668148e+01	-5.456420e+04	1967	9	6	18
	118	93	147.500000	26.250000	9.582356e+04	3.475590e+01	-5.456420e+04	1967	9	7	0
	117	94	146.250000	27.500000	9.623559e+04	3.357198e+01	-5.551545e+04	1967	9	7	6
	117	94	146.250000	27.500000	9.617337e+04	3.464472e+01	-5.551545e+04	1967	9	7	12
	117	94	146.250000	27.500000	9.606980e+04	3.519313e+01	-5.551545e+04	1967	9	7	18
	116	94	145.000000	27.500000	9.615805e+04	3.357951e+01	-5.262248e+04	1967	9	8	0
	116	94	145.000000	27.500000	9.610769e+04	3.435920e+01	-5.262248e+04	1967	9	8	6
	115	94	143.750000	27.500000	9.633459e+04	3.468990e+01	-6.713633e+04	1967	9	8	12
	115	94	143.750000	27.500000	9.641797e+04	2.981172e+01	-6.713633e+04	1967	9	8	18
	114	94	142.500000	27.500000	9.664380e+04	3.218016e+01	-1.608291e+04	1967	9	9	0
	114	94	142.500000	27.500000	9.683506e+04	3.047329e+01	-1.608291e+04	1967	9	9	6
	113	93	141.250000	26.250000	9.683791e+04	2.940415e+01	-2.641912e+04	1967	9	9	12
	113	93	141.250000	26.250000	9.666983e+04	2.812398e+01	-2.641912e+04	1967	9	9	18
	112	93	140.000000	26.250000	9.684197e+04	2.739824e+01	-3.676513e+04	1967	9	10	0
	112	93	140.000000	26.250000	9.651970e+04	2.888118e+01	-3.676513e+04	1967	9	10	6
	111	93	138.750000	26.250000	9.637991e+04	2.914028e+01	-4.813104e+04	1967	9	10	12
	111	93	138.750000	26.250000	9.683155e+04	2.756879e+01	-4.813104e+04	1967	9	10	18
	110	94	137.500000	27.500000	9.656030e+04	2.870699e+01	-4.528711e+04	1967	9	11	0
	109	94	136.250000	27.500000	9.632027e+04	2.962625e+01	-5.037676e+04	1967	9	11	6
	109	94	136.250000	27.500000	9.625591e+04	2.901814e+01	-5.037676e+04	1967	9	11	12
	109	94	136.250000	27.500000	9.667927e+04	3.177630e+01	-5.037676e+04	1967	9	11	18
	109	95	136.250000	28.750000	9.679348e+04	2.924498e+01	-4.666004e+04	1967	9	12	0
	109	95	136.250000	28.750000	9.642622e+04	2.828367e+01	-4.666004e+04	1967	9	12	6
	109	95	136.250000	28.750000	9.670403e+04	2.837366e+01	-4.666004e+04	1967	9	12	12
	109	96	136.250000	30.000000	9.682498e+04	3.026345e+01	-4.295313e+04	1967	9	12	18
	110	96	137.500000	30.000000	9.658591e+04	3.175856e+01	-4.432606e+04	1967	9	13	0
	111	96	138.750000	30.000000	9.657620e+04	3.160799e+01	-2.511483e+04	1967	9	13	6
	112	97	140.000000	31.250000	9.694280e+04	2.847545e+01	-7.717833e+03	1967	9	13	12
	113	98	141.250000	32.500000	9.711953e+04	2.806844e+01	-2.719384e+04	1967	9	13	18
	113	98	141.250000	32.500000	9.730903e+04	2.808791e+01	-2.719384e+04	1967	9	14	0
	114	99	142.500000	33.750000	9.769441e+04	2.581022e+01	-6.755802e+04	1967	9	14	6
	114	99	142.500000	33.750000	9.791836e+04	2.547944e+01	-6.755802e+04	1967	9	14	12
	114	99	142.500000	33.750000	9.808233e+04	2.347634e+01	-6.755802e+04	1967	9	14	18
start	11	1967	9	10	18
	129	92	161.250000	25.000000	9.808155e+04	2.221155e+01	-5.551545e+04	1967	9	10	18
	128	92	160.000000	25.000000	9.789839e+04	3.005668e+01	-5.690799e+04	1967	9	11	6
	127	92	158.750000	25.000000	9.798716e+04	2.881932e+01	-5.765330e+04	1967	9	11	12
	125	93	156.250000	26.250000	9.800911e+04	2.997765e+01	-5.931062e+04	1967	9	12	0
	124	94	155.000000	27.500000	9.795747e+04	3.333881e+01	-5.954598e+04	1967	9	12	6
	123	95	153.750000	28.750000	9.834153e+04	2.637873e+01	-5.896739e+04	1967	9	12	12
	122	97	152.500000	31.250000	9.814373e+04	2.960238e+01	-5.688838e+04	1967	9	12	18
	121	98	151.250000	32.500000	9.829841e+04	2.915899e+01	-5.626075e+04	1967	9	13	0
	121	100	151.250000	35.000000	9.854807e+04	2.718799e+01	-5.965385e+04	1967	9	13	6
	121	102	151.250000	37.500000	9.881467e+04	2.614360e+01	-5.747678e+04	1967	9	13	12
	122	103	152.500000	38.750000	9.922891e+04	2.956085e+01	-5.531931e+04	1967	9	13	18
start	39	1967	9	11	0
	252	93	315.000000	26.250000	9.976968e+04	2.639940e+01	-2.541884e+04	1967	9	11	0
	251	93	313.750000	26.250000	9.950464e+04	2.518637e+01	-3.925602e+04	1967	9	11	6
	250	93	312.500000	26.250000	9.949966e+04	2.732804e+01	-4.085450e+04	1967	9	11	12
	249	93	311.250000	26.250000	9.905115e+04	2.614499e+01	-4.865079e+04	1967	9	11	18
	248	93	310.000000	26.250000	9.894348e+04	2.887881e+01	-4.890576e+04	1967	9	12	0
	248	94	310.000000	27.500000	9.879809e+04	2.765246e+01	-4.613048e+04	1967	9	12	6
	248	94	310.000000	27.500000	9.849153e+04	2.709980e+01	-4.613048e+04	1967	9	12	12
	248	94	310.000000	27.500000	9.859373e+04	3.051843e+01	-4.613048e+04	1967	9	12	18
	247	94	308.750000	27.500000	9.826716e+04	2.732503e+01	-4.356114e+04	1967	9	13	0
	247	94	308.750000	27.500000	9.826057e+04	2.735632e+01	-4.356114e+04	1967	9	13	6
	247	95	308.750000	28.750000	9.790530e+04	3.074279e+01	-5.274016e+04	1967	9	13	12
	246	95	307.500000	28.750000	9.757266e+04	3.041462e+01	-5.187718e+04	1967	9	13	18
	246	95	307.500000	28.750000	9.769966e+04	3.318988e+01	-5.187718e+04	1967	9	14	0
	246	95	307.500000	28.750000	9.766003e+04	3.342732e+01	-5.187718e+04	1967	9	14	6
	246	96	307.500000	30.000000	9.751523e+04	3.298747e+01	-5.578023e+04	1967	9	14	12
	245	97	306.250000	31.250000	9.760420e+04	3.664380e+01	-5.512318e+04	1967	9	14	18
	244	97	305.000000	31.250000	9.733269e+04	3.263836e+01	-5.383851e+04	1967	9	15	0
	243	98	303.750000	32.500000	9.766992e+04	3.276632e+01	-5.435826e+04	1967	9	15	6
	243	99	303.750000	33.750000	9.763689e+04	3.344891e+01	-5.343644e+04	1967	9	15	12
	242	100	302.500000	35.000000	9.795659e+04	3.239928e+01	-4.399263e+04	1967	9	15	18
	242	100	302.500000	35.000000	9.790671e+04	3.413837e+01	-4.399263e+04	1967	9	16	0
	242	101	302.500000	36.250000	9.820918e+04	3.095039e+01	-4.811143e+04	1967	9	16	6
	242	102	302.500000	37.500000	9.809499e+04	2.975400e+01	-5.246558e+04	1967	9	16	12
	242	103	302.500000	38.750000	9.810276e+04	3.030194e+01	-5.152414e+04	1967	9	16	18
	242	104	302.500000	40.000000	9.799253e+04	3.012866e+01	-5.101419e+04	1967	9	17	0
	244	105	305.000000	41.250000	9.796465e+04	2.759951e+01	-4.798394e+04	1967	9	17	6
	246	105	307.500000	41.250000	9.746389e+04	3.065910e+01	-5.019043e+04	1967	9	17	12
	248	106	310.000000	42.500000	9.800234e+04	2.843446e+01	-2.776263e+04	1967	9	17	18
	250	106	312.500000	42.500000	9.795512e+04	2.904353e+01	-3.761831e+04	1967	9	18	0
	252	106	315.000000	42.500000	9.728698e+04	2.992329e+01	-4.695424e+04	1967	9	18	6
	255	106	318.750000	42.500000	9.768889e+04	3.187505e+01	-4.767012e+04	1967	9	18	12
	257	107	321.250000	43.750000	9.742348e+04	2.997885e+01	-3.482341e+04	1967	9	18	18
	260	107	325.000000	43.750000	9.765652e+04	2.941569e+01	-3.408791e+04	1967	9	19	0
	263	108	328.750000	45.000000	9.772452e+04	2.529521e+01	-3.036139e+04	1967	9	19	6
	265	108	331.250000	45.000000	9.797478e+04	2.986369e+01	-2.590917e+04	1967	9	19	12
	268	108	335.000000	45.000000	9.815859e+04	2.926373e+01	-2.681138e+04	1967	9	19	18
	271	108	338.750000	45.000000	9.854170e+04	2.342384e+01	-3.809884e+04	1967	9	20	0
	273	108	341.250000	45.000000	9.869028e+04	2.143869e+01	-4.239415e+04	1967	9	20	6
	276	107	345.000000	43.750000	9.875491e+04	2.448998e+01	-4.330617e+04	1967	9	20	12
start	10	1967	9	13	6
	236	102	295.000000	37.500000	9.930432e+04	2.383807e+01	-4.895480e+04	1967	9	13	6
	236	102	295.000000	37.500000	9.939905e+04	2.631373e+01	-4.895480e+04	1967	9	13	12
	236	102	295.000000	37.500000	9.909453e+04	2.608732e+01	-4.895480e+04	1967	9	13	18
	236	102	295.000000	37.500000	9.922778e+04	2.498427e+01	-4.895480e+04	1967	9	14	0
	235	102	293.750000	37.500000	9.898191e+04	2.732785e+01	-4.879789e+04	1967	9	14	6
	235	102	293.750000	37.500000	9.892148e+04	2.382686e+01	-4.879789e+04	1967	9	14	12
	233	102	291.250000	37.500000	9.918064e+04	2.526002e+01	-4.421818e+04	1967	9	15	12
	232	102	290.000000	37.500000	9.937222e+04	2.338744e+01	-4.127619e+04	1967	9	15	18
	231	102	288.750000	37.500000	9.950671e+04	2.828762e+01	-3.795173e+04	1967	9	16	0
	229	102	286.250000	37.500000	9.973730e+04	2.880976e+01	-1.950543e+04	1967	9	16	6
start	35	1967	9	14	12
	142	86	177.500000	17.500000	9.903711e+04	2.325261e+01	-4.261970e+04	1967	9	14	12
	142	86	177.500000	17.500000	9.807920e+04	2.620685e+01	-4.261970e+04	1967	9	14	18
	140	87	175.000000	18.750000	9.775144e+04	3.134604e+01	-3.818709e+04	1967	9	15	0
	139	86	173.750000	17.500000	9.726992e+04	3.166503e+01	-3.809884e+04	1967	9	15	6
	138	86	172.500000	17.500000	9.716189e+04	3.293904e+01	-3.954041e+04	1967	9	15	12
	137	87	171.250000	18.750000	9.639097e+04	3.759937e+01	-2.036841e+04	1967	9	15	18
	136	87	170.000000	18.750000	9.662234e+04	3.880135e+01	-4.660120e+04	1967	9	16	0
	134	87	167.500000	18.750000	9.658418e+04	3.701963e+01	-1.819134e+04	1967	9	16	6
	133	87	166.250000	18.750000	9.634812e+04	3.733256e+01	-5.317166e+04	1967	9	16	12
	132	88	165.000000	20.000000	9.570901e+04	3.826728e+01	-5.226945e+04	1967	9	16	18
	131	88	163.750000	20.000000	9.608003e+04	3.778942e+01	-5.021005e+04	1967	9	17	0
	130	88	162.500000	20.000000	9.634277e+04	3.554999e+01	-4.739554e+04	1967	9	17	6
	129	88	161.250000	20.000000	9.653264e+04	3.719518e+01	-4.883712e+04	1967	9	17	12
	128	88	160.000000	20.000000	9.601484e+04	3.648314e+01	-4.320810e+04	1967	9	17	18
	127	88	158.750000	20.000000	9.665200e+04	3.446090e+01	-5.516241e+04	1967	9	18	0
	127	88	158.750000	20.000000	9.636823e+04	3.614584e+01	-5.516241e+04	1967	9	18	6
	126	88	157.500000	20.000000	9.699827e+04	3.280373e+01	-2.912575e+04	1967	9	18	12
	126	88	157.500000	20.000000	9.688286e+04	3.678582e+01	-2.912575e+04	1967	9	18	18
	126	89	157.500000	21.250000	9.735027e+04	3.239594e+01	-4.428683e+04	1967	9	19	0
	125	89	156.250000	21.250000	9.722452e+04	3.618866e+01	-4.942552e+04	1967	9	19	6
	124	90	155.000000	22.500000	9.759666e+04	3.248822e+01	-5.361296e+04	1967	9	19	12
	124	91	155.000000	23.750000	9.760234e+04	3.147390e+01	-5.437788e+04	1967	9	19	18
	123	92	153.750000	25.000000	9.795108e+04	3.082092e+01	-5.517221e+04	1967	9	20	0
	122	93	152.500000	26.250000	9.764028e+04	2.866643e+01	-4.818988e+04	1967	9	20	6
	122	94	152.500000	27.500000	9.812991e+04	2.847038e+01	-5.432884e+04	1967	9	20	12
	121	95	151.250000	28.750000	9.799453e+04	2.889129e+01	-5.696683e+04	1967	9	20	18
	120	96	150.000000	30.000000	9.844937e+04	2.767126e+01	-5.796711e+04	1967	9	21	0
	119	97	148.750000	31.250000	9.808086e+04	2.726590e+01	-6.058548e+04	1967	9	21	6
	119	98	148.750000	32.500000	9.826309e+04	2.795158e+01	-4.277661e+04	1967	9	21	12
	120	100	150.000000	35.000000	9.859284e+04	2.724616e+01	-5.974211e+04	1967	9	21	18
	121	101	151.250000	36.250000	9.844788e+04	2.837734e+01	-5.781020e+04	1967	9	22	0
	122	103	152.500000	38.750000	9.883791e+04	2.390705e+01	-5.531931e+04	1967	9	22	6
	125	103	156.250000	38.750000	9.904678e+04	2.911095e+01	-5.585868e+04	1967	9	22	12
	128	104	160.000000	40.000000	9.917608e+04	2.747783e+01	-5.425039e+04	1967	9	22	18
	130	104	162.500000	40.000000	9.960310e+04	2.072433e+01	-5.242635e+04	1967	9	23	0
start	12	1967	9	16	12
	220	88	275.000000	20.000000	9.887624e+04	2.464986e+01	-4.476736e+04	1967	9	16	12
	217	89	271.250000	21.250000	9.882327e+04	2.120094e+01	6.864655e+01	1967	9	17	12
	216	89	270.000000	21.250000	9.911484e+04	2.565103e+01	-4.903325e+01	1967	9	17	18
	214	89	267.500000	21.250000	9.873264e+04	2.818396e+01	-6.972528e+03	1967	9	18	12
	213	90	266.250000	22.500000	9.841411e+04	2.913310e+01	-3.667687e+04	1967	9	18	18
	212	90	265.000000	22.500000	9.776827e+04	3.031293e+01	-3.392120e+04	1967	9	19	6
	212	91	265.000000	23.750000	9.781853e+04	2.989095e+01	-3.525491e+04	1967	9	19	12
	211	91	263.750000	23.750000	9.728672e+04	3.201905e+01	-1.988789e+04	1967	9	19	18
	211	91	263.750000	23.750000	9.738858e+04	3.211618e+01	-1.988789e+04	1967	9	20	0
	211	92	263.750000	25.000000	9.752778e+04	3.326116e+01	-1.086577e+04	1967	9	20	6
	210	93	262.500000	26.250000	9.772991e+04	3.059667e+01	8.825985e+01	1967	9	20	12
	210	93	262.500000	26.250000	9.841328e+04	3.346061e+01	8.825985e+01	1967	9	20	18
start	14	1967	9	21	0
	114	90	142.500000	22.500000	9.799312e+04	2.571085e+01	-2.512464e+04	1967	9	21	0
	114	90	142.500000	22.500000	9.760273e+04	2.691911e+01	-2.512464e+04	1967	9	21	6
	115	91	143.750000	23.750000	9.767097e+04	2.927294e+01	-6.479254e+04	1967	9	21	18
	115	92	143.750000	25.000000	9.806350e+04	2.548811e+01	-3.770657e+04	1967	9	22	0
	115	92	143.750000	25.000000	9.741604e+04	2.890247e+01	-3.770657e+04	1967	9	22	6
	115	92	143.750000	25.000000	9.788116e+04	2.609658e+01	-3.770657e+04	1967	9	22	12
	115	93	143.750000	26.250000	9.766983e+04	3.025269e+01	-3.154799e+04	1967	9	22	18
	115	94	143.750000	27.500000	9.798123e+04	3.018808e+01	-6.713633e+04	1967	9	23	0
	115	95	143.750000	28.750000	9.814759e+04	3.012284e+01	-6.086988e+04	1967	9	23	6
	115	96	143.750000	30.000000	9.873277e+04	2.790432e+01	-5.405425e+04	1967	9	23	12
	116	97	145.000000	31.250000	9.878181e+04	2.994271e+01	-5.798672e+04	1967	9	23	18
	116	99	145.000000	33.750000	9.877153e+04	2.814775e+01	-5.666282e+04	1967	9	24	0
	118	100	147.500000	35.000000	9.902077e+04	3.073278e+01	-5.727084e+04	1967	9	24	6
	120	102	150.000000	37.500000	9.898264e+04	2.772429e+01	-5.862415e+04	1967	9	24	12
start	12	1967	10	3	18
	120	90	150.000000	22.500000	9.874873e+04	2.570055e+01	-5.603520e+04	1967	10	3	18
	119	91	148.750000	23.750000	9.875645e+04	2.641456e+01	-2.979260e+04	1967	10	4	0
	118	92	147.500000	25.000000	9.857127e+04	2.603170e+01	-5.660398e+04	1967	10	4	6
	117	93	146.250000	26.250000	9.861057e+04	2.714329e+01	-5.264210e+04	1967	10	4	12
	117	94	146.250000	27.500000	9.827769e+04	2.831958e+01	-5.551545e+04	1967	10	4	18
	117	95	146.250000	28.750000	9.834775e+04	2.798582e+01	-5.861435e+04	1967	10	5	0
	117	96	146.250000	30.000000	9.815666e+04	2.775609e+01	-5.982057e+04	1967	10	5	6
	118	97	147.500000	31.250000	9.835835e+04	2.932100e+01	-5.986960e+04	1967	10	5	12
	120	99	150.000000	33.750000	9.817800e+04	2.648114e+01	-5.934004e+04	1967	10	5	18
	121	101	151.250000	36.250000	9.833520e+04	2.752179e+01	-5.781020e+04	1967	10	6	0
	124	102	155.000000	37.500000	9.825420e+04	2.795585e+01	-5.668244e+04	1967	10	6	6
	127	103	158.750000	38.750000	9.846426e+04	2.937688e+01	-5.447594e+04	1967	10	6	12
start	11	1967	10	14	12
	107	83	133.750000	13.750000	9.730291e+04	2.771205e+01	-4.969030e+04	1967	10	14	12
	106	83	132.500000	13.750000	9.665913e+04	2.892971e+01	-5.694721e+04	1967	10	14	18
	105	84	131.250000	15.000000	9.602866e+04	3.337907e+01	-5.826131e+04	1967	10	15	0
	104	84	130.000000	15.000000	9.557871e+04	3.874563e+01	-5.506434e+04	1967	10	15	6
	103	85	128.750000	16.250000	9.545666e+04	3.683102e+01	-5.669224e+04	1967	10	15	12
	102	85	127.500000	16.250000	9.483884e+04	3.637398e+01	-4.936668e+04	1967	10	15	18
	101	85	126.250000	16.250000	9.523738e+04	3.715018e+01	-4.302177e+04	1967	10	16	0
	100	85	125.000000	16.250000	9.513716e+04	4.215055e+01	-2.950821e+04	1967	10	16	6
	99	86	123.750000	17.500000	9.525322e+04	3.730183e+01	-4.883712e+04	1967	10	16	12
	98	86	122.500000	17.500000	9.603638e+04	3.144953e+01	-2.637008e+04	1967	10	16	18
	97	87	121.250000	18.750000	9.740994e+04	2.289016e+01	-4.442413e+03	1967	10	17	6
start	23	1967	10	21	6
	106	85	132.500000	16.250000	9.826326e+04	2.382355e+01	-5.921255e+04	1967	10	21	6
	105	85	131.250000	16.250000	9.825222e+04	2.423944e+01	-4.934706e+04	1967	10	21	12
	105	86	131.250000	17.500000	9.815059e+04	2.310437e+01	-5.795730e+04	1967	10	21	18
	104	87	130.000000	18.750000	9.741020e+04	2.522359e+01	-5.560371e+04	1967	10	22	6
	104	87	130.000000	18.750000	9.737231e+04	2.620295e+01	-5.560371e+04	1967	10	22	12
	104	88	130.000000	20.000000	9.704219e+04	2.798202e+01	-5.650592e+04	1967	10	22	18
	104	88	130.000000	20.000000	9.731350e+04	2.848315e+01	-5.650592e+04	1967	10	23	0
	104	89	130.000000	21.250000	9.690376e+04	2.919980e+01	-5.557429e+04	1967	10	23	6
	104	89	130.000000	21.250000	9.711960e+04	3.048735e+01	-5.557429e+04	1967	10	23	12
	104	90	130.000000	22.500000	9.698433e+04	3.095191e+01	-5.210273e+04	1967	10	23	18
	103	90	128.750000	22.500000	9.731795e+04	2.833856e+01	-3.668668e+04	1967	10	24	0
	103	90	128.750000	22.500000	9.757339e+04	3.158505e+01	-3.668668e+04	1967	10	24	12
	102	91	127.500000	23.750000	9.785774e+04	2.896994e+01	-5.595675e+04	1967	10	24	18
	102	90	127.500000	22.500000	9.800571e+04	2.689769e+01	-5.607443e+04	1967	10	25	0
	102	91	127.500000	23.750000	9.794397e+04	2.606414e+01	-5.595675e+04	1967	10	25	6
	102	90	127.500000	22.500000	9.804345e+04	2.730873e+01	-5.607443e+04	1967	10	25	12
	102	91	127.500000	23.750000	9.798059e+04	2.614351e+01	-5.595675e+04	1967	10	25	18
	102	91	127.500000	23.750000	9.787693e+04	2.728492e+01	-5.595675e+04	1967	10	26	0
	102	92	127.500000	25.000000	9.813194e+04	2.545931e+01	-3.566679e+04	1967	10	26	6
	103	92	128.750000	25.000000	9.797314e+04	2.592844e+01	-5.352470e+04	1967	10	26	12
	104	93	130.000000	26.250000	9.763335e+04	2.740131e+01	-5.542719e+04	1967	10	26	18
	105	94	131.250000	27.500000	9.772288e+04	2.677654e+01	-5.623133e+04	1967	10	27	0
	108	98	135.000000	32.500000	9.732652e+04	2.938139e+01	-4.339443e+04	1967	10	27	12
start	17	1967	10	24	12
	246	98	307.500000	32.500000	9.974527e+04	2.375016e+01	-5.324030e+04	1967	10	24	12
	247	99	308.750000	33.750000	9.956712e+04	2.788696e+01	-5.142607e+04	1967	10	24	18
	248	99	310.000000	33.750000	9.962446e+04	2.599425e+01	-4.616971e+04	1967	10	25	0
	250	100	312.500000	35.000000	9.947122e+04	2.462053e+01	-4.754264e+04	1967	10	25	18
	251	101	313.750000	36.250000	9.921319e+04	2.581512e+01	-5.020024e+04	1967	10	26	6
	251	101	313.750000	36.250000	9.921377e+04	2.433571e+01	-5.020024e+04	1967	10	26	12
	251	101	313.750000	36.250000	9.885835e+04	2.741455e+01	-5.020024e+04	1967	10	26	18
	251	101	313.750000	36.250000	9.885100e+04	2.390272e+01	-5.020024e+04	1967	10	27	0
	251	102	313.750000	37.500000	9.911328e+04	2.550901e+01	-5.121033e+04	1967	10	27	6
	251	102	313.750000	37.500000	9.904214e+04	2.537160e+01	-5.121033e+04	1967	10	27	12
	251	102	313.750000	37.500000	9.892500e+04	2.587470e+01	-5.121033e+04	1967	10	27	18
	252	102	315.000000	37.500000	9.922952e+04	2.537128e+01	-5.149472e+04	1967	10	28	0
	252	103	315.000000	38.750000	9.922534e+04	2.192918e+01	-5.103380e+04	1967	10	28	6
	252	103	315.000000	38.750000	9.941126e+04	2.408157e+01	-5.103380e+04	1967	10	28	12
	253	103	316.250000	38.750000	9.921927e+04	2.241160e+01	-5.059251e+04	1967	10	28	18
	253	103	316.250000	38.750000	9.977912e+04	2.375578e+01	-5.059251e+04	1967	10	29	0
	253	104	316.250000	40.000000	9.981130e+04	2.369614e+01	-4.606184e+04	1967	10	29	6
start	25	1967	11	11	18
	120	82	150.000000	12.500000	9.779131e+04	2.547898e+01	-5.880067e+04	1967	11	11	18
	119	82	148.750000	12.500000	9.760764e+04	2.773554e+01	-5.694721e+04	1967	11	12	0
	118	83	147.500000	13.750000	9.755147e+04	2.868256e+01	-6.373342e+04	1967	11	12	6
	117	83	146.250000	13.750000	9.737754e+04	2.783298e+01	-5.927139e+04	1967	11	12	12
	117	83	146.250000	13.750000	9.675442e+04	2.861181e+01	-5.927139e+04	1967	11	12	18
	116	83	145.000000	13.750000	9.708777e+04	3.134405e+01	-8.924052e+03	1967	11	13	0
	115	84	143.750000	15.000000	9.665701e+04	3.216079e+01	-3.235214e+04	1967	11	13	6
	114	84	142.500000	15.000000	9.677981e+04	2.995636e+01	-4.126638e+04	1967	11	13	12
	113	84	141.250000	15.000000	9.612764e+04	3.503033e+01	-4.710134e+04	1967	11	13	18
	111	84	138.750000	15.000000	9.640991e+04	3.676308e+01	-4.841543e+04	1967	11	14	0
	110	85	137.500000	16.250000	9.570740e+04	3.477607e+01	-5.427000e+04	1967	11	14	6
	109	85	136.250000	16.250000	9.618655e+04	3.536500e+01	-4.912151e+04	1967	11	14	12
	107	85	133.750000	16.250000	9.564846e+04	3.602727e+01	-5.274016e+04	1967	11	14	18
	106	85	132.500000	16.250000	9.610498e+04	3.428788e+01	-5.921255e+04	1967	11	15	0
	105	86	131.250000	17.500000	9.579837e+04	3.346866e+01	-5.795730e+04	1967	11	15	6
	104	86	130.000000	17.500000	9.602949e+04	3.381382e+01	-5.330895e+04	1967	11	15	12
	103	87	128.750000	18.750000	9.612864e+04	3.330205e+01	-5.059251e+04	1967	11	15	18
	102	87	127.500000	18.750000	9.654729e+04	3.776460e+01	-4.806239e+04	1967	11	16	0
	101	88	126.250000	20.000000	9.678423e+04	3.301774e+01	-5.191641e+04	1967	11	16	6
	100	88	125.000000	20.000000	9.737600e+04	3.328776e+01	-5.751600e+04	1967	11	16	12
	100	89	125.000000	21.250000	9.763755e+04	3.352071e+01	-5.620191e+04	1967	11	16	18
	99	89	123.750000	21.250000	9.791035e+04	3.162943e+01	-4.935687e+04	1967	11	17	0
	99	89	123.750000	21.250000	9.794931e+04	3.123275e+01	-4.935687e+04	1967	11	17	6
	99	90	123.750000	22.500000	9.886172e+04	2.867762e+01	-5.497608e+04	1967	11	17	12
	98	90	122.500000	22.500000	9.847605e+04	2.712065e+01	-4.853311e+04	1967	11	17	18
start	14	1967	11	20	0
	112	85	140.000000	16.250000	9.931912e+04	2.240695e+01	-4.522827e+04	1967	11	20	0
	111	86	138.750000	17.500000	9.879419e+04	2.345801e+01	-4.484581e+04	1967	11	20	6
	110	86	137.500000	17.500000	9.867544e+04	2.404361e+01	-4.579705e+04	1967	11	20	12
	110	87	137.500000	18.750000	9.827444e+04	2.792604e+01	-5.098477e+04	1967	11	20	18
	110	87	137.500000	18.750000	9.886548e+04	2.649128e+01	-5.098477e+04	1967	11	21	0
	110	88	137.500000	20.000000	9.853777e+04	2.747399e+01	-3.957964e+04	1967	11	21	6
	110	88	137.500000	20.000000	9.840305e+04	2.837103e+01	-3.957964e+04	1967	11	21	12
	110	88	137.500000	20.000000	9.908157e+04	2.799111e+01	-3.957964e+04	1967	11	21	18
	110	89	137.500000	21.250000	9.923538e+04	2.687195e+01	-4.423780e+04	1967	11	22	0
	110	89	137.500000	21.250000	9.870334e+04	2.666979e+01	-4.423780e+04	1967	11	22	6
	110	89	137.500000	21.250000	9.916059e+04	2.596713e+01	-4.423780e+04	1967	11	22	12
	110	90	137.500000	22.500000	9.941148e+04	2.697270e+01	-4.242357e+04	1967	11	22	18
	110	90	137.500000	22.500000	9.986477e+04	2.341451e+01	-4.242357e+04	1967	11	23	0
	111	91	138.750000	23.750000	1.001468e+05	2.078601e+01	-5.364238e+04	1967	11	23	12
start	12	1967	12	23	12
	50	57	62.500000	-18.750000	9.845303e+04	2.282936e+01	-3.320532e+04	1967	12	23	12
	50	57	62.500000	-18.750000	9.898889e+04	2.699877e+01	-3.320532e+04	1967	12	23	18
	50	56	62.500000	-20.000000	9.844509e+04	2.423529e+01	-3.874607e+04	1967	12	24	0
	50	56	62.500000	-20.000000	9.845884e+04	2.416203e+01	-3.874607e+04	1967	12	24	6
	50	56	62.500000	-20.000000	9.829136e+04	2.505933e+01	-3.874607e+04	1967	12	24	12
	50	56	62.500000	-20.000000	9.849488e+04	2.482808e+01	-3.874607e+04	1967	12	24	18
	50	56	62.500000	-20.000000	9.844629e+04	2.462903e+01	-3.874607e+04	1967	12	25	0
	50	56	62.500000	-20.000000	9.849388e+04	2.297399e+01	-3.874607e+04	1967	12	25	6
	50	55	62.500000	-21.250000	9.820940e+04	2.504523e+01	-3.749082e+04	1967	12	25	12
	50	55	62.500000	-21.250000	9.867632e+04	2.535142e+01	-3.749082e+04	1967	12	25	18
	50	54	62.500000	-22.500000	9.851262e+04	2.225000e+01	-3.990326e+04	1967	12	26	0
	50	54	62.500000	-22.500000	9.854529e+04	2.348819e+01	-3.990326e+04	1967	12	26	6
start	12	1968	1	3	18
	59	58	73.750000	-17.500000	9.847845e+04	1.983814e+01	-4.212937e+04	1968	1	3	18
	59	58	73.750000	-17.500000	9.837900e+04	1.966968e+01	-4.212937e+04	1968	1	4	0
	59	58	73.750000	-17.500000	9.837644e+04	2.062078e+01	-4.212937e+04	1968	1	4	6
	59	58	73.750000	-17.500000	9.820349e+04	2.153852e+01	-4.212937e+04	1968	1	4	12
	59	58	73.750000	-17.500000	9.825241e+04	2.157772e+01	-4.212937e+04	1968	1	4	18
	58	57	72.500000	-18.750000	9.801692e+04	2.380232e+01	-4.210975e+04	1968	1	5	0
	58	57	72.500000	-18.750000	9.789614e+04	2.425657e+01	-4.210975e+04	1968	1	5	6
	58	57	72.500000	-18.750000	9.754822e+04	2.431281e+01	-4.210975e+04	1968	1	5	12
	58	57	72.500000	-18.750000	9.804334e+04	2.557111e+01	-4.210975e+04	1968	1	5	18
	57	56	71.250000	-20.000000	9.767317e+04	2.511671e+01	-3.913834e+04	1968	1	6	0
	56	56	70.000000	-20.000000	9.784070e+04	2.514733e+01	-3.442134e+04	1968	1	6	6
	56	56	70.000000	-20.000000	9.798201e+04	2.445166e+01	-3.442134e+04	1968	1	6	12
start	11	1968	1	21	0
	29	55	36.250000	-21.250000	9.903579e+04	2.252658e+01	-1.337627e+04	1968	1	21	0
	29	54	36.250000	-22.500000	9.911406e+04	2.399377e+01	-1.229754e+04	1968	1	21	6
	29	53	36.250000	-23.750000	9.875825e+04	2.228366e+01	-1.700473e+04	1968	1	22	0
	29	53	36.250000	-23.750000	9.853470e+04	2.367284e+01	-1.700473e+04	1968	1	22	6
	29	54	36.250000	-22.500000	9.882429e+04	1.935987e+01	-1.229754e+04	1968	1	23	6
	29	54	36.250000	-22.500000	9.896298e+04	2.128874e+01	-1.229754e+04	1968	1	23	12
	30	53	37.500000	-23.750000	9.890149e+04	1.812875e+01	-2.992990e+04	1968	1	23	18
	30	53	37.500000	-23.750000	9.869507e+04	2.040334e+01	-2.992990e+04	1968	1	24	0
	31	54	38.750000	-22.500000	9.875332e+04	2.282367e+01	-3.224427e+04	1968	1	24	6
	31	54	38.750000	-22.500000	9.873238e+04	2.569183e+01	-3.224427e+04	1968	1	24	12
	31	55	38.750000	-21.250000	9.882363e+04	2.860848e+01	-2.955724e+04	1968	1	24	18
start	21	1968	2	18	18
	78	59	97.500000	-16.250000	9.903633e+04	2.085414e+01	-5.418174e+04	1968	2	18	18
	76	59	95.000000	-16.250000	9.895638e+04	2.133870e+01	-5.935965e+04	1968	2	19	6
	74	59	92.500000	-16.250000	9.897815e+04	2.583717e+01	-4.833698e+04	1968	2	19	18
	74	59	92.500000	-16.250000	9.906968e+04	2.270114e+01	-4.833698e+04	1968	2	20	0
	73	58	91.250000	-17.500000	9.916611e+04	2.596675e+01	-5.466227e+04	1968	2	20	6
	72	59	90.000000	-16.250000	9.879111e+04	2.337087e+01	-3.677494e+04	1968	2	20	12
	72	58	90.000000	-17.500000	9.909290e+04	2.260278e+01	-5.010218e+04	1968	2	20	18
	71	58	88.750000	-17.500000	9.876677e+04	2.484658e+01	-4.259028e+04	1968	2	21	0
	70	58	87.500000	-17.500000	9.895774e+04	2.566201e+01	-2.714481e+04	1968	2	21	6
	70	58	87.500000	-17.500000	9.842373e+04	2.879577e+01	-2.714481e+04	1968	2	21	12
	68	58	85.000000	-17.500000	9.844634e+04	3.042288e+01	-4.824872e+04	1968	2	21	18
	66	57	82.500000	-18.750000	9.838735e+04	2.829619e+01	-5.011198e+04	1968	2	22	6
	65	57	81.250000	-18.750000	9.832945e+04	2.766905e+01	-4.936668e+04	1968	2	22	12
	64	56	80.000000	-20.000000	9.866931e+04	2.762473e+01	-4.749361e+04	1968	2	22	18
	64	56	80.000000	-20.000000	9.841370e+04	2.554844e+01	-4.749361e+04	1968	2	23	0
	62	55	77.500000	-21.250000	9.889355e+04	2.852024e+01	-4.432606e+04	1968	2	23	6
	61	55	76.250000	-21.250000	9.879236e+04	2.726792e+01	-4.199207e+04	1968	2	23	12
	60	54	75.000000	-22.500000	9.914761e+04	2.588131e+01	-4.362979e+04	1968	2	23	18
	59	51	73.750000	-26.250000	9.952095e+04	2.224792e+01	-3.504897e+04	1968	2	24	18
	59	50	73.750000	-27.500000	9.957973e+04	2.160798e+01	-2.880213e+04	1968	2	25	0
	59	48	73.750000	-30.000000	9.977915e+04	2.143488e+01	-3.793212e+04	1968	2	25	12
start	13	1968	4	10	6
	119	82	148.750000	12.500000	9.835727e+04	2.638133e+01	-5.694721e+04	1968	4	10	6
	118	82	147.500000	12.500000	9.847341e+04	2.663545e+01	-4.958242e+04	1968	4	10	12
	118	83	147.500000	13.750000	9.805173e+04	2.783355e+01	-6.373342e+04	1968	4	10	18
	117	83	146.250000	13.750000	9.815048e+04	2.917062e+01	-5.927139e+04	1968	4	11	0
	117	84	146.250000	15.000000	9.820225e+04	2.652989e+01	-4.236473e+04	1968	4	11	6
	116	85	145.000000	16.250000	9.815686e+04	2.713398e+01	-3.610809e+04	1968	4	11	18
	116	85	145.000000	16.250000	9.852470e+04	2.815056e+01	-3.610809e+04	1968	4	12	0
	116	86	145.000000	17.500000	9.840442e+04	2.815452e+01	-3.332300e+04	1968	4	12	6
	116	86	145.000000	17.500000	9.875498e+04	2.640860e+01	-3.332300e+04	1968	4	12	12
	116	87	145.000000	18.750000	9.884512e+04	2.486251e+01	-3.718682e+04	1968	4	12	18
	116	88	145.000000	20.000000	9.907602e+04	2.586184e+01	-2.906691e+04	1968	4	13	0
	116	88	145.000000	20.000000	9.919041e+04	2.382210e+01	-2.906691e+04	1968	4	13	6
	116	88	145.000000	20.000000	9.944477e+04	2.157005e+01	-2.906691e+04	1968	4	13	12
start	14	1968	7	23	6
	114	88	142.500000	20.000000	9.774970e+04	2.642416e+01	-3.101843e+04	1968	7	23	6
	114	88	142.500000	20.000000	9.758384e+04	2.759996e+01	-3.101843e+04	1968	7	23	12
	113	88	141.250000	20.000000	9.704033e+04	3.031837e+01	-4.452219e+04	1968	7	23	18
	113	89	141.250000	21.250000	9.699739e+04	2.845404e+01	-4.210975e+04	1968	7	24	0
	113	89	141.250000	21.250000	9.653045e+04	3.328780e+01	-4.210975e+04	1968	7	24	6
	112	90	140.000000	22.500000	9.630425e+04	3.284834e+01	-4.242357e+04	1968	7	24	12
	112	90	140.000000	22.500000	9.615366e+04	3.691061e+01	-4.242357e+04	1968	7	24	18
	111	91	138.750000	23.750000	9.598462e+04	3.306017e+01	-5.364238e+04	1968	7	25	0
	110	91	137.500000	23.750000	9.572947e+04	3.245423e+01	-4.869982e+04	1968	7	25	6
	110	92	137.500000	25.000000	9.598596e+04	3.177706e+01	-4.471832e+04	1968	7	25	12
	109	92	136.250000	25.000000	9.616931e+04	3.209708e+01	-4.269815e+04	1968	7	25	18
	109	93	136.250000	26.250000	9.636695e+04	3.026320e+01	-4.746419e+04	1968	7	26	0
	109	94	136.250000	27.500000	9.664841e+04	2.751881e+01	-5.037676e+04	1968	7	26	6
	109	94	136.250000	27.500000	9.697766e+04	2.735126e+01	-5.037676e+04	1968	7	26	12
start	23	1968	8	30	12
	115	87	143.750000	18.750000	9.801968e+04	2.480482e+01	-3.701030e+04	1968	8	30	12
	115	87	143.750000	18.750000	9.722561e+04	2.849187e+01	-3.701030e+04	1968	8	30	18
	115	88	143.750000	20.000000	9.754614e+04	2.817264e+01	-2.979260e+04	1968	8	31	0
	114	88	142.500000	20.000000	9.658298e+04	3.186557e+01	-3.101843e+04	1968	8	31	6
	113	89	141.250000	21.250000	9.705427e+04	3.110710e+01	-4.210975e+04	1968	8	31	12
	113	89	141.250000	21.250000	9.665478e+04	3.209512e+01	-4.210975e+04	1968	8	31	18
	111	89	138.750000	21.250000	9.648650e+04	3.558870e+01	-4.345327e+04	1968	9	1	0
	110	89	137.500000	21.250000	9.649197e+04	3.451831e+01	-4.423780e+04	1968	9	1	6
	110	90	137.500000	22.500000	9.712669e+04	3.399602e+01	-4.242357e+04	1968	9	1	12
	108	90	135.000000	22.500000	9.669780e+04	3.398835e+01	-3.461747e+04	1968	9	1	18
	107	90	133.750000	22.500000	9.683858e+04	3.346349e+01	-5.449555e+04	1968	9	2	0
	106	90	132.500000	22.500000	9.710452e+04	3.478370e+01	-5.560371e+04	1968	9	2	6
	105	90	131.250000	22.500000	9.710679e+04	3.162041e+01	-5.749639e+04	1968	9	2	12
	104	90	130.000000	22.500000	9.671098e+04	3.315740e+01	-5.210273e+04	1968	9	2	18
	103	90	128.750000	22.500000	9.712202e+04	3.175824e+01	-3.668668e+04	1968	9	3	0
	102	90	127.500000	22.500000	9.673684e+04	3.362934e+01	-5.607443e+04	1968	9	3	6
	101	90	126.250000	22.500000	9.679915e+04	3.111889e+01	-5.896739e+04	1968	9	3	12
	100	90	125.000000	22.500000	9.740564e+04	2.981582e+01	-5.426020e+04	1968	9	3	18
	99	89	123.750000	21.250000	9.782583e+04	2.888071e+01	-4.935687e+04	1968	9	4	0
	99	89	123.750000	21.250000	9.730152e+04	2.815708e+01	-4.935687e+04	1968	9	4	6
	98	89	122.500000	21.250000	9.766487e+04	2.812087e+01	-4.683656e+04	1968	9	4	12
	98	89	122.500000	21.250000	9.789768e+04	2.527216e+01	-4.683656e+04	1968	9	4	18
	98	89	122.500000	21.250000	9.834902e+04	2.225817e+01	-4.683656e+04	1968	9	5	0
start	27	1968	9	1	0
	122	85	152.500000	16.250000	9.858650e+04	2.462811e+01	-5.761407e+04	1968	9	1	0
	121	85	151.250000	16.250000	9.824822e+04	2.418150e+01	-5.868299e+04	1968	9	1	6
	118	85	147.500000	16.250000	9.795718e+04	2.657681e+01	-3.717701e+04	1968	9	1	18
	117	85	146.250000	16.250000	9.810108e+04	2.688217e+01	-2.325157e+04	1968	9	2	0
	116	85	145.000000	16.250000	9.812014e+04	2.685408e+01	-3.610809e+04	1968	9	2	6
	115	85	143.750000	16.250000	9.808804e+04	2.881508e+01	-3.969732e+04	1968	9	2	12
	114	86	142.500000	17.500000	9.763286e+04	2.785799e+01	-4.119774e+04	1968	9	2	18
	113	86	141.250000	17.500000	9.772827e+04	2.734685e+01	-4.679733e+04	1968	9	3	0
	113	86	141.250000	17.500000	9.682122e+04	2.761438e+01	-4.679733e+04	1968	9	3	6
	112	86	140.000000	17.500000	9.659602e+04	3.260176e+01	-4.791529e+04	1968	9	3	12
	111	87	138.750000	18.750000	9.610877e+04	3.294940e+01	-4.945494e+04	1968	9	3	18
	110	87	137.500000	18.750000	9.591020e+04	3.326176e+01	-5.098477e+04	1968	9	4	0
	110	88	137.500000	20.000000	9.588902e+04	3.632790e+01	-3.957964e+04	1968	9	4	6
	110	88	137.500000	20.000000	9.568987e+04	3.530615e+01	-3.957964e+04	1968	9	4	12
	109	88	136.250000	20.000000	9.521018e+04	3.769305e+01	-3.398004e+04	1968	9	4	18
	109	87	136.250000	18.750000	9.556152e+04	3.578460e+01	-5.144569e+04	1968	9	5	0
	110	87	137.500000	18.750000	9.567612e+04	3.504074e+01	-5.098477e+04	1968	9	5	6
	110	87	137.500000	18.750000	9.592639e+04	3.604277e+01	-5.098477e+04	1968	9	5	12
	110	88	137.500000	20.000000	9.578333e+04	3.243671e+01	-3.957964e+04	1968	9	5	18
	110	88	137.500000	20.000000	9.589780e+04	3.166411e+01	-3.957964e+04	1968	9	6	0
	110	88	137.500000	20.000000	9.593635e+04	3.404913e+01	-3.957964e+04	1968	9	6	6
	110	88	137.500000	20.000000	9.553770e+04	3.601439e+01	-3.957964e+04	1968	9	6	12
	109	89	136.250000	21.250000	9.599522e+04	3.179425e+01	-4.870963e+04	1968	9	6	18
	109	88	136.250000	20.000000	9.642927e+04	2.911863e+01	-3.398004e+04	1968	9	7	0
	109	88	136.250000	20.000000	9.647359e+04	3.411351e+01	-3.398004e+04	1968	9	7	6
	110	89	137.500000	21.250000	9.668823e+04	3.085254e+01	-4.423780e+04	1968	9	7	12
	110	90	137.500000	22.500000	9.692161e+04	2.503852e+01	-4.242357e+04	1968	9	7	18
start	22	1968	9	18	12
	117	88	146.250000	20.000000	9.875595e+04	2.456132e+01	-3.495090e+04	1968	9	18	12
	117	89	146.250000	21.250000	9.835137e+04	2.663856e+01	-4.412993e+04	1968	9	18	18
	117	89	146.250000	21.250000	9.816516e+04	2.724193e+01	-4.412993e+04	1968	9	19	0
	116	90	145.000000	22.500000	9.746751e+04	3.028809e+01	-4.564996e+04	1968	9	19	6
	116	90	145.000000	22.500000	9.732253e+04	3.182638e+01	-4.564996e+04	1968	9	19	12
	116	91	145.000000	23.750000	9.698674e+04	3.367728e+01	-5.510357e+04	1968	9	19	18
	115	92	143.750000	25.000000	9.761179e+04	3.232627e+01	-3.770657e+04	1968	9	20	0
	115	93	143.750000	26.250000	9.739409e+04	3.694278e+01	-3.154799e+04	1968	9	20	6
	115	93	143.750000	26.250000	9.748342e+04	3.143613e+01	-3.154799e+04	1968	9	20	12
	114	94	142.500000	27.500000	9.766172e+04	3.059221e+01	-1.608291e+04	1968	9	20	18
	114	95	142.500000	28.750000	9.785330e+04	3.057187e+01	-4.339443e+04	1968	9	21	0
	114	96	142.500000	30.000000	9.802981e+04	3.091167e+01	-8.422932e+04	1968	9	21	6
	114	96	142.500000	30.000000	9.830356e+04	2.766236e+01	-8.422932e+04	1968	9	21	12
	115	97	143.750000	31.250000	9.815584e+04	2.953623e+01	-5.731987e+04	1968	9	21	18
	115	98	143.750000	32.500000	9.856189e+04	2.732979e+01	-5.447594e+04	1968	9	22	0
	115	98	143.750000	32.500000	9.849775e+04	2.589475e+01	-5.447594e+04	1968	9	22	6
	115	99	143.750000	33.750000	9.888340e+04	2.466481e+01	-4.610106e+04	1968	9	22	12
	116	100	145.000000	35.000000	9.887498e+04	2.517584e+01	-5.675108e+04	1968	9	22	18
	116	100	145.000000	35.000000	9.926736e+04	2.402028e+01	-5.675108e+04	1968	9	23	0
	117	101	146.250000	36.250000	9.946795e+04	2.304172e+01	-5.490743e+04	1968	9	23	6
	118	102	147.500000	37.500000	9.982759e+04	2.040819e+01	-5.564293e+04	1968	9	23	12
	119	103	148.750000	38.750000	1.001602e+05	1.794192e+01	-5.658437e+04	1968	9	23	18
start	21	1968	9	19	18
	105	86	131.250000	17.500000	9.881174e+04	2.132273e+01	-5.795730e+04	1968	9	19	18
	104	86	130.000000	17.500000	9.863991e+04	2.250383e+01	-5.330895e+04	1968	9	20	0
	104	87	130.000000	18.750000	9.814409e+04	2.661707e+01	-5.560371e+04	1968	9	20	6
	103	87	128.750000	18.750000	9.794905e+04	2.653967e+01	-5.059251e+04	1968	9	20	12
	103	87	128.750000	18.750000	9.791484e+04	2.742328e+01	-5.059251e+04	1968	9	20	18
	102	88	127.500000	20.000000	9.774080e+04	2.690209e+01	-5.166143e+04	1968	9	21	0
	102	89	127.500000	21.250000	9.744856e+04	3.198082e+01	-3.955022e+04	1968	9	21	6
	102	89	127.500000	21.250000	9.756606e+04	2.881305e+01	-3.955022e+04	1968	9	21	12
	101	90	126.250000	22.500000	9.705584e+04	3.435414e+01	-5.896739e+04	1968	9	21	18
	100	90	125.000000	22.500000	9.742752e+04	3.115191e+01	-5.426020e+04	1968	9	22	0
	100	91	125.000000	23.750000	9.766650e+04	3.181928e+01	-3.027313e+04	1968	9	22	6
	100	91	125.000000	23.750000	9.767715e+04	3.121997e+01	-3.027313e+04	1968	9	22	12
	101	92	126.250000	25.000000	9.795310e+04	3.085024e+01	-1.010085e+04	1968	9	22	18
	101	92	126.250000	25.000000	9.853298e+04	2.880639e+01	-1.010085e+04	1968	9	23	0
	101	93	126.250000	26.250000	9.810545e+04	3.210866e+01	-1.427848e+04	1968	9	23	6
	102	94	127.500000	27.500000	9.837446e+04	2.817074e+01	-6.854848e+03	1968	9	23	12
	102	95	127.500000	28.750000	9.870393e+04	2.793352e+01	-1.008124e+04	1968	9	23	18
	103	96	128.750000	30.000000	9.883103e+04	2.442549e+01	-9.404577e+03	1968	9	24	0
	103	96	128.750000	30.000000	9.897412e+04	2.441289e+01	-9.404577e+03	1968	9	24	6
	104	97	130.000000	31.250000	9.922239e+04	2.188487e+01	-2.863542e+03	1968	9	24	12
	104	98	130.000000	32.500000	9.976897e+04	2.027998e+01	-3.628460e+02	1968	9	24	18
start	13	1968	9	26	12
	101	84	126.250000	15.000000	9.878640e+04	2.240794e+01	-5.375025e+04	1968	9	26	12
	101	85	126.250000	16.250000	9.797029e+04	2.482249e+01	-4.302177e+04	1968	9	26	18
	100	85	125.000000	16.250000	9.766631e+04	2.990729e+01	-2.950821e+04	1968	9	27	0
	100	85	125.000000	16.250000	9.715638e+04	3.225378e+01	-2.950821e+04	1968	9	27	6
	99	86	123.750000	17.500000	9.686634e+04	3.225414e+01	-4.883712e+04	1968	9	27	12
	99	86	123.750000	17.500000	9.689592e+04	3.440910e+01	-4.883712e+04	1968	9	27	18
	98	86	122.500000	17.500000	9.713735e+04	3.097165e+01	-2.637008e+04	1968	9	28	0
	98	86	122.500000	17.500000	9.765337e+04	2.726990e+01	-2.637008e+04	1968	9	28	6
	97	87	121.250000	18.750000	9.794245e+04	2.634392e+01	-4.442413e+03	1968	9	28	12
	97	87	121.250000	18.750000	9.792900e+04	2.715810e+01	-4.442413e+03	1968	9	28	18
	96	87	120.000000	18.750000	9.814954e+04	2.328586e+01	-2.693887e+04	1968	9	29	0
	96	87	120.000000	18.750000	9.832956e+04	2.326955e+01	-2.693887e+04	1968	9	29	6
	95	88	118.750000	20.000000	9.810266e+04	2.512619e+01	-2.963570e+04	1968	9	29	18
start	26	1968	10	4	12
	129	86	161.250000	17.500000	9.871101e+04	2.351858e+01	-5.470149e+04	1968	10	4	12
	130	87	162.500000	18.750000	9.783616e+04	2.414263e+01	-2.722326e+04	1968	10	4	18
	130	87	162.500000	18.750000	9.741916e+04	2.725254e+01	-2.722326e+04	1968	10	5	0
	131	87	163.750000	18.750000	9.706298e+04	2.909939e+01	-4.982759e+04	1968	10	5	6
	131	88	163.750000	20.000000	9.663342e+04	3.119625e+01	-5.021005e+04	1968	10	5	12
	131	88	163.750000	20.000000	9.648333e+04	3.253330e+01	-5.021005e+04	1968	10	5	18
	132	88	165.000000	20.000000	9.609202e+04	3.586206e+01	-5.226945e+04	1968	10	6	6
	132	89	165.000000	21.250000	9.640808e+04	3.678369e+01	-5.515260e+04	1968	10	6	12
	131	89	163.750000	21.250000	9.610381e+04	3.548605e+01	-5.156337e+04	1968	10	6	18
	131	89	163.750000	21.250000	9.653433e+04	3.628780e+01	-5.156337e+04	1968	10	7	0
	131	90	163.750000	22.500000	9.596423e+04	3.670945e+01	-5.366199e+04	1968	10	7	6
	131	90	163.750000	22.500000	9.634746e+04	3.349337e+01	-5.366199e+04	1968	10	7	12
	131	91	163.750000	23.750000	9.659182e+04	3.440098e+01	-5.616268e+04	1968	10	7	18
	130	92	162.500000	25.000000	9.726555e+04	3.067240e+01	-5.594694e+04	1968	10	8	0
	130	92	162.500000	25.000000	9.742166e+04	3.017089e+01	-5.594694e+04	1968	10	8	6
	130	93	162.500000	26.250000	9.749812e+04	3.065123e+01	-5.679031e+04	1968	10	8	12
	130	94	162.500000	27.500000	9.768110e+04	2.740893e+01	-5.938907e+04	1968	10	8	18
	130	95	162.500000	28.750000	9.791198e+04	2.597006e+01	-5.802595e+04	1968	10	9	0
	131	96	163.750000	30.000000	9.791223e+04	2.568773e+01	-5.853589e+04	1968	10	9	6
	132	98	165.000000	32.500000	9.791899e+04	2.451418e+01	-6.165441e+04	1968	10	9	12
	134	102	167.500000	37.500000	9.791387e+04	2.974388e+01	-5.090632e+04	1968	10	10	0
	135	106	168.750000	42.500000	9.711604e+04	3.179370e+01	-5.218118e+04	1968	10	10	6
	134	110	167.500000	47.500000	9.610710e+04	2.736003e+01	-6.030109e+04	1968	10	10	12
	132	113	165.000000	51.250000	9.542473e+04	2.978061e+01	-4.685617e+04	1968	10	10	18
	131	115	163.750000	53.750000	9.496914e+04	2.974630e+01	-3.418598e+04	1968	10	11	0
	130	117	162.500000	56.250000	9.582398e+04	3.226842e+01	0.000000e+00	1968	10	11	6
start	15	1968	11	25	0
	110	85	137.500000	16.250000	9.894206e+04	2.138940e+01	-5.427000e+04	1968	11	25	0
	109	85	136.250000	16.250000	9.798538e+04	2.638849e+01	-4.912151e+04	1968	11	25	6
	109	85	136.250000	16.250000	9.789798e+04	2.750057e+01	-4.912151e+04	1968	11	25	12
	108	85	135.000000	16.250000	9.768577e+04	3.113096e+01	-3.576485e+04	1968	11	26	0
	108	85	135.000000	16.250000	9.767146e+04	3.274145e+01	-3.576485e+04	1968	11	26	6
	107	85	133.750000	16.250000	9.751111e+04	3.339514e+01	-5.274016e+04	1968	11	26	12
	107	85	133.750000	16.250000	9.765078e+04	2.847227e+01	-5.274016e+04	1968	11	26	18
	106	85	132.500000	16.250000	9.800716e+04	3.292938e+01	-5.921255e+04	1968	11	27	0
	105	85	131.250000	16.250000	9.817830e+04	3.418586e+01	-4.934706e+04	1968	11	27	6
	104	85	130.000000	16.250000	9.875054e+04	3.037168e+01	-4.800355e+04	1968	11	27	12
	104	85	130.000000	16.250000	9.860347e+04	2.716880e+01	-4.800355e+04	1968	11	27	18
	102	85	127.500000	16.250000	9.912727e+04	2.698280e+01	-4.936668e+04	1968	11	28	0
	102	84	127.500000	15.000000	9.865727e+04	2.823502e+01	-5.319127e+04	1968	11	28	6
	101	84	126.250000	15.000000	9.903950e+04	2.783922e+01	-5.375025e+04	1968	11	28	12
	100	84	125.000000	15.000000	9.918806e+04	2.565651e+01	-5.909487e+04	1968	11	28	18
start	14	1969	7	24	12
	106	85	132.500000	16.250000	9.853359e+04	2.500053e+01	-5.921255e+04	1969	7	24	12
	104	85	130.000000	16.250000	9.750215e+04	2.706303e+01	-4.800355e+04	1969	7	25	0
	103	85	128.750000	16.250000	9.690303e+04	2.794367e+01	-5.669224e+04	1969	7	25	6
	102	85	127.500000	16.250000	9.698845e+04	2.948775e+01	-4.936668e+04	1969	7	25	12
	102	86	127.500000	17.500000	9.667029e+04	3.253764e+01	-5.123975e+04	1969	7	25	18
	101	86	126.250000	17.500000	9.581436e+04	3.508873e+01	-4.658159e+04	1969	7	26	0
	100	87	125.000000	18.750000	9.605835e+04	3.675896e+01	-5.522125e+04	1969	7	26	6
	99	87	123.750000	18.750000	9.593926e+04	3.526216e+01	-5.274997e+04	1969	7	26	12
	99	88	123.750000	20.000000	9.558464e+04	3.663866e+01	-5.337760e+04	1969	7	26	18
	97	88	121.250000	20.000000	9.566174e+04	3.307283e+01	-3.608847e+04	1969	7	27	0
	97	88	121.250000	20.000000	9.655708e+04	3.497413e+01	-3.608847e+04	1969	7	27	6
	95	89	118.750000	21.250000	9.654243e+04	2.997523e+01	-2.488928e+04	1969	7	27	12
	95	89	118.750000	21.250000	9.689253e+04	2.752491e+01	-2.488928e+04	1969	7	27	18
	94	90	117.500000	22.500000	9.669143e+04	2.924590e+01	-3.040062e+02	1969	7	28	0
start	19	1969	8	18	18
	244	88	305.000000	20.000000	9.901226e+04	2.632248e+01	-4.840562e+04	1969	8	18	18
	244	89	305.000000	21.250000	9.912530e+04	2.759425e+01	-5.340702e+04	1969	8	19	0
	239	91	298.750000	23.750000	9.902861e+04	2.716513e+01	-5.792788e+04	1969	8	20	0
	238	91	297.500000	23.750000	9.901009e+04	2.755385e+01	-5.744736e+04	1969	8	20	6
	237	92	296.250000	25.000000	9.849182e+04	3.056408e+01	-5.548603e+04	1969	8	20	12
	237	92	296.250000	25.000000	9.870491e+04	2.740204e+01	-5.548603e+04	1969	8	20	18
	236	93	295.000000	26.250000	9.827261e+04	3.245978e+01	-5.009237e+04	1969	8	21	0
	236	94	295.000000	27.500000	9.809778e+04	2.794804e+01	-5.048463e+04	1969	8	21	6
	236	94	295.000000	27.500000	9.867127e+04	3.150891e+01	-5.048463e+04	1969	8	21	12
	237	96	296.250000	30.000000	9.871040e+04	3.141218e+01	-4.715038e+04	1969	8	21	18
	238	96	297.500000	30.000000	9.807415e+04	2.790833e+01	-5.003353e+04	1969	8	22	0
	240	97	300.000000	31.250000	9.830662e+04	2.777999e+01	-5.251461e+04	1969	8	22	6
	240	98	300.000000	32.500000	9.790835e+04	3.107232e+01	-4.960204e+04	1969	8	22	12
	241	99	301.250000	33.750000	9.759436e+04	3.488548e+01	-4.676791e+04	1969	8	22	18
	242	100	302.500000	35.000000	9.768850e+04	3.672613e+01	-4.399263e+04	1969	8	23	0
	243	102	303.750000	37.500000	9.782166e+04	3.666060e+01	-5.238712e+04	1969	8	23	6
	244	103	305.000000	38.750000	9.786280e+04	3.407739e+01	-5.214196e+04	1969	8	23	12
	245	105	306.250000	41.250000	9.797273e+04	2.854360e+01	-4.910190e+04	1969	8	23	18
	246	107	307.500000	43.750000	9.870139e+04	3.386195e+01	-6.325289e+03	1969	8	24	0
start	23	1969	9	21	18
	123	85	153.750000	16.250000	9.832544e+04	2.488564e+01	-5.485840e+04	1969	9	21	18
	121	85	151.250000	16.250000	9.823470e+04	2.759073e+01	-5.868299e+04	1969	9	22	0
	120	85	150.000000	16.250000	9.745605e+04	2.981596e+01	-5.626075e+04	1969	9	22	6
	119	86	148.750000	17.500000	9.784462e+04	2.826393e+01	-3.768696e+04	1969	9	22	12
	117	86	146.250000	17.500000	9.709514e+04	2.957303e+01	-2.529135e+04	1969	9	22	18
	116	86	145.000000	17.500000	9.677088e+04	3.590697e+01	-3.332300e+04	1969	9	23	0
	115	87	143.750000	18.750000	9.599341e+04	3.544133e+01	-3.701030e+04	1969	9	23	6
	113	87	141.250000	18.750000	9.582583e+04	3.403704e+01	-4.573821e+04	1969	9	23	12
	112	88	140.000000	20.000000	9.572502e+04	3.809274e+01	-4.693462e+04	1969	9	23	18
	111	88	138.750000	20.000000	9.556558e+04	3.907388e+01	-4.463006e+04	1969	9	24	0
	109	88	136.250000	20.000000	9.493567e+04	4.148400e+01	-3.398004e+04	1969	9	24	6
	108	89	135.000000	21.250000	9.449978e+04	4.123478e+01	-5.623133e+04	1969	9	24	12
	107	89	133.750000	21.250000	9.484245e+04	4.307178e+01	-5.766310e+04	1969	9	24	18
	106	90	132.500000	22.500000	9.497810e+04	4.147383e+01	-5.560371e+04	1969	9	25	0
	104	90	130.000000	22.500000	9.474306e+04	4.363185e+01	-5.210273e+04	1969	9	25	6
	103	90	128.750000	22.500000	9.463472e+04	4.300504e+01	-3.668668e+04	1969	9	25	12
	102	90	127.500000	22.500000	9.478723e+04	3.977125e+01	-5.607443e+04	1969	9	25	18
	101	91	126.250000	23.750000	9.481028e+04	3.752858e+01	-5.574100e+04	1969	9	26	0
	100	91	125.000000	23.750000	9.489204e+04	3.967097e+01	-3.027313e+04	1969	9	26	6
	98	91	122.500000	23.750000	9.597585e+04	3.648665e+01	-3.025352e+04	1969	9	26	12
	97	91	121.250000	23.750000	9.701799e+04	3.109462e+01	2.383997e+04	1969	9	26	18
	96	92	120.000000	25.000000	9.775562e+04	2.804829e+01	-6.276256e+02	1969	9	27	0
	95	92	118.750000	25.000000	9.831988e+04	1.774920e+01	9.806650e+02	1969	9	27	6
start	17	1969	10	2	6
	131	92	163.750000	25.000000	9.945046e+04	2.037991e+01	-5.583907e+04	1969	10	2	6
	128	91	160.000000	23.750000	9.896745e+04	2.345341e+01	-5.453478e+04	1969	10	3	0
	127	91	158.750000	23.750000	9.903943e+04	2.762910e+01	-5.193602e+04	1969	10	3	6
	125	91	156.250000	23.750000	9.881946e+04	2.604853e+01	-4.479678e+04	1969	10	3	12
	124	92	155.000000	25.000000	9.879170e+04	2.710360e+01	-5.563312e+04	1969	10	3	18
	122	92	152.500000	25.000000	9.878882e+04	2.850772e+01	-4.738573e+04	1969	10	4	0
	121	92	151.250000	25.000000	9.845723e+04	2.486429e+01	-5.619211e+04	1969	10	4	6
	121	93	151.250000	26.250000	9.833945e+04	2.762614e+01	-5.833976e+04	1969	10	4	12
	120	94	150.000000	27.500000	9.813577e+04	2.987405e+01	-5.865357e+04	1969	10	4	18
	120	94	150.000000	27.500000	9.811760e+04	2.669979e+01	-5.865357e+04	1969	10	5	0
	120	95	150.000000	28.750000	9.769751e+04	3.049084e+01	-5.856531e+04	1969	10	5	6
	121	96	151.250000	30.000000	9.786905e+04	2.893861e+01	-5.959501e+04	1969	10	5	12
	122	96	152.500000	30.000000	9.789195e+04	2.947354e+01	-5.851628e+04	1969	10	5	18
	124	97	155.000000	31.250000	9.829727e+04	2.796737e+01	-5.428961e+04	1969	10	6	0
	125	97	156.250000	31.250000	9.844544e+04	2.652065e+01	-4.462026e+04	1969	10	6	6
	127	98	158.750000	32.500000	9.871482e+04	2.545835e+01	-2.613472e+04	1969	10	6	12
	129	98	161.250000	32.500000	9.902644e+04	2.218653e+01	-5.531931e+04	1969	10	6	18
start	18	1969	10	18	6
	117	88	146.250000	20.000000	9.861265e+04	2.025440e+01	-3.495090e+04	1969	10	18	6
	117	88	146.250000	20.000000	9.811213e+04	2.281487e+01	-3.495090e+04	1969	10	18	12
	117	88	146.250000	20.000000	9.772100e+04	2.674644e+01	-3.495090e+04	1969	10	18	18
	117	89	146.250000	21.250000	9.754780e+04	3.124864e+01	-4.412993e+04	1969	10	19	0
	118	90	147.500000	22.500000	9.787730e+04	2.980896e+01	-5.659418e+04	1969	10	19	6
	118	90	147.500000	22.500000	9.739646e+04	3.104007e+01	-5.659418e+04	1969	10	19	12
	118	91	147.500000	23.750000	9.733784e+04	3.267161e+01	-5.738852e+04	1969	10	19	18
	118	91	147.500000	23.750000	9.740935e+04	3.296835e+01	-5.738852e+04	1969	10	20	0
	119	92	148.750000	25.000000	9.678743e+04	3.411095e+01	-3.925602e+04	1969	10	20	6
	119	93	148.750000	26.250000	9.710908e+04	3.149612e+01	-6.163480e+04	1969	10	20	12
	120	93	150.000000	26.250000	9.669648e+04	3.093180e+01	-5.837899e+04	1969	10	20	18
	121	94	151.250000	27.500000	9.691962e+04	3.232035e+01	-5.871241e+04	1969	10	21	0
	122	94	152.500000	27.500000	9.718943e+04	3.203421e+01	-5.432884e+04	1969	10	21	6
	123	95	153.750000	28.750000	9.704766e+04	3.183351e+01	-5.896739e+04	1969	10	21	12
	124	96	155.000000	30.000000	9.712984e+04	3.178053e+01	-5.576061e+04	1969	10	21	18
	125	97	156.250000	31.250000	9.797595e+04	3.216906e+01	-4.462026e+04	1969	10	22	0
	126	97	157.500000	31.250000	9.830701e+04	3.183625e+01	-4.711115e+04	1969	10	22	6
	126	98	157.500000	32.500000	9.830801e+04	3.059081e+01	-2.976318e+04	1969	10	22	12
start	13	1969	11	1	18
	106	87	132.500000	18.750000	9.779282e+04	2.489256e+01	-5.853589e+04	1969	11	1	18
	105	88	131.250000	20.000000	9.745559e+04	2.698089e+01	-5.822208e+04	1969	11	2	6
	105	88	131.250000	20.000000	9.748845e+04	3.132536e+01	-5.822208e+04	1969	11	2	12
	105	89	131.250000	21.250000	9.696748e+04	3.201949e+01	-5.834957e+04	1969	11	2	18
	105	89	131.250000	21.250000	9.717409e+04	3.234018e+01	-5.834957e+04	1969	11	3	0
	105	89	131.250000	21.250000	9.747402e+04	3.079790e+01	-5.834957e+04	1969	11	3	6
	105	90	131.250000	22.500000	9.737903e+04	2.907731e+01	-5.749639e+04	1969	11	3	12
	105	90	131.250000	22.500000	9.787869e+04	3.104770e+01	-5.749639e+04	1969	11	3	18
	106	91	132.500000	23.750000	9.770488e+04	2.928232e+01	-3.348971e+04	1969	11	4	0
	107	92	133.750000	25.000000	9.764373e+04	2.809867e+01	-4.338462e+04	1969	11	4	6
	108	93	135.000000	26.250000	9.786704e+04	2.978524e+01	-4.581667e+04	1969	11	4	12
	110	94	137.500000	27.500000	9.809170e+04	3.063608e+01	-4.528711e+04	1969	11	4	18
	112	95	140.000000	28.750000	9.864991e+04	2.790430e+01	-2.675254e+04	1969	11	5	0
start	25	1970	2	6	18
	56	58	70.000000	-17.500000	9.879405e+04	2.375363e+01	-4.018765e+04	1970	2	6	18
	55	58	68.750000	-17.500000	9.817825e+04	2.261033e+01	-3.013584e+04	1970	2	7	0
	55	57	68.750000	-18.750000	9.863262e+04	2.766466e+01	-3.171471e+04	1970	2	7	6
	54	57	67.500000	-18.750000	9.795130e+04	2.567603e+01	-3.097921e+04	1970	2	7	12
	54	58	67.500000	-17.500000	9.809848e+04	2.668726e+01	-3.084191e+04	1970	2	7	18
	53	58	66.250000	-17.500000	9.761812e+04	2.763301e+01	-2.099604e+04	1970	2	8	0
	52	58	65.000000	-17.500000	9.761919e+04	3.012628e+01	-3.954041e+04	1970	2	8	6
	52	58	65.000000	-17.500000	9.745523e+04	2.808929e+01	-3.954041e+04	1970	2	8	12
	51	58	63.750000	-17.500000	9.728227e+04	3.372069e+01	-3.810864e+04	1970	2	8	18
	51	58	63.750000	-17.500000	9.690330e+04	3.045547e+01	-3.810864e+04	1970	2	9	0
	50	58	62.500000	-17.500000	9.699890e+04	3.559455e+01	-3.648074e+04	1970	2	9	6
	50	58	62.500000	-17.500000	9.650805e+04	3.228850e+01	-3.648074e+04	1970	2	9	12
	49	58	61.250000	-17.500000	9.738173e+04	3.202028e+01	-3.074385e+04	1970	2	9	18
	49	58	61.250000	-17.500000	9.679058e+04	3.265839e+01	-3.074385e+04	1970	2	10	0
	49	58	61.250000	-17.500000	9.732691e+04	3.328424e+01	-3.074385e+04	1970	2	10	6
	48	58	60.000000	-17.500000	9.696836e+04	3.374591e+01	-1.407254e+04	1970	2	10	12
	48	58	60.000000	-17.500000	9.760791e+04	3.081566e+01	-1.407254e+04	1970	2	10	18
	48	57	60.000000	-18.750000	9.726782e+04	2.959428e+01	-2.967492e+04	1970	2	11	0
	48	57	60.000000	-18.750000	9.751202e+04	2.865773e+01	-2.967492e+04	1970	2	11	6
	48	56	60.000000	-20.000000	9.749258e+04	2.896284e+01	-3.959925e+04	1970	2	11	12
	48	55	60.000000	-21.250000	9.813288e+04	2.923893e+01	-4.356114e+04	1970	2	11	18
	48	54	60.000000	-22.500000	9.806126e+04	3.253119e+01	-3.847149e+04	1970	2	12	0
	49	53	61.250000	-23.750000	9.870173e+04	2.536231e+01	-4.762109e+04	1970	2	12	6
	49	52	61.250000	-25.000000	9.874304e+04	2.588224e+01	-5.125936e+04	1970	2	12	12
	49	52	61.250000	-25.000000	9.905473e+04	2.374172e+01	-5.125936e+04	1970	2	12	18
start	34	1970	2	14	12
	58	61	72.500000	-13.750000	9.815041e+04	2.390318e+01	-5.188698e+04	1970	2	14	12
	58	61	72.500000	-13.750000	9.820679e+04	2.518284e+01	-5.188698e+04	1970	2	14	18
	57	61	71.250000	-13.750000	9.764688e+04	2.772364e+01	-4.428683e+04	1970	2	15	0
	57	61	71.250000	-13.750000	9.786692e+04	2.893489e+01	-4.428683e+04	1970	2	15	6
	57	61	71.250000	-13.750000	9.783030e+04	2.878479e+01	-4.428683e+04	1970	2	15	12
	57	61	71.250000	-13.750000	9.816909e+04	2.783664e+01	-4.428683e+04	1970	2	15	18
	56	60	70.000000	-15.000000	9.745884e+04	2.901945e+01	-4.024649e+04	1970	2	16	0
	56	60	70.000000	-15.000000	9.765825e+04	2.938878e+01	-4.024649e+04	1970	2	16	6
	56	60	70.000000	-15.000000	9.693408e+04	3.302280e+01	-4.024649e+04	1970	2	16	12
	55	60	68.750000	-15.000000	9.726255e+04	3.120267e+01	-3.867743e+04	1970	2	16	18
	55	60	68.750000	-15.000000	9.668811e+04	3.140032e+01	-3.867743e+04	1970	2	17	0
	55	60	68.750000	-15.000000	9.655632e+04	3.235601e+01	-3.867743e+04	1970	2	17	6
	55	60	68.750000	-15.000000	9.669831e+04	3.350189e+01	-3.867743e+04	1970	2	17	12
	54	60	67.500000	-15.000000	9.731006e+04	3.007527e+01	-2.901788e+04	1970	2	17	18
	53	59	66.250000	-16.250000	9.690280e+04	3.271569e+01	-3.432327e+04	1970	2	18	0
	53	59	66.250000	-16.250000	9.695991e+04	3.375976e+01	-3.432327e+04	1970	2	18	6
	52	59	65.000000	-16.250000	9.624655e+04	3.339867e+01	-3.255808e+04	1970	2	18	12
	52	59	65.000000	-16.250000	9.694219e+04	3.411646e+01	-3.255808e+04	1970	2	18	18
	51	59	63.750000	-16.250000	9.680093e+04	3.469950e+01	-3.692204e+04	1970	2	19	0
	51	59	63.750000	-16.250000	9.723574e+04	3.351198e+01	-3.692204e+04	1970	2	19	6
	51	58	63.750000	-17.500000	9.712388e+04	3.331108e+01	-3.810864e+04	1970	2	19	12
	49	58	61.250000	-17.500000	9.757244e+04	3.039019e+01	-3.074385e+04	1970	2	19	18
	49	58	61.250000	-17.500000	9.698034e+04	3.096396e+01	-3.074385e+04	1970	2	20	0
	48	58	60.000000	-17.500000	9.683591e+04	3.283566e+01	-1.407254e+04	1970	2	20	6
	47	57	58.750000	-18.750000	9.718411e+04	3.242708e+01	-1.567103e+04	1970	2	20	12
	46	58	57.500000	-17.500000	9.755786e+04	3.007992e+01	-4.127619e+04	1970	2	20	18
	45	58	56.250000	-17.500000	9.781196e+04	3.188354e+01	-4.480658e+04	1970	2	21	0
	44	57	55.000000	-18.750000	9.808528e+04	3.014496e+01	-4.622855e+04	1970	2	21	6
	42	57	52.500000	-18.750000	9.814683e+04	3.110634e+01	-4.837620e+04	1970	2	21	12
	42	57	52.500000	-18.750000	9.776728e+04	2.955090e+01	-4.837620e+04	1970	2	21	18
	42	57	52.500000	-18.750000	9.769680e+04	2.991542e+01	-4.837620e+04	1970	2	22	0
	41	56	51.250000	-20.000000	9.788579e+04	2.876715e+01	-4.788587e+04	1970	2	22	6
	41	56	51.250000	-20.000000	9.747734e+04	3.095082e+01	-4.788587e+04	1970	2	22	12
	40	56	50.000000	-20.000000	9.809902e+04	2.929226e+01	-4.223724e+04	1970	2	22	18
start	10	1970	7	1	18
	101	88	126.250000	20.000000	9.696179e+04	3.039006e+01	-5.191641e+04	1970	7	1	18
	101	89	126.250000	21.250000	9.748843e+04	3.442689e+01	-5.579003e+04	1970	7	2	0
	100	90	125.000000	22.500000	9.676045e+04	3.838729e+01	-5.426020e+04	1970	7	2	6
	100	90	125.000000	22.500000	9.672585e+04	3.671301e+01	-5.426020e+04	1970	7	2	12
	100	91	125.000000	23.750000	9.737124e+04	3.392816e+01	-3.027313e+04	1970	7	2	18
	100	91	125.000000	23.750000	9.775716e+04	2.876703e+01	-3.027313e+04	1970	7	3	0
	100	92	125.000000	25.000000	9.767388e+04	3.150630e+01	-1.320956e+04	1970	7	3	6
	100	93	125.000000	26.250000	9.813616e+04	2.709928e+01	-1.324878e+04	1970	7	3	12
	101	94	126.250000	27.500000	9.799006e+04	2.670232e+01	-1.104229e+04	1970	7	3	18
	104	96	130.000000	30.000000	9.833220e+04	2.689391e+01	-5.923217e+03	1970	7	4	12
start	11	1970	8	13	0
	103	94	128.750000	27.500000	9.742356e+04	2.677209e+01	-1.043428e+04	1970	8	13	0
	103	95	128.750000	28.750000	9.753750e+04	3.021859e+01	-7.923773e+03	1970	8	13	6
	103	95	128.750000	28.750000	9.730420e+04	3.222118e+01	-7.923773e+03	1970	8	13	12
	103	96	128.750000	30.000000	9.724973e+04	3.186716e+01	-9.404577e+03	1970	8	13	18
	103	96	128.750000	30.000000	9.738350e+04	3.009285e+01	-9.404577e+03	1970	8	14	0
	103	97	128.750000	31.250000	9.698127e+04	2.974873e+01	-6.864655e+03	1970	8	14	6
	103	98	128.750000	32.500000	9.793567e+04	2.870202e+01	-1.882877e+03	1970	8	14	12
	105	99	131.250000	33.750000	9.842949e+04	2.095160e+01	-1.372931e+02	1970	8	14	18
	106	100	132.500000	35.000000	9.878523e+04	1.902473e+01	4.805258e+02	1970	8	15	0
	107	102	133.750000	37.500000	9.836695e+04	2.429051e+01	-1.282710e+04	1970	8	15	6
	109	104	136.250000	40.000000	9.842144e+04	2.763373e+01	-1.354298e+04	1970	8	15	12
start	17	1970	8	18	6
	111	89	138.750000	21.250000	9.834541e+04	2.483563e+01	-4.345327e+04	1970	8	18	6
	111	89	138.750000	21.250000	9.815864e+04	2.496456e+01	-4.345327e+04	1970	8	18	12
	111	90	138.750000	22.500000	9.812622e+04	2.628262e+01	-4.738573e+04	1970	8	18	18
	110	90	137.500000	22.500000	9.804853e+04	2.593747e+01	-4.242357e+04	1970	8	19	0
	110	91	137.500000	23.750000	9.728759e+04	2.946552e+01	-4.869982e+04	1970	8	19	6
	110	92	137.500000	25.000000	9.717146e+04	2.942140e+01	-4.471832e+04	1970	8	19	12
	109	93	136.250000	26.250000	9.698611e+04	3.231757e+01	-4.746419e+04	1970	8	19	18
	109	94	136.250000	27.500000	9.618208e+04	3.805235e+01	-5.037676e+04	1970	8	20	0
	109	95	136.250000	28.750000	9.652385e+04	3.730076e+01	-4.666004e+04	1970	8	20	6
	108	96	135.000000	30.000000	9.677923e+04	3.638096e+01	-4.601280e+04	1970	8	20	12
	107	97	133.750000	31.250000	9.697942e+04	3.302016e+01	-4.541460e+04	1970	8	20	18
	107	98	133.750000	32.500000	9.779348e+04	3.296632e+01	-1.065983e+04	1970	8	21	0
	106	100	132.500000	35.000000	9.849993e+04	2.444182e+01	4.805258e+02	1970	8	21	6
	106	101	132.500000	36.250000	9.912534e+04	2.525229e+01	-8.943665e+03	1970	8	21	12
	107	103	133.750000	38.750000	9.925391e+04	2.354845e+01	-1.458249e+04	1970	8	21	18
	108	104	135.000000	40.000000	9.940134e+04	2.270520e+01	-1.447462e+04	1970	8	22	0
	109	106	136.250000	42.500000	9.961548e+04	2.217213e+01	-2.375171e+04	1970	8	22	6
start	20	1970	8	25	12
	105	88	131.250000	20.000000	9.815449e+04	2.423040e+01	-5.822208e+04	1970	8	25	12
	106	89	132.500000	21.250000	9.764978e+04	2.729704e+01	-5.731987e+04	1970	8	25	18
	106	89	132.500000	21.250000	9.754236e+04	2.900196e+01	-5.731987e+04	1970	8	26	0
	106	90	132.500000	22.500000	9.685977e+04	3.063641e+01	-5.560371e+04	1970	8	26	6
	106	91	132.500000	23.750000	9.708897e+04	2.858209e+01	-3.348971e+04	1970	8	26	12
	106	91	132.500000	23.750000	9.716326e+04	2.752800e+01	-3.348971e+04	1970	8	26	18
	106	92	132.500000	25.000000	9.708997e+04	3.073313e+01	-5.064154e+04	1970	8	27	0
	105	93	131.250000	26.250000	9.717678e+04	3.100888e+01	-3.107727e+04	1970	8	27	6
	105	93	131.250000	26.250000	9.711606e+04	2.855053e+01	-3.107727e+04	1970	8	27	12
	104	94	130.000000	27.500000	9.705256e+04	3.047243e+01	-1.838747e+04	1970	8	27	18
	104	94	130.000000	27.500000	9.730171e+04	3.079717e+01	-1.838747e+04	1970	8	28	0
	103	95	128.750000	28.750000	9.713408e+04	3.137356e+01	-7.923773e+03	1970	8	28	6
	103	95	128.750000	28.750000	9.723227e+04	3.188405e+01	-7.923773e+03	1970	8	28	12
	102	95	127.500000	28.750000	9.717817e+04	2.769666e+01	-1.008124e+04	1970	8	28	18
	102	96	127.500000	30.000000	9.716198e+04	2.920499e+01	-1.461191e+03	1970	8	29	0
	102	96	127.500000	30.000000	9.681052e+04	2.985315e+01	-1.461191e+03	1970	8	29	6
	102	97	127.500000	31.250000	9.731575e+04	2.735212e+01	-1.265058e+03	1970	8	29	12
	101	97	126.250000	31.250000	9.712973e+04	2.953689e+01	-8.139520e+02	1970	8	29	18
	101	98	126.250000	32.500000	9.713212e+04	2.968058e+01	-1.010085e+03	1970	8	30	0
	101	99	126.250000	33.750000	9.766497e+04	2.850259e+01	-1.147378e+03	1970	8	30	6
start	10	1970	8	29	12
	115	101	143.750000	36.250000	9.939388e+04	2.208681e+01	-5.413271e+04	1970	8	29	12
	116	101	145.000000	36.250000	9.905786e+04	2.102504e+01	-5.601559e+04	1970	8	29	18
	118	101	147.500000	36.250000	9.923525e+04	2.116539e+01	-5.658437e+04	1970	8	30	0
	119	100	148.750000	35.000000	9.910872e+04	2.056172e+01	-5.965385e+04	1970	8	30	6
	121	100	151.250000	35.000000	9.885391e+04	2.127198e+01	-5.965385e+04	1970	8	30	12
	123	99	153.750000	33.750000	9.904182e+04	2.157543e+01	-5.975192e+04	1970	8	31	0
	125	100	156.250000	35.000000	9.859072e+04	2.324251e+01	-5.250480e+04	1970	8	31	12
	126	100	157.500000	35.000000	9.838674e+04	2.409867e+01	-4.991585e+04	1970	8	31	18
	126	100	157.500000	35.000000	9.845595e+04	2.637898e+01	-4.991585e+04	1970	9	1	0
	127	100	158.750000	35.000000	9.833596e+04	2.631629e+01	-4.951378e+04	1970	9	1	6
start	10	1970	9	9	18
	102	84	127.500000	15.000000	9.856948e+04	2.277925e+01	-5.319127e+04	1970	9	9	18
	101	84	126.250000	15.000000	9.822288e+04	2.513570e+01	-5.375025e+04	1970	9	10	0
	100	84	125.000000	15.000000	9.812327e+04	2.765660e+01	-5.909487e+04	1970	9	10	6
	99	85	123.750000	16.250000	9.837973e+04	2.709110e+01	-3.757908e+04	1970	9	10	18
	98	85	122.500000	16.250000	9.873452e+04	2.394007e+01	-3.481361e+04	1970	9	11	0
	95	86	118.750000	17.500000	9.931475e+04	1.852079e+01	-3.983461e+04	1970	9	11	18
	94	86	117.500000	17.500000	9.920881e+04	2.042002e+01	-3.888337e+04	1970	9	12	0
	93	87	116.250000	18.750000	9.854119e+04	2.344992e+01	-3.102824e+04	1970	9	12	18
	93	88	116.250000	20.000000	9.856834e+04	2.566584e+01	-1.135610e+04	1970	9	13	0
	92	89	115.000000	21.250000	9.864607e+04	2.713520e+01	-9.904717e+02	1970	9	13	12
start	24	1970	9	22	18
	122	86	152.500000	17.500000	9.852346e+04	2.754726e+01	-3.995229e+04	1970	9	22	18
	121	86	151.250000	17.500000	9.855620e+04	2.665077e+01	-3.826555e+04	1970	9	23	0
	120	87	150.000000	18.750000	9.802576e+04	2.558928e+01	-5.350508e+04	1970	9	23	6
	119	88	148.750000	20.000000	9.794092e+04	2.799893e+01	-3.851071e+04	1970	9	23	12
	118	88	147.500000	20.000000	9.750425e+04	3.033616e+01	-5.305398e+04	1970	9	23	18
	117	90	146.250000	22.500000	9.713023e+04	3.114624e+01	-6.487099e+04	1970	9	24	6
	116	90	145.000000	22.500000	9.620733e+04	3.580381e+01	-4.564996e+04	1970	9	24	12
	116	91	145.000000	23.750000	9.670041e+04	3.507033e+01	-5.510357e+04	1970	9	24	18
	115	92	143.750000	25.000000	9.606948e+04	3.745635e+01	-3.770657e+04	1970	9	25	0
	115	93	143.750000	26.250000	9.621966e+04	4.010546e+01	-3.154799e+04	1970	9	25	6
	114	94	142.500000	27.500000	9.647900e+04	3.670235e+01	-1.608291e+04	1970	9	25	12
	114	95	142.500000	28.750000	9.668091e+04	3.668266e+01	-4.339443e+04	1970	9	25	18
	114	96	142.500000	30.000000	9.691921e+04	3.477563e+01	-8.422932e+04	1970	9	26	0
	114	97	142.500000	31.250000	9.737431e+04	3.772110e+01	-7.396176e+04	1970	9	26	6
	115	97	143.750000	31.250000	9.735603e+04	3.497384e+01	-5.731987e+04	1970	9	26	12
	117	98	146.250000	32.500000	9.785816e+04	3.277108e+01	-5.800634e+04	1970	9	26	18
	117	98	146.250000	32.500000	9.789666e+04	3.151616e+01	-5.800634e+04	1970	9	27	0
	119	98	148.750000	32.500000	9.816944e+04	3.054707e+01	-4.277661e+04	1970	9	27	6
	119	98	148.750000	32.500000	9.802512e+04	3.040979e+01	-4.277661e+04	1970	9	27	12
	121	98	151.250000	32.500000	9.828091e+04	2.924569e+01	-5.626075e+04	1970	9	27	18
	122	98	152.500000	32.500000	9.822539e+04	2.818917e+01	-5.470149e+04	1970	9	28	0
	123	98	153.750000	32.500000	9.811966e+04	3.050619e+01	-5.142607e+04	1970	9	28	6
	124	98	155.000000	32.500000	9.838811e+04	2.833118e+01	-4.543421e+04	1970	9	28	12
	125	97	156.250000	31.250000	9.909648e+04	2.859686e+01	-4.462026e+04	1970	9	29	0
start	10	1971	1	21	18
	55	58	68.750000	-17.500000	9.811338e+04	2.881267e+01	-3.013584e+04	1971	1	21	18
	54	58	67.500000	-17.500000	9.780403e+04	2.766828e+01	-3.084191e+04	1971	1	22	0
	53	57	66.250000	-18.750000	9.765625e+04	3.077213e+01	-2.615434e+04	1971	1	22	6
	52	56	65.000000	-20.000000	9.762505e+04	2.834683e+01	-2.794895e+04	1971	1	22	12
	52	56	65.000000	-20.000000	9.756731e+04	2.845644e+01	-2.794895e+04	1971	1	22	18
	51	56	63.750000	-20.000000	9.745866e+04	2.849641e+01	-3.100863e+04	1971	1	23	0
	50	56	62.500000	-20.000000	9.784067e+04	2.725313e+01	-3.874607e+04	1971	1	23	6
	50	55	62.500000	-21.250000	9.769402e+04	2.683762e+01	-3.749082e+04	1971	1	23	12
	49	55	61.250000	-21.250000	9.798616e+04	2.646433e+01	-3.664745e+04	1971	1	23	18
	47	54	58.750000	-22.500000	9.835269e+04	2.536683e+01	-4.865079e+04	1971	1	24	6
start	28	1971	2	7	12
	48	55	60.000000	-21.250000	9.796504e+04	2.532836e+01	-4.356114e+04	1971	2	7	12
	48	55	60.000000	-21.250000	9.808420e+04	2.550797e+01	-4.356114e+04	1971	2	7	18
	47	55	58.750000	-21.250000	9.773728e+04	2.554197e+01	-4.424761e+04	1971	2	8	0
	47	55	58.750000	-21.250000	9.782659e+04	2.570429e+01	-4.424761e+04	1971	2	8	6
	46	54	57.500000	-22.500000	9.772016e+04	2.836737e+01	-4.578725e+04	1971	2	8	12
	46	54	57.500000	-22.500000	9.812712e+04	2.559086e+01	-4.578725e+04	1971	2	8	18
	45	54	56.250000	-22.500000	9.761875e+04	2.583962e+01	-4.129580e+04	1971	2	9	0
	45	53	56.250000	-23.750000	9.781018e+04	2.562913e+01	-4.666004e+04	1971	2	9	6
	44	53	55.000000	-23.750000	9.769527e+04	2.562371e+01	-5.464265e+04	1971	2	9	12
	44	53	55.000000	-23.750000	9.766636e+04	2.752981e+01	-5.464265e+04	1971	2	9	18
	44	53	55.000000	-23.750000	9.760469e+04	2.806863e+01	-5.464265e+04	1971	2	10	0
	44	52	55.000000	-25.000000	9.788852e+04	2.512934e+01	-4.873905e+04	1971	2	10	6
	43	52	53.750000	-25.000000	9.821960e+04	2.621420e+01	-4.878808e+04	1971	2	10	12
	42	51	52.500000	-26.250000	9.859561e+04	2.933694e+01	-5.258326e+04	1971	2	10	18
	41	50	51.250000	-27.500000	9.862776e+04	2.506429e+01	-5.246558e+04	1971	2	11	0
	41	49	51.250000	-28.750000	9.876048e+04	2.337127e+01	-5.111226e+04	1971	2	11	6
	41	48	51.250000	-30.000000	9.872527e+04	2.476902e+01	-5.050425e+04	1971	2	11	12
	41	47	51.250000	-31.250000	9.880283e+04	2.531661e+01	-4.827814e+04	1971	2	11	18
	41	46	51.250000	-32.500000	9.854844e+04	2.551016e+01	-4.101141e+04	1971	2	12	0
	41	44	51.250000	-35.000000	9.823140e+04	2.869885e+01	-3.513723e+04	1971	2	12	6
	42	43	52.500000	-36.250000	9.844267e+04	2.776170e+01	-3.821652e+04	1971	2	12	12
	43	43	53.750000	-36.250000	9.895911e+04	2.086925e+01	-2.757630e+04	1971	2	12	18
	43	43	53.750000	-36.250000	9.930486e+04	1.981477e+01	-2.757630e+04	1971	2	13	0
	44	43	55.000000	-36.250000	9.985120e+04	1.620801e+01	-3.379371e+04	1971	2	13	6
	45	44	56.250000	-35.000000	1.001559e+05	1.941573e+01	-4.490465e+04	1971	2	13	12
	44	44	55.000000	-35.000000	1.002507e+05	1.623279e+01	-2.347712e+04	1971	2	13	18
	43	44	53.750000	-35.000000	1.002661e+05	1.888428e+01	-2.717423e+04	1971	2	14	0
	42	45	52.500000	-33.750000	1.005871e+05	1.707447e+01	-4.267854e+04	1971	2	14	6
start	10	1971	2	20	12
	56	56	70.000000	-20.000000	9.786245e+04	2.413146e+01	-3.442134e+04	1971	2	20	12
	56	56	70.000000	-20.000000	9.798152e+04	2.502172e+01	-3.442134e+04	1971	2	20	18
	56	55	70.000000	-21.250000	9.779402e+04	2.572083e+01	-2.937092e+04	1971	2	21	0
	55	55	68.750000	-21.250000	9.776159e+04	2.936026e+01	-2.363403e+04	1971	2	21	6
	54	55	67.500000	-21.250000	9.759288e+04	2.853087e+01	-3.062617e+04	1971	2	21	12
	54	55	67.500000	-21.250000	9.767566e+04	2.897001e+01	-3.062617e+04	1971	2	21	18
	54	54	67.500000	-22.500000	9.795540e+04	2.837589e+01	-3.373488e+04	1971	2	22	0
	53	54	66.250000	-22.500000	9.826548e+04	2.643024e+01	-3.444095e+04	1971	2	22	6
	53	54	66.250000	-22.500000	9.816262e+04	2.516868e+01	-3.444095e+04	1971	2	22	12
	52	53	65.000000	-23.750000	9.870093e+04	2.613312e+01	-4.179594e+04	1971	2	22	18
start	13	1971	2	25	0
	57	58	71.250000	-17.500000	9.853943e+04	2.180605e+01	-4.428683e+04	1971	2	25	0
	54	58	67.500000	-17.500000	9.844384e+04	2.374180e+01	-3.084191e+04	1971	2	25	18
	53	57	66.250000	-18.750000	9.815659e+04	2.667084e+01	-2.615434e+04	1971	2	26	0
	52	56	65.000000	-20.000000	9.814243e+04	2.653155e+01	-2.794895e+04	1971	2	26	6
	51	56	63.750000	-20.000000	9.801858e+04	2.531059e+01	-3.100863e+04	1971	2	26	12
	51	56	63.750000	-20.000000	9.809546e+04	2.488507e+01	-3.100863e+04	1971	2	26	18
	50	55	62.500000	-21.250000	9.788955e+04	2.502878e+01	-3.749082e+04	1971	2	27	0
	50	55	62.500000	-21.250000	9.801790e+04	2.584426e+01	-3.749082e+04	1971	2	27	6
	49	54	61.250000	-22.500000	9.777817e+04	2.325002e+01	-4.007978e+04	1971	2	27	12
	49	54	61.250000	-22.500000	9.789714e+04	2.385989e+01	-4.007978e+04	1971	2	27	18
	49	53	61.250000	-23.750000	9.777637e+04	2.394176e+01	-4.762109e+04	1971	2	28	0
	49	53	61.250000	-23.750000	9.830132e+04	2.328517e+01	-4.762109e+04	1971	2	28	6
	49	52	61.250000	-25.000000	9.815132e+04	2.113328e+01	-5.125936e+04	1971	2	28	12
start	23	1971	3	13	6
	65	60	81.250000	-15.000000	9.861050e+04	2.453265e+01	-4.839582e+04	1971	3	13	6
	64	59	80.000000	-16.250000	9.819334e+04	2.771042e+01	-4.925880e+04	1971	3	13	12
	63	60	78.750000	-15.000000	9.816389e+04	2.811637e+01	-4.860176e+04	1971	3	13	18
	63	60	78.750000	-15.000000	9.779961e+04	2.674355e+01	-4.860176e+04	1971	3	14	0
	62	59	77.500000	-16.250000	9.809973e+04	2.935089e+01	-4.794471e+04	1971	3	14	6
	62	59	77.500000	-16.250000	9.776489e+04	3.051999e+01	-4.794471e+04	1971	3	14	12
	61	59	76.250000	-16.250000	9.792632e+04	3.043087e+01	-4.799375e+04	1971	3	14	18
	60	58	75.000000	-17.500000	9.776045e+04	3.190741e+01	-4.812123e+04	1971	3	15	0
	59	57	73.750000	-18.750000	9.778093e+04	2.923023e+01	-4.647371e+04	1971	3	15	6
	59	56	73.750000	-20.000000	9.757480e+04	2.943093e+01	-4.351211e+04	1971	3	15	12
	59	55	73.750000	-21.250000	9.749236e+04	2.948655e+01	-4.178614e+04	1971	3	15	18
	59	53	73.750000	-23.750000	9.788520e+04	2.910163e+01	-4.277661e+04	1971	3	16	0
	59	52	73.750000	-25.000000	9.775940e+04	2.988865e+01	-3.418598e+04	1971	3	16	6
	59	51	73.750000	-26.250000	9.783274e+04	2.844497e+01	-3.504897e+04	1971	3	16	12
	59	50	73.750000	-27.500000	9.791866e+04	2.742228e+01	-2.880213e+04	1971	3	16	18
	60	49	75.000000	-28.750000	9.759880e+04	2.903464e+01	-2.584052e+04	1971	3	17	0
	60	48	75.000000	-30.000000	9.757036e+04	3.009577e+01	-3.467631e+04	1971	3	17	6
	60	47	75.000000	-31.250000	9.794097e+04	2.866615e+01	-3.141070e+04	1971	3	17	12
	62	45	77.500000	-33.750000	9.803816e+04	3.236668e+01	-3.386236e+04	1971	3	17	18
	64	44	80.000000	-35.000000	9.795044e+04	2.852764e+01	-2.989067e+04	1971	3	18	0
	66	43	82.500000	-36.250000	9.796914e+04	3.254721e+01	-3.830477e+04	1971	3	18	6
	69	42	86.250000	-37.500000	9.803848e+04	2.900270e+01	-3.679455e+04	1971	3	18	12
	72	40	90.000000	-40.000000	9.804583e+04	3.259336e+01	-3.304841e+04	1971	3	18	18
start	22	1971	5	2	0
	118	80	147.500000	10.000000	9.843372e+04	2.779767e+01	-4.515962e+04	1971	5	2	0
	117	80	146.250000	10.000000	9.764892e+04	2.791837e+01	-4.928822e+04	1971	5	2	6
	116	81	145.000000	11.250000	9.802339e+04	3.267792e+01	-4.420838e+04	1971	5	2	12
	115	82	143.750000	12.500000	9.763889e+04	2.872825e+01	-3.690243e+04	1971	5	2	18
	115	82	143.750000	12.500000	9.729859e+04	2.958544e+01	-3.690243e+04	1971	5	3	0
	114	82	142.500000	12.500000	9.716728e+04	3.178504e+01	-3.787328e+04	1971	5	3	6
	114	83	142.500000	13.750000	9.751226e+04	3.318109e+01	-2.415378e+04	1971	5	3	12
	113	83	141.250000	13.750000	9.723266e+04	3.151805e+01	-4.613048e+04	1971	5	3	18
	114	83	142.500000	13.750000	9.736790e+04	3.059001e+01	-2.415378e+04	1971	5	4	0
	114	84	142.500000	15.000000	9.704351e+04	3.177098e+01	-4.126638e+04	1971	5	4	6
	114	85	142.500000	16.250000	9.666402e+04	3.341464e+01	-3.808903e+04	1971	5	4	12
	114	86	142.500000	17.500000	9.635009e+04	3.327706e+01	-4.119774e+04	1971	5	4	18
	115	87	143.750000	18.750000	9.668140e+04	3.346788e+01	-3.701030e+04	1971	5	5	0
	115	88	143.750000	20.000000	9.681497e+04	3.323974e+01	-2.979260e+04	1971	5	5	6
	116	88	145.000000	20.000000	9.675085e+04	3.475518e+01	-2.906691e+04	1971	5	5	12
	116	89	145.000000	21.250000	9.686677e+04	3.601669e+01	-1.999576e+04	1971	5	5	18
	116	90	145.000000	22.500000	9.746067e+04	3.307959e+01	-4.564996e+04	1971	5	6	0
	117	91	146.250000	23.750000	9.742984e+04	3.220797e+01	-5.782001e+04	1971	5	6	6
	117	92	146.250000	25.000000	9.810864e+04	2.830902e+01	-5.611365e+04	1971	5	6	12
	118	93	147.500000	26.250000	9.802476e+04	2.753886e+01	-5.456420e+04	1971	5	6	18
	119	94	148.750000	27.500000	9.853798e+04	2.961306e+01	-5.638824e+04	1971	5	7	0
	121	96	151.250000	30.000000	9.868062e+04	2.953071e+01	-5.959501e+04	1971	5	7	6
start	13	1971	7	18	0
	103	85	128.750000	16.250000	9.857702e+04	2.150659e+01	-5.669224e+04	1971	7	18	0
	103	85	128.750000	16.250000	9.784306e+04	2.266685e+01	-5.669224e+04	1971	7	18	6
	102	85	127.500000	16.250000	9.767622e+04	2.501753e+01	-4.936668e+04	1971	7	18	12
	102	86	127.500000	17.500000	9.685984e+04	2.950556e+01	-5.123975e+04	1971	7	18	18
	101	86	126.250000	17.500000	9.652261e+04	3.201767e+01	-4.658159e+04	1971	7	19	0
	100	87	125.000000	18.750000	9.635595e+04	3.476084e+01	-5.522125e+04	1971	7	19	6
	100	87	125.000000	18.750000	9.576860e+04	3.392648e+01	-5.522125e+04	1971	7	19	12
	99	87	123.750000	18.750000	9.592945e+04	3.248452e+01	-5.274997e+04	1971	7	19	18
	98	88	122.500000	20.000000	9.682248e+04	3.440305e+01	-3.122437e+04	1971	7	20	0
	98	88	122.500000	20.000000	9.672437e+04	3.013111e+01	-3.122437e+04	1971	7	20	6
	97	88	121.250000	20.000000	9.729555e+04	3.082370e+01	-3.608847e+04	1971	7	20	12
	96	89	120.000000	21.250000	9.737166e+04	2.766923e+01	-2.868445e+04	1971	7	20	18
	95	89	118.750000	21.250000	9.738523e+04	2.853846e+01	-2.488928e+04	1971	7	21	0
start	13	1971	7	22	18
	107	86	133.750000	17.500000	9.778123e+04	2.653706e+01	-4.340423e+04	1971	7	22	18
	106	86	132.500000	17.500000	9.749512e+04	2.735477e+01	-5.831034e+04	1971	7	23	0
	106	86	132.500000	17.500000	9.744739e+04	3.011728e+01	-5.831034e+04	1971	7	23	6
	105	87	131.250000	18.750000	9.685144e+04	2.998180e+01	-6.146808e+04	1971	7	23	12
	104	87	130.000000	18.750000	9.590417e+04	3.484285e+01	-5.560371e+04	1971	7	23	18
	103	87	128.750000	18.750000	9.565412e+04	3.663368e+01	-5.059251e+04	1971	7	24	0
	102	88	127.500000	20.000000	9.525505e+04	3.626221e+01	-5.166143e+04	1971	7	24	6
	101	88	126.250000	20.000000	9.534812e+04	3.805840e+01	-5.191641e+04	1971	7	24	12
	101	88	126.250000	20.000000	9.561157e+04	3.713959e+01	-5.191641e+04	1971	7	24	18
	100	89	125.000000	21.250000	9.489114e+04	3.966840e+01	-5.620191e+04	1971	7	25	0
	99	90	123.750000	22.500000	9.550212e+04	3.971315e+01	-5.497608e+04	1971	7	25	6
	98	90	122.500000	22.500000	9.606834e+04	3.832470e+01	-4.853311e+04	1971	7	25	12
	97	90	121.250000	22.500000	9.723865e+04	2.925696e+01	-9.316317e+03	1971	7	25	18
start	25	1971	8	24	0
	118	92	147.500000	25.000000	9.810083e+04	2.930272e+01	-5.660398e+04	1971	8	24	0
	117	92	146.250000	25.000000	9.802705e+04	2.681162e+01	-5.611365e+04	1971	8	24	6
	116	92	145.000000	25.000000	9.811380e+04	2.800867e+01	-4.965107e+04	1971	8	24	12
	116	92	145.000000	25.000000	9.743112e+04	2.953497e+01	-4.965107e+04	1971	8	24	18
	115	92	143.750000	25.000000	9.764680e+04	2.995805e+01	-3.770657e+04	1971	8	25	0
	115	92	143.750000	25.000000	9.719597e+04	3.014367e+01	-3.770657e+04	1971	8	25	6
	114	92	142.500000	25.000000	9.755269e+04	3.202377e+01	-2.469314e+04	1971	8	25	12
	114	92	142.500000	25.000000	9.794358e+04	2.841310e+01	-2.469314e+04	1971	8	25	18
	113	92	141.250000	25.000000	9.806621e+04	2.838717e+01	-1.501398e+04	1971	8	26	0
	112	92	140.000000	25.000000	9.766665e+04	2.869246e+01	-2.329079e+04	1971	8	26	6
	111	93	138.750000	26.250000	9.786223e+04	2.907947e+01	-4.813104e+04	1971	8	26	12
	111	93	138.750000	26.250000	9.764241e+04	2.890488e+01	-4.813104e+04	1971	8	26	18
	110	93	137.500000	26.250000	9.764807e+04	3.067185e+01	-4.949416e+04	1971	8	27	0
	108	93	135.000000	26.250000	9.780412e+04	3.061609e+01	-4.581667e+04	1971	8	27	6
	107	94	133.750000	27.500000	9.789980e+04	2.901481e+01	-4.648352e+04	1971	8	27	12
	107	94	133.750000	27.500000	9.724412e+04	3.035055e+01	-4.648352e+04	1971	8	27	18
	106	94	132.500000	27.500000	9.688823e+04	3.150137e+01	-5.063173e+04	1971	8	28	0
	105	95	131.250000	28.750000	9.715723e+04	3.216254e+01	-4.022688e+04	1971	8	28	6
	105	95	131.250000	28.750000	9.679111e+04	3.231781e+01	-4.022688e+04	1971	8	28	12
	104	95	130.000000	28.750000	9.727427e+04	3.145868e+01	-3.667687e+03	1971	8	28	18
	104	96	130.000000	30.000000	9.704590e+04	3.227990e+01	-5.923217e+03	1971	8	29	0
	104	96	130.000000	30.000000	9.665898e+04	3.222810e+01	-5.923217e+03	1971	8	29	6
	104	97	130.000000	31.250000	9.770252e+04	2.630926e+01	-2.863542e+03	1971	8	29	12
	105	97	131.250000	31.250000	9.768086e+04	2.425508e+01	-1.147378e+03	1971	8	29	18
	105	98	131.250000	32.500000	9.803679e+04	2.519227e+01	5.991863e+03	1971	8	30	0
start	31	1971	9	6	6
	132	89	165.000000	21.250000	9.886062e+04	2.378113e+01	-5.515260e+04	1971	9	6	6
	131	89	163.750000	21.250000	9.824631e+04	2.717378e+01	-5.156337e+04	1971	9	6	12
	130	89	162.500000	21.250000	9.757791e+04	3.146329e+01	-4.943532e+04	1971	9	6	18
	130	89	162.500000	21.250000	9.729141e+04	3.319170e+01	-4.943532e+04	1971	9	7	0
	129	89	161.250000	21.250000	9.625012e+04	3.583429e+01	-5.050425e+04	1971	9	7	6
	128	89	160.000000	21.250000	9.629082e+04	3.912378e+01	-1.597503e+04	1971	9	7	12
	128	89	160.000000	21.250000	9.509844e+04	3.897058e+01	-1.597503e+04	1971	9	7	18
	128	89	160.000000	21.250000	9.510039e+04	4.173942e+01	-1.597503e+04	1971	9	8	0
	128	89	160.000000	21.250000	9.490005e+04	4.139095e+01	-1.597503e+04	1971	9	8	6
	127	89	158.750000	21.250000	9.567969e+04	4.325546e+01	-4.934706e+04	1971	9	8	12
	128	89	160.000000	21.250000	9.569284e+04	4.335705e+01	-1.597503e+04	1971	9	8	18
	127	90	158.750000	22.500000	9.549666e+04	3.892305e+01	-5.370121e+04	1971	9	9	0
	127	91	158.750000	23.750000	9.586723e+04	3.827497e+01	-5.193602e+04	1971	9	9	6
	127	91	158.750000	23.750000	9.610154e+04	3.711800e+01	-5.193602e+04	1971	9	9	12
	126	92	157.500000	25.000000	9.579412e+04	3.318845e+01	-5.694721e+04	1971	9	9	18
	125	93	156.250000	26.250000	9.607434e+04	3.553127e+01	-5.931062e+04	1971	9	10	0
	124	93	155.000000	26.250000	9.583252e+04	3.777679e+01	-5.815343e+04	1971	9	10	6
	123	94	153.750000	27.500000	9.548301e+04	3.467957e+01	-5.895758e+04	1971	9	10	12
	122	94	152.500000	27.500000	9.540085e+04	3.698303e+01	-5.432884e+04	1971	9	10	18
	121	95	151.250000	28.750000	9.593320e+04	3.355220e+01	-5.696683e+04	1971	9	11	0
	120	95	150.000000	28.750000	9.537473e+04	3.763415e+01	-5.856531e+04	1971	9	11	6
	119	96	148.750000	30.000000	9.609824e+04	3.394652e+01	-6.087968e+04	1971	9	11	12
	119	96	148.750000	30.000000	9.598112e+04	3.493190e+01	-6.087968e+04	1971	9	11	18
	118	97	147.500000	31.250000	9.635152e+04	3.390226e+01	-5.986960e+04	1971	9	12	0
	118	99	147.500000	33.750000	9.610317e+04	3.398827e+01	-5.948714e+04	1971	9	12	6
	118	100	147.500000	35.000000	9.653657e+04	3.269113e+01	-5.727084e+04	1971	9	12	12
	118	102	147.500000	37.500000	9.699609e+04	3.142379e+01	-5.564293e+04	1971	9	12	18
	119	105	148.750000	41.250000	9.736094e+04	2.979200e+01	-5.199486e+04	1971	9	13	0
	120	107	150.000000	43.750000	9.752334e+04	3.205982e+01	-7.799229e+04	1971	9	13	6
	123	109	153.750000	46.250000	9.786120e+04	2.505674e+01	-6.116407e+04	1971	9	13	12
	124	111	155.000000	48.750000	9.772600e+04	2.127910e+01	-2.000557e+03	1971	9	13	18
start	74	1971	9	12	12
	240	96	300.000000	30.000000	9.929907e+04	2.359789e+01	-5.294610e+04	1971	9	12	12
	241	97	301.250000	31.250000	9.901172e+04	2.428252e+01	-5.461323e+04	1971	9	12	18
	242	98	302.500000	32.500000	9.829834e+04	2.592144e+01	-5.211254e+04	1971	9	13	6
	243	98	303.750000	32.500000	9.819245e+04	2.962939e+01	-5.435826e+04	1971	9	13	12
	244	98	305.000000	32.500000	9.805725e+04	2.823847e+01	-5.501530e+04	1971	9	13	18
	245	98	306.250000	32.500000	9.803220e+04	2.832140e+01	-5.493685e+04	1971	9	14	0
	246	99	307.500000	33.750000	9.772959e+04	2.922920e+01	-5.461323e+04	1971	9	14	6
	247	99	308.750000	33.750000	9.810488e+04	2.954362e+01	-5.142607e+04	1971	9	14	12
	248	98	310.000000	32.500000	9.839538e+04	2.958363e+01	-4.844485e+04	1971	9	14	18
	250	98	312.500000	32.500000	9.873425e+04	2.764821e+01	-5.008256e+04	1971	9	15	0
	249	98	311.250000	32.500000	9.927873e+04	2.361554e+01	-4.837620e+04	1971	9	15	12
	248	98	310.000000	32.500000	9.928134e+04	2.279050e+01	-4.844485e+04	1971	9	15	18
	248	98	310.000000	32.500000	9.927085e+04	2.466571e+01	-4.844485e+04	1971	9	16	6
	248	98	310.000000	32.500000	9.930088e+04	2.540415e+01	-4.844485e+04	1971	9	16	12
	247	98	308.750000	32.500000	9.935755e+04	2.485674e+01	-5.234790e+04	1971	9	16	18
	247	98	308.750000	32.500000	9.934402e+04	2.365771e+01	-5.234790e+04	1971	9	17	0
	247	98	308.750000	32.500000	9.930176e+04	2.818657e+01	-5.234790e+04	1971	9	17	6
	246	98	307.500000	32.500000	9.929446e+04	2.645389e+01	-5.324030e+04	1971	9	17	12
	246	98	307.500000	32.500000	9.899321e+04	2.440853e+01	-5.324030e+04	1971	9	17	18
	246	98	307.500000	32.500000	9.883157e+04	2.341959e+01	-5.324030e+04	1971	9	18	0
	246	98	307.500000	32.500000	9.854138e+04	2.290959e+01	-5.324030e+04	1971	9	18	6
	246	98	307.500000	32.500000	9.872116e+04	2.418632e+01	-5.324030e+04	1971	9	18	12
	246	97	307.500000	31.250000	9.855198e+04	2.464937e+01	-5.558409e+04	1971	9	18	18
	246	97	307.500000	31.250000	9.834878e+04	2.547951e+01	-5.558409e+04	1971	9	19	0
	246	97	307.500000	31.250000	9.819580e+04	2.620044e+01	-5.558409e+04	1971	9	19	6
	247	96	308.750000	30.000000	9.874883e+04	2.440895e+01	-5.391696e+04	1971	9	19	12
	247	97	308.750000	31.250000	9.837280e+04	2.273846e+01	-5.194582e+04	1971	9	19	18
	247	97	308.750000	31.250000	9.843723e+04	2.514460e+01	-5.194582e+04	1971	9	20	0
	246	97	307.500000	31.250000	9.865120e+04	2.516930e+01	-5.558409e+04	1971	9	20	6
	246	97	307.500000	31.250000	9.893819e+04	2.560891e+01	-5.558409e+04	1971	9	20	12
	246	97	307.500000	31.250000	9.916077e+04	2.307268e+01	-5.558409e+04	1971	9	20	18
	246	97	307.500000	31.250000	9.929180e+04	2.435588e+01	-5.558409e+04	1971	9	21	0
	245	97	306.250000	31.250000	9.914551e+04	2.334645e+01	-5.512318e+04	1971	9	21	6
	245	97	306.250000	31.250000	9.925154e+04	2.536673e+01	-5.512318e+04	1971	9	21	12
	244	97	305.000000	31.250000	9.912847e+04	2.383751e+01	-5.383851e+04	1971	9	21	18
	243	97	303.750000	31.250000	9.904817e+04	2.937183e+01	-5.344624e+04	1971	9	22	0
	242	97	302.500000	31.250000	9.915716e+04	2.436925e+01	-5.495646e+04	1971	9	22	6
	241	97	301.250000	31.250000	9.922444e+04	2.366143e+01	-5.461323e+04	1971	9	22	12
	240	97	300.000000	31.250000	9.913965e+04	2.533555e+01	-5.251461e+04	1971	9	22	18
	239	97	298.750000	31.250000	9.891560e+04	2.382143e+01	-4.873905e+04	1971	9	23	0
	238	97	297.500000	31.250000	9.882771e+04	2.632078e+01	-4.432606e+04	1971	9	23	6
	237	97	296.250000	31.250000	9.915469e+04	2.702270e+01	-4.681695e+04	1971	9	23	12
	236	96	295.000000	30.000000	9.894985e+04	2.469977e+01	-4.803297e+04	1971	9	23	18
	235	96	293.750000	30.000000	9.854141e+04	2.744979e+01	-4.983739e+04	1971	9	24	0
	234	96	292.500000	30.000000	9.853523e+04	2.533011e+01	-4.963146e+04	1971	9	24	6
	234	96	292.500000	30.000000	9.867197e+04	2.461830e+01	-4.963146e+04	1971	9	24	12
	234	96	292.500000	30.000000	9.909458e+04	2.550579e+01	-4.963146e+04	1971	9	24	18
	233	96	291.250000	30.000000	9.914004e+04	2.541865e+01	-5.100439e+04	1971	9	25	0
	233	96	291.250000	30.000000	9.902439e+04	2.495482e+01	-5.100439e+04	1971	9	25	6
	233	95	291.250000	28.750000	9.930977e+04	2.318441e+01	-5.163201e+04	1971	9	25	12
	233	95	291.250000	28.750000	9.916709e+04	2.524970e+01	-5.163201e+04	1971	9	25	18
	233	95	291.250000	28.750000	9.889192e+04	2.555162e+01	-5.163201e+04	1971	9	26	0
	233	95	291.250000	28.750000	9.903008e+04	2.540028e+01	-5.163201e+04	1971	9	26	6
	233	95	291.250000	28.750000	9.924961e+04	2.329000e+01	-5.163201e+04	1971	9	26	12
	232	95	290.000000	28.750000	9.906584e+04	2.309776e+01	-5.214196e+04	1971	9	26	18
	232	94	290.000000	27.500000	9.894370e+04	2.237044e+01	-5.360315e+04	1971	9	27	0
	232	94	290.000000	27.500000	9.884651e+04	2.557876e+01	-5.360315e+04	1971	9	27	6
	232	94	290.000000	27.500000	9.880727e+04	2.335417e+01	-5.360315e+04	1971	9	27	12
	231	95	288.750000	28.750000	9.860505e+04	2.382949e+01	-5.330895e+04	1971	9	27	18
	231	95	288.750000	28.750000	9.822766e+04	2.778845e+01	-5.330895e+04	1971	9	28	0
	231	95	288.750000	28.750000	9.830577e+04	2.614364e+01	-5.330895e+04	1971	9	28	6
	231	96	288.750000	30.000000	9.855901e+04	2.904376e+01	-5.328934e+04	1971	9	28	12
	231	96	288.750000	30.000000	9.835356e+04	2.736923e+01	-5.328934e+04	1971	9	28	18
	230	96	287.500000	30.000000	9.868806e+04	2.871844e+01	-5.161240e+04	1971	9	29	0
	230	97	287.500000	31.250000	9.837888e+04	2.857039e+01	-5.293630e+04	1971	9	29	6
	229	97	286.250000	31.250000	9.831709e+04	2.872845e+01	-5.011198e+04	1971	9	29	12
	229	98	286.250000	32.500000	9.838003e+04	3.119390e+01	-4.952358e+04	1971	9	29	18
	228	98	285.000000	32.500000	9.827576e+04	2.985072e+01	-4.127619e+04	1971	9	30	0
	228	99	285.000000	33.750000	9.846289e+04	2.783819e+01	-3.476457e+04	1971	9	30	6
	227	99	283.750000	33.750000	9.888980e+04	2.800746e+01	-4.805258e+03	1971	9	30	12
	227	100	283.750000	35.000000	9.906421e+04	2.168443e+01	-9.806650e+00	1971	9	30	18
	226	100	282.500000	35.000000	9.956731e+04	1.702594e+01	1.667130e+02	1971	10	1	0
	226	100	282.500000	35.000000	9.989685e+04	1.800313e+01	1.667130e+02	1971	10	1	6
	226	100	282.500000	35.000000	1.002996e+05	1.311563e+01	1.667130e+02	1971	10	1	12
start	17	1971	9	19	0
	113	88	141.250000	20.000000	9.794253e+04	2.620345e+01	-4.452219e+04	1971	9	19	0
	112	88	140.000000	20.000000	9.761767e+04	2.814651e+01	-4.693462e+04	1971	9	19	6
	110	88	137.500000	20.000000	9.715508e+04	3.184851e+01	-3.957964e+04	1971	9	19	12
	109	89	136.250000	21.250000	9.644155e+04	3.287256e+01	-4.870963e+04	1971	9	19	18
	108	89	135.000000	21.250000	9.638098e+04	3.609323e+01	-5.623133e+04	1971	9	20	0
	107	89	133.750000	21.250000	9.627307e+04	3.587978e+01	-5.766310e+04	1971	9	20	6
	106	89	132.500000	21.250000	9.633506e+04	3.894769e+01	-5.731987e+04	1971	9	20	12
	105	90	131.250000	22.500000	9.608577e+04	3.919285e+01	-5.749639e+04	1971	9	20	18
	104	90	130.000000	22.500000	9.631680e+04	3.543747e+01	-5.210273e+04	1971	9	21	0
	103	90	128.750000	22.500000	9.604238e+04	3.869172e+01	-3.668668e+04	1971	9	21	6
	102	90	127.500000	22.500000	9.602029e+04	3.719349e+01	-5.607443e+04	1971	9	21	12
	101	91	126.250000	23.750000	9.661909e+04	3.495013e+01	-5.574100e+04	1971	9	21	18
	100	91	125.000000	23.750000	9.639192e+04	3.316733e+01	-3.027313e+04	1971	9	22	0
	99	91	123.750000	23.750000	9.631966e+04	3.394175e+01	-3.409772e+04	1971	9	22	6
	98	92	122.500000	25.000000	9.705881e+04	3.570381e+01	-1.443539e+04	1971	9	22	12
	97	92	121.250000	25.000000	9.756465e+04	3.029883e+01	9.708583e+02	1971	9	22	18
	96	92	120.000000	25.000000	9.862498e+04	2.495051e+01	-6.276256e+02	1971	9	23	0
start	17	1971	11	11	12
	106	84	132.500000	15.000000	9.813212e+04	2.443454e+01	-4.473794e+04	1971	11	11	12
	105	85	131.250000	16.250000	9.759536e+04	2.936587e+01	-4.934706e+04	1971	11	11	18
	104	86	130.000000	17.500000	9.761660e+04	3.099213e+01	-5.330895e+04	1971	11	12	0
	103	86	128.750000	17.500000	9.668313e+04	3.393112e+01	-5.144569e+04	1971	11	12	6
	103	87	128.750000	18.750000	9.635630e+04	3.412045e+01	-5.059251e+04	1971	11	12	12
	102	88	127.500000	20.000000	9.641042e+04	3.559528e+01	-5.166143e+04	1971	11	12	18
	102	88	127.500000	20.000000	9.603196e+04	3.709565e+01	-5.166143e+04	1971	11	13	0
	102	89	127.500000	21.250000	9.631862e+04	3.677689e+01	-3.955022e+04	1971	11	13	6
	102	89	127.500000	21.250000	9.692402e+04	3.282610e+01	-3.955022e+04	1971	11	13	12
	101	90	126.250000	22.500000	9.711098e+04	3.200645e+01	-5.896739e+04	1971	11	13	18
	102	90	127.500000	22.500000	9.780911e+04	3.054604e+01	-5.607443e+04	1971	11	14	0
	102	91	127.500000	23.750000	9.733374e+04	3.062877e+01	-5.595675e+04	1971	11	14	6
	103	92	128.750000	25.000000	9.797520e+04	2.722420e+01	-5.352470e+04	1971	11	14	12
	104	93	130.000000	26.250000	9.775439e+04	2.766502e+01	-5.542719e+04	1971	11	14	18
	105	94	131.250000	27.500000	9.796877e+04	2.971641e+01	-5.623133e+04	1971	11	15	0
	107	95	133.750000	28.750000	9.807376e+04	2.697727e+01	-3.535297e+04	1971	11	15	6
	110	96	137.500000	30.000000	9.850816e+04	2.569435e+01	-4.432606e+04	1971	11	15	12
start	10	1972	1	15	12
	130	56	162.500000	-20.000000	9.814592e+04	2.287589e+01	-3.476457e+04	1972	1	15	12
	130	55	162.500000	-21.250000	9.764983e+04	2.436922e+01	-1.560238e+04	1972	1	15	18
	130	55	162.500000	-21.250000	9.745330e+04	2.641308e+01	-1.560238e+04	1972	1	16	0
	129	55	161.250000	-21.250000	9.702366e+04	2.756560e+01	-1.048331e+04	1972	1	16	6
	129	55	161.250000	-21.250000	9.707388e+04	2.998282e+01	-1.048331e+04	1972	1	16	12
	129	57	161.250000	-18.750000	9.664236e+04	2.961187e+01	-2.938072e+04	1972	1	16	18
	130	57	162.500000	-18.750000	9.667878e+04	3.174927e+01	-2.802741e+04	1972	1	17	0
	130	57	162.500000	-18.750000	9.648208e+04	3.311668e+01	-2.802741e+04	1972	1	17	6
	132	58	165.000000	-17.500000	9.705186e+04	3.182566e+01	-4.368862e+04	1972	1	17	12
	133	58	166.250000	-17.500000	9.701259e+04	2.928904e+01	-4.256086e+04	1972	1	17	18
start	10	1972	2	4	18
	132	58	165.000000	-17.500000	9.733716e+04	2.643591e+01	-4.368862e+04	1972	2	4	18
	132	57	165.000000	-18.750000	9.748396e+04	2.578094e+01	-2.677215e+04	1972	2	5	0
	131	57	163.750000	-18.750000	9.711011e+04	2.798316e+01	-2.511483e+04	1972	2	5	6
	131	56	163.750000	-20.000000	9.768394e+04	2.902266e+01	-3.138128e+02	1972	2	5	12
	130	56	162.500000	-20.000000	9.759277e+04	2.951379e+01	-3.476457e+04	1972	2	5	18
	129	55	161.250000	-21.250000	9.768467e+04	3.000913e+01	-1.048331e+04	1972	2	6	0
	129	55	161.250000	-21.250000	9.762002e+04	2.787056e+01	-1.048331e+04	1972	2	6	6
	128	54	160.000000	-22.500000	9.807356e+04	2.572894e+01	-2.192767e+04	1972	2	6	12
	128	54	160.000000	-22.500000	9.810276e+04	2.418053e+01	-2.192767e+04	1972	2	6	18
	128	53	160.000000	-23.750000	9.855859e+04	2.379118e+01	-2.303582e+04	1972	2	7	6
start	21	1972	2	15	0
	53	62	66.250000	-12.500000	9.830945e+04	2.444875e+01	-2.446759e+04	1972	2	15	0
	52	62	65.000000	-12.500000	9.807351e+04	2.542088e+01	-3.448999e+04	1972	2	15	6
	51	62	63.750000	-12.500000	9.797124e+04	2.952127e+01	-3.619634e+04	1972	2	15	18
	51	61	63.750000	-13.750000	9.726087e+04	2.935368e+01	-3.642190e+04	1972	2	16	0
	51	61	63.750000	-13.750000	9.734856e+04	3.089039e+01	-3.642190e+04	1972	2	16	6
	50	60	62.500000	-15.000000	9.713177e+04	2.931313e+01	-3.633364e+04	1972	2	16	12
	50	60	62.500000	-15.000000	9.724397e+04	3.069751e+01	-3.633364e+04	1972	2	16	18
	50	59	62.500000	-16.250000	9.694297e+04	3.088217e+01	-3.575505e+04	1972	2	17	0
	50	59	62.500000	-16.250000	9.739416e+04	2.932104e+01	-3.575505e+04	1972	2	17	6
	50	58	62.500000	-17.500000	9.729089e+04	3.472308e+01	-3.648074e+04	1972	2	17	12
	50	57	62.500000	-18.750000	9.735356e+04	2.984233e+01	-3.320532e+04	1972	2	17	18
	50	57	62.500000	-18.750000	9.701313e+04	3.293044e+01	-3.320532e+04	1972	2	18	0
	50	56	62.500000	-20.000000	9.728386e+04	3.557548e+01	-3.874607e+04	1972	2	18	6
	50	55	62.500000	-21.250000	9.716958e+04	3.063675e+01	-3.749082e+04	1972	2	18	12
	51	55	63.750000	-21.250000	9.716250e+04	3.147728e+01	-3.468612e+04	1972	2	18	18
	51	55	63.750000	-21.250000	9.682771e+04	2.904975e+01	-3.468612e+04	1972	2	19	0
	52	54	65.000000	-22.500000	9.723594e+04	2.755561e+01	-3.885395e+04	1972	2	19	6
	52	54	65.000000	-22.500000	9.694829e+04	2.819894e+01	-3.885395e+04	1972	2	19	12
	53	54	66.250000	-22.500000	9.771567e+04	2.526631e+01	-3.444095e+04	1972	2	19	18
	54	53	67.500000	-23.750000	9.754165e+04	2.625695e+01	-3.132244e+04	1972	2	20	0
	54	52	67.500000	-25.000000	9.772732e+04	2.371034e+01	-4.283545e+04	1972	2	20	6
start	12	1972	6	1	6
	126	82	157.500000	12.500000	9.820664e+04	2.586797e+01	-5.937927e+04	1972	6	1	6
	125	82	156.250000	12.500000	9.796206e+04	2.597277e+01	-5.415232e+04	1972	6	1	12
	126	83	157.500000	13.750000	9.757593e+04	2.886952e+01	-3.530394e+04	1972	6	2	0
	126	84	157.500000	15.000000	9.672702e+04	3.039733e+01	-5.871241e+04	1972	6	2	6
	126	85	157.500000	16.250000	9.718638e+04	3.043608e+01	-5.772194e+04	1972	6	2	12
	127	85	158.750000	16.250000	9.681048e+04	2.902330e+01	-5.264210e+04	1972	6	2	18
	127	86	158.750000	17.500000	9.695647e+04	2.919058e+01	-5.735910e+04	1972	6	3	0
	127	87	158.750000	18.750000	9.686572e+04	2.930473e+01	-5.563312e+04	1972	6	3	6
	128	88	160.000000	20.000000	9.709177e+04	2.916603e+01	-4.320810e+04	1972	6	3	12
	129	89	161.250000	21.250000	9.733398e+04	2.970707e+01	-5.050425e+04	1972	6	3	18
	129	90	161.250000	22.500000	9.772808e+04	2.710091e+01	-4.872924e+04	1972	6	4	0
	129	91	161.250000	23.750000	9.791255e+04	2.631618e+01	-5.159279e+04	1972	6	4	6
start	25	1972	7	9	12
	111	84	138.750000	15.000000	9.820811e+04	2.654859e+01	-4.841543e+04	1972	7	9	12
	110	84	137.500000	15.000000	9.772544e+04	2.644878e+01	-4.765051e+04	1972	7	9	18
	110	85	137.500000	16.250000	9.719485e+04	3.074858e+01	-5.427000e+04	1972	7	10	0
	109	85	136.250000	16.250000	9.653459e+04	3.142270e+01	-4.912151e+04	1972	7	10	6
	108	86	135.000000	17.500000	9.642005e+04	3.375326e+01	-3.872646e+04	1972	7	10	12
	108	86	135.000000	17.500000	9.638255e+04	3.574648e+01	-3.872646e+04	1972	7	10	18
	107	86	133.750000	17.500000	9.657530e+04	3.360788e+01	-4.340423e+04	1972	7	11	0
	107	86	133.750000	17.500000	9.591565e+04	3.567747e+01	-4.340423e+04	1972	7	11	6
	107	86	133.750000	17.500000	9.633245e+04	3.507419e+01	-4.340423e+04	1972	7	11	12
	106	87	132.500000	18.750000	9.528238e+04	3.641290e+01	-5.853589e+04	1972	7	11	18
	106	87	132.500000	18.750000	9.641821e+04	3.644534e+01	-5.853589e+04	1972	7	12	0
	106	87	132.500000	18.750000	9.635679e+04	3.422967e+01	-5.853589e+04	1972	7	12	6
	106	86	132.500000	17.500000	9.689812e+04	3.495929e+01	-5.831034e+04	1972	7	12	12
	106	87	132.500000	18.750000	9.699531e+04	3.152058e+01	-5.853589e+04	1972	7	12	18
	106	86	132.500000	17.500000	9.692988e+04	3.317901e+01	-5.831034e+04	1972	7	13	0
	107	87	133.750000	18.750000	9.733188e+04	3.301493e+01	-5.971269e+04	1972	7	13	6
	107	87	133.750000	18.750000	9.706042e+04	3.050706e+01	-5.971269e+04	1972	7	13	12
	107	87	133.750000	18.750000	9.723003e+04	2.819469e+01	-5.971269e+04	1972	7	13	18
	108	88	135.000000	20.000000	9.794345e+04	3.008596e+01	-5.653534e+04	1972	7	14	0
	108	88	135.000000	20.000000	9.743603e+04	2.977380e+01	-5.653534e+04	1972	7	14	6
	109	89	136.250000	21.250000	9.767754e+04	2.822758e+01	-4.870963e+04	1972	7	14	18
	109	89	136.250000	21.250000	9.764067e+04	2.526048e+01	-4.870963e+04	1972	7	15	0
	108	89	135.000000	21.250000	9.740300e+04	2.677337e+01	-5.623133e+04	1972	7	15	12
	108	89	135.000000	21.250000	9.726326e+04	2.703527e+01	-5.623133e+04	1972	7	15	18
	108	89	135.000000	21.250000	9.745886e+04	2.796336e+01	-5.623133e+04	1972	7	16	0
start	17	1972	7	10	12
	123	83	153.750000	13.750000	9.829505e+04	2.511615e+01	-5.937927e+04	1972	7	10	12
	123	83	153.750000	13.750000	9.776067e+04	2.766883e+01	-5.937927e+04	1972	7	10	18
	123	83	153.750000	13.750000	9.734092e+04	2.861772e+01	-5.937927e+04	1972	7	11	0
	123	84	153.750000	15.000000	9.706565e+04	3.324420e+01	-5.829073e+04	1972	7	11	6
	123	85	153.750000	16.250000	9.691682e+04	3.117331e+01	-5.485840e+04	1972	7	11	12
	123	86	153.750000	17.500000	9.703862e+04	3.254926e+01	-5.670205e+04	1972	7	11	18
	122	87	152.500000	18.750000	9.744946e+04	3.110062e+01	-5.440729e+04	1972	7	12	0
	121	87	151.250000	18.750000	9.750679e+04	3.195144e+01	-5.446613e+04	1972	7	12	6
	119	89	148.750000	21.250000	9.746094e+04	3.175994e+01	-5.116129e+04	1972	7	12	18
	117	90	146.250000	22.500000	9.731113e+04	3.502023e+01	-6.487099e+04	1972	7	13	0
	116	91	145.000000	23.750000	9.739126e+04	3.126060e+01	-5.510357e+04	1972	7	13	6
	115	92	143.750000	25.000000	9.755417e+04	3.207018e+01	-3.770657e+04	1972	7	13	12
	114	93	142.500000	26.250000	9.799878e+04	3.332047e+01	-1.382738e+04	1972	7	13	18
	112	94	140.000000	27.500000	9.829033e+04	2.758331e+01	-3.785367e+04	1972	7	14	0
	111	95	138.750000	28.750000	9.846416e+04	2.517542e+01	-3.506858e+04	1972	7	14	6
	110	96	137.500000	30.000000	9.890869e+04	2.148676e+01	-4.432606e+04	1972	7	14	12
	110	96	137.500000	30.000000	9.852129e+04	2.337439e+01	-4.432606e+04	1972	7	14	18
start	19	1972	7	14	0
	127	82	158.750000	12.500000	9.857783e+04	2.631056e+01	-5.068077e+04	1972	7	14	0
	127	82	158.750000	12.500000	9.807666e+04	2.613030e+01	-5.068077e+04	1972	7	14	6
	126	82	157.500000	12.500000	9.793681e+04	2.939377e+01	-5.937927e+04	1972	7	14	12
	126	83	157.500000	13.750000	9.756816e+04	2.873517e+01	-3.530394e+04	1972	7	14	18
	125	83	156.250000	13.750000	9.723755e+04	3.197125e+01	-5.921255e+04	1972	7	15	0
	125	84	156.250000	15.000000	9.706895e+04	3.031948e+01	-5.957540e+04	1972	7	15	6
	124	85	155.000000	16.250000	9.701550e+04	3.111149e+01	-5.603520e+04	1972	7	15	12
	124	85	155.000000	16.250000	9.623513e+04	3.606186e+01	-5.603520e+04	1972	7	15	18
	123	86	153.750000	17.500000	9.638698e+04	3.580591e+01	-5.670205e+04	1972	7	16	0
	123	87	153.750000	18.750000	9.565007e+04	3.644083e+01	-5.653534e+04	1972	7	16	6
	122	87	152.500000	18.750000	9.639043e+04	3.566235e+01	-5.440729e+04	1972	7	16	12
	122	89	152.500000	21.250000	9.676862e+04	3.576687e+01	-5.461323e+04	1972	7	16	18
	121	89	151.250000	21.250000	9.629853e+04	3.486541e+01	-5.685896e+04	1972	7	17	0
	121	89	151.250000	21.250000	9.681836e+04	3.507469e+01	-5.685896e+04	1972	7	17	6
	121	90	151.250000	22.500000	9.718748e+04	3.215690e+01	-5.525067e+04	1972	7	17	18
	120	90	150.000000	22.500000	9.764284e+04	3.138505e+01	-5.603520e+04	1972	7	18	0
	120	91	150.000000	23.750000	9.766450e+04	2.989232e+01	-5.435826e+04	1972	7	18	6
	120	91	150.000000	23.750000	9.783123e+04	2.781826e+01	-5.435826e+04	1972	7	18	12
	119	92	148.750000	25.000000	9.839863e+04	3.015866e+01	-3.925602e+04	1972	7	19	0
start	21	1972	7	17	18
	107	91	133.750000	23.750000	9.706560e+04	2.603013e+01	-4.392398e+04	1972	7	17	18
	107	91	133.750000	23.750000	9.698659e+04	2.605931e+01	-4.392398e+04	1972	7	18	0
	107	91	133.750000	23.750000	9.687075e+04	2.513369e+01	-4.392398e+04	1972	7	18	6
	107	92	133.750000	25.000000	9.679373e+04	2.670605e+01	-4.338462e+04	1972	7	18	12
	108	92	135.000000	25.000000	9.674863e+04	2.937523e+01	-5.182814e+04	1972	7	18	18
	108	93	135.000000	26.250000	9.681738e+04	2.827228e+01	-4.581667e+04	1972	7	19	0
	107	93	133.750000	26.250000	9.690505e+04	2.824378e+01	-5.145549e+04	1972	7	19	6
	107	94	133.750000	27.500000	9.673205e+04	2.845158e+01	-4.648352e+04	1972	7	19	12
	106	94	132.500000	27.500000	9.654355e+04	2.931175e+01	-5.063173e+04	1972	7	19	18
	105	94	131.250000	27.500000	9.703225e+04	2.678089e+01	-5.623133e+04	1972	7	20	0
	104	95	130.000000	28.750000	9.692917e+04	2.874600e+01	-3.667687e+03	1972	7	20	6
	104	95	130.000000	28.750000	9.700193e+04	3.008959e+01	-3.667687e+03	1972	7	20	12
	103	95	128.750000	28.750000	9.694980e+04	2.548457e+01	-7.923773e+03	1972	7	20	18
	102	95	127.500000	28.750000	9.726252e+04	2.449029e+01	-1.008124e+04	1972	7	21	0
	101	95	126.250000	28.750000	9.744541e+04	2.376892e+01	-1.147378e+03	1972	7	21	18
	101	94	126.250000	27.500000	9.723523e+04	2.695254e+01	-1.104229e+04	1972	7	22	0
	100	94	125.000000	27.500000	9.705791e+04	2.721908e+01	-9.610517e+02	1972	7	22	6
	100	93	125.000000	26.250000	9.674751e+04	2.594225e+01	-1.324878e+04	1972	7	22	18
	100	92	125.000000	25.000000	9.704436e+04	2.691756e+01	-1.320956e+04	1972	7	23	0
	101	92	126.250000	25.000000	9.682852e+04	2.824901e+01	-1.010085e+04	1972	7	23	18
	102	93	127.500000	26.250000	9.682151e+04	2.588857e+01	-6.766589e+02	1972	7	24	6
start	24	1972	8	2	18
	125	87	156.250000	18.750000	9.864412e+04	2.212592e+01	-5.549583e+04	1972	8	2	18
	124	88	155.000000	20.000000	9.887593e+04	2.298023e+01	-5.604500e+04	1972	8	3	0
	124	89	155.000000	21.250000	9.826445e+04	2.453097e+01	-4.089373e+04	1972	8	3	6
	123	90	153.750000	22.500000	9.861120e+04	2.682098e+01	-5.598616e+04	1972	8	3	12
	123	91	153.750000	23.750000	9.836272e+04	2.881952e+01	-4.704250e+04	1972	8	3	18
	122	91	152.500000	23.750000	9.840415e+04	2.756991e+01	-5.167124e+04	1972	8	4	0
	121	92	151.250000	25.000000	9.806699e+04	2.675007e+01	-5.619211e+04	1972	8	4	6
	120	92	150.000000	25.000000	9.839885e+04	2.655995e+01	-5.630979e+04	1972	8	4	12
	120	93	150.000000	26.250000	9.818345e+04	2.856388e+01	-5.837899e+04	1972	8	4	18
	119	94	148.750000	27.500000	9.844366e+04	3.068313e+01	-5.638824e+04	1972	8	5	0
	118	94	147.500000	27.500000	9.836248e+04	3.122105e+01	-5.679031e+04	1972	8	5	6
	117	95	146.250000	28.750000	9.861829e+04	2.799247e+01	-5.861435e+04	1972	8	5	12
	116	95	145.000000	28.750000	9.855256e+04	2.541307e+01	-5.797691e+04	1972	8	5	18
	115	96	143.750000	30.000000	9.887048e+04	2.118914e+01	-5.405425e+04	1972	8	6	0
	114	97	142.500000	31.250000	9.880712e+04	2.304974e+01	-7.396176e+04	1972	8	6	6
	113	97	141.250000	31.250000	9.914395e+04	2.206457e+01	-3.368584e+04	1972	8	6	12
	113	98	141.250000	32.500000	9.889768e+04	2.587750e+01	-2.719384e+04	1972	8	6	18
	113	99	141.250000	33.750000	9.927452e+04	2.444294e+01	-4.129580e+04	1972	8	7	0
	113	100	141.250000	35.000000	9.921682e+04	2.380776e+01	-2.840987e+04	1972	8	7	6
	114	102	142.500000	37.500000	9.945286e+04	2.457509e+01	-1.127765e+04	1972	8	7	12
	115	103	143.750000	38.750000	9.925295e+04	2.142810e+01	-4.618932e+04	1972	8	7	18
	116	104	145.000000	40.000000	9.957259e+04	2.217137e+01	-5.513298e+04	1972	8	8	0
	118	104	147.500000	40.000000	9.952544e+04	1.961149e+01	-5.270094e+04	1972	8	8	6
	120	105	150.000000	41.250000	9.956948e+04	1.991308e+01	-5.128878e+04	1972	8	8	12
start	18	1972	8	12	12
	110	87	137.500000	18.750000	9.829212e+04	2.649736e+01	-5.098477e+04	1972	8	12	12
	109	87	136.250000	18.750000	9.789512e+04	2.667373e+01	-5.144569e+04	1972	8	12	18
	108	87	135.000000	18.750000	9.795764e+04	2.794240e+01	-5.540757e+04	1972	8	13	0
	107	87	133.750000	18.750000	9.746148e+04	2.940083e+01	-5.971269e+04	1972	8	13	12
	106	88	132.500000	20.000000	9.727734e+04	3.092780e+01	-5.946753e+04	1972	8	13	18
	105	88	131.250000	20.000000	9.696687e+04	3.086005e+01	-5.822208e+04	1972	8	14	0
	105	88	131.250000	20.000000	9.658679e+04	3.101559e+01	-5.822208e+04	1972	8	14	6
	104	88	130.000000	20.000000	9.639033e+04	3.247173e+01	-5.650592e+04	1972	8	14	12
	103	89	128.750000	21.250000	9.627754e+04	3.354999e+01	-5.026889e+04	1972	8	14	18
	102	89	127.500000	21.250000	9.577331e+04	3.498912e+01	-3.955022e+04	1972	8	15	0
	102	89	127.500000	21.250000	9.553933e+04	3.725229e+01	-3.955022e+04	1972	8	15	6
	101	89	126.250000	21.250000	9.592019e+04	3.972485e+01	-5.579003e+04	1972	8	15	12
	101	90	126.250000	22.500000	9.530317e+04	3.663061e+01	-5.896739e+04	1972	8	15	18
	100	91	125.000000	23.750000	9.533298e+04	3.896614e+01	-3.027313e+04	1972	8	16	0
	99	92	123.750000	25.000000	9.577842e+04	3.865740e+01	-2.002518e+04	1972	8	16	6
	98	92	122.500000	25.000000	9.641323e+04	3.313359e+01	-1.443539e+04	1972	8	16	12
	98	93	122.500000	26.250000	9.686553e+04	2.924329e+01	-9.806650e+02	1972	8	16	18
	97	93	121.250000	26.250000	9.721020e+04	2.467396e+01	-7.747253e+02	1972	8	17	0
start	22	1972	8	12	18
	175	83	218.750000	13.750000	9.850449e+04	2.543168e+01	-4.885673e+04	1972	8	12	18
	174	83	217.500000	13.750000	9.816389e+04	2.864863e+01	-4.970010e+04	1972	8	13	0
	173	83	216.250000	13.750000	9.857659e+04	2.698297e+01	-4.863118e+04	1972	8	13	6
	172	83	215.000000	13.750000	9.842710e+04	2.628046e+01	-5.082787e+04	1972	8	13	12
	171	82	213.750000	12.500000	9.846172e+04	2.738451e+01	-5.150453e+04	1972	8	13	18
	170	83	212.500000	13.750000	9.838249e+04	2.523053e+01	-5.275978e+04	1972	8	14	0
	169	82	211.250000	12.500000	9.833366e+04	2.788571e+01	-5.226945e+04	1972	8	14	6
	168	82	210.000000	12.500000	9.788408e+04	2.815340e+01	-5.193602e+04	1972	8	14	12
	167	82	208.750000	12.500000	9.791816e+04	3.093507e+01	-5.259306e+04	1972	8	14	18
	166	82	207.500000	12.500000	9.774206e+04	2.933681e+01	-5.330895e+04	1972	8	15	0
	165	82	206.250000	12.500000	9.767683e+04	3.161726e+01	-5.190660e+04	1972	8	15	6
	164	82	205.000000	12.500000	9.767019e+04	3.052115e+01	-5.129859e+04	1972	8	15	12
	163	82	203.750000	12.500000	9.816880e+04	2.942224e+01	-5.389735e+04	1972	8	15	18
	162	83	202.500000	13.750000	9.808611e+04	2.903488e+01	-5.400522e+04	1972	8	16	0
	161	83	201.250000	13.750000	9.820655e+04	2.905716e+01	-5.459362e+04	1972	8	16	6
	161	83	201.250000	13.750000	9.823511e+04	2.613317e+01	-5.459362e+04	1972	8	16	12
	160	83	200.000000	13.750000	9.865928e+04	2.974094e+01	-5.423077e+04	1972	8	16	18
	160	83	200.000000	13.750000	9.877583e+04	2.852691e+01	-5.423077e+04	1972	8	17	0
	159	84	198.750000	15.000000	9.856533e+04	2.886714e+01	-5.340702e+04	1972	8	17	6
	158	84	197.500000	15.000000	9.849895e+04	2.907120e+01	-5.581945e+04	1972	8	17	12
	158	84	197.500000	15.000000	9.875347e+04	2.425082e+01	-5.581945e+04	1972	8	17	18
	156	84	195.000000	15.000000	9.895159e+04	2.516744e+01	-5.354431e+04	1972	8	18	6
start	15	1972	8	23	6
	194	85	242.500000	16.250000	9.851428e+04	2.719701e+01	-3.727508e+04	1972	8	23	6
	193	85	241.250000	16.250000	9.826995e+04	2.488007e+01	-3.879511e+04	1972	8	23	12
	192	86	240.000000	17.500000	9.847654e+04	2.619574e+01	-3.890298e+04	1972	8	23	18
	191	86	238.750000	17.500000	9.807231e+04	2.790554e+01	-3.946196e+04	1972	8	24	0
	191	86	238.750000	17.500000	9.816220e+04	2.701192e+01	-3.946196e+04	1972	8	24	6
	189	86	236.250000	17.500000	9.781165e+04	2.809224e+01	-4.279622e+04	1972	8	24	12
	188	86	235.000000	17.500000	9.780691e+04	2.686981e+01	-3.590214e+04	1972	8	24	18
	187	87	233.750000	18.750000	9.816460e+04	2.806436e+01	-4.416915e+04	1972	8	25	0
	185	86	231.250000	17.500000	9.846775e+04	2.794255e+01	-4.684637e+04	1972	8	25	6
	183	87	228.750000	18.750000	9.833030e+04	2.865594e+01	-5.137704e+04	1972	8	25	12
	182	87	227.500000	18.750000	9.867412e+04	2.943736e+01	-5.009237e+04	1972	8	25	18
	180	88	225.000000	20.000000	9.895638e+04	2.507737e+01	-5.138685e+04	1972	8	26	0
	179	88	223.750000	20.000000	9.927207e+04	2.549364e+01	-5.038657e+04	1972	8	26	6
	178	88	222.500000	20.000000	9.918357e+04	2.402982e+01	-5.125936e+04	1972	8	26	12
	177	88	221.250000	20.000000	9.943657e+04	2.228644e+01	-5.192621e+04	1972	8	26	18
start	12	1972	8	26	0
	201	86	251.250000	17.500000	9.905012e+04	2.157186e+01	-3.228349e+04	1972	8	26	0
	200	87	250.000000	18.750000	9.899480e+04	2.304675e+01	-3.204813e+04	1972	8	27	0
	199	87	248.750000	18.750000	9.850845e+04	2.603536e+01	-2.978280e+04	1972	8	27	6
	199	87	248.750000	18.750000	9.813630e+04	2.701833e+01	-2.978280e+04	1972	8	27	12
	198	88	247.500000	20.000000	9.813899e+04	2.973287e+01	-3.498032e+04	1972	8	27	18
	197	87	246.250000	18.750000	9.806751e+04	2.680868e+01	-3.619634e+04	1972	8	28	0
	197	88	246.250000	20.000000	9.802378e+04	2.871912e+01	-3.671610e+04	1972	8	28	6
	196	90	245.000000	22.500000	9.808897e+04	3.322585e+01	-3.506858e+04	1972	8	28	12
	195	90	243.750000	22.500000	9.836020e+04	2.608015e+01	-3.797135e+04	1972	8	28	18
	195	91	243.750000	23.750000	9.864438e+04	2.371956e+01	-3.880491e+04	1972	8	29	0
	195	91	243.750000	23.750000	9.929636e+04	2.190140e+01	-3.880491e+04	1972	8	29	6
	194	92	242.500000	25.000000	9.933233e+04	2.263922e+01	-3.805961e+04	1972	8	29	12
start	14	1972	8	27	0
	247	103	308.750000	38.750000	9.980730e+04	1.739417e+01	-5.274997e+04	1972	8	27	0
	248	103	310.000000	38.750000	9.964907e+04	1.980352e+01	-5.320108e+04	1972	8	27	6
	250	103	312.500000	38.750000	9.960505e+04	2.347556e+01	-5.285784e+04	1972	8	27	12
	252	104	315.000000	40.000000	9.955149e+04	2.277214e+01	-4.474774e+04	1972	8	27	18
	254	105	317.500000	41.250000	9.950188e+04	2.346048e+01	-4.810162e+04	1972	8	28	0
	255	105	318.750000	41.250000	9.919566e+04	2.320810e+01	-4.829775e+04	1972	8	28	6
	257	105	321.250000	41.250000	9.954522e+04	2.885444e+01	-4.528711e+04	1972	8	28	12
	258	105	322.500000	41.250000	9.937895e+04	2.369370e+01	-4.243338e+04	1972	8	28	18
	260	105	325.000000	41.250000	9.984438e+04	2.395929e+01	-4.211956e+04	1972	8	29	0
	261	105	326.250000	41.250000	9.958386e+04	2.566744e+01	-3.657880e+04	1972	8	29	6
	261	105	326.250000	41.250000	1.000511e+05	2.552214e+01	-3.657880e+04	1972	8	29	12
	262	105	327.500000	41.250000	1.002497e+05	2.436284e+01	-3.193045e+04	1972	8	29	18
	262	105	327.500000	41.250000	1.007830e+05	2.086247e+01	-3.193045e+04	1972	8	30	0
	262	105	327.500000	41.250000	1.006873e+05	2.012667e+01	-3.193045e+04	1972	8	30	6
start	10	1972	8	31	18
	199	84	248.750000	15.000000	9.899255e+04	1.921807e+01	-3.462728e+04	1972	8	31	18
	198	85	247.500000	16.250000	9.835677e+04	2.156284e+01	-3.206775e+04	1972	9	1	0
	197	85	246.250000	16.250000	9.798101e+04	2.550912e+01	-3.571582e+04	1972	9	1	6
	196	85	245.000000	16.250000	9.751475e+04	2.814962e+01	-3.798116e+04	1972	9	1	12
	195	86	243.750000	17.500000	9.768418e+04	2.934440e+01	-3.675532e+04	1972	9	1	18
	194	86	242.500000	17.500000	9.749622e+04	2.998294e+01	-3.781444e+04	1972	9	2	0
	193	86	241.250000	17.500000	9.794846e+04	2.927668e+01	-3.854994e+04	1972	9	2	6
	193	87	241.250000	18.750000	9.789444e+04	2.787689e+01	-3.931486e+04	1972	9	2	12
	192	87	240.000000	18.750000	9.803242e+04	2.634903e+01	-3.906970e+04	1972	9	2	18
	191	88	238.750000	20.000000	9.879267e+04	2.694336e+01	-4.077605e+04	1972	9	3	6
start	23	1972	9	20	18
	120	86	150.000000	17.500000	9.825569e+04	2.629882e+01	-5.078864e+04	1972	9	20	18
	118	86	147.500000	17.500000	9.829697e+04	2.616369e+01	-5.282842e+04	1972	9	21	0
	117	87	146.250000	18.750000	9.797341e+04	2.706198e+01	-3.653958e+04	1972	9	21	6
	117	87	146.250000	18.750000	9.776480e+04	2.696845e+01	-3.653958e+04	1972	9	21	12
	116	89	145.000000	21.250000	9.757925e+04	2.944546e+01	-1.999576e+04	1972	9	21	18
	115	89	143.750000	21.250000	9.760779e+04	3.313194e+01	-3.914815e+04	1972	9	22	0
	115	90	143.750000	22.500000	9.711335e+04	2.848146e+01	-3.708875e+04	1972	9	22	6
	114	91	142.500000	23.750000	9.703765e+04	3.087193e+01	-3.130283e+04	1972	9	22	12
	114	92	142.500000	25.000000	9.679970e+04	3.019385e+01	-2.469314e+04	1972	9	22	18
	113	93	141.250000	26.250000	9.687341e+04	3.454750e+01	-2.641912e+04	1972	9	23	0
	113	94	141.250000	27.500000	9.670759e+04	3.162195e+01	-4.037398e+04	1972	9	23	6
	113	95	141.250000	28.750000	9.711218e+04	2.927972e+01	-3.943254e+04	1972	9	23	12
	114	96	142.500000	30.000000	9.688238e+04	3.039019e+01	-8.422932e+04	1972	9	23	18
	114	98	142.500000	32.500000	9.691243e+04	3.237157e+01	-7.432460e+04	1972	9	24	0
	115	99	143.750000	33.750000	9.700046e+04	3.330708e+01	-4.610106e+04	1972	9	24	6
	117	101	146.250000	36.250000	9.692949e+04	2.914329e+01	-5.490743e+04	1972	9	24	12
	119	103	148.750000	38.750000	9.728330e+04	3.338824e+01	-5.658437e+04	1972	9	24	18
	121	104	151.250000	40.000000	9.773503e+04	2.891088e+01	-5.467207e+04	1972	9	25	0
	122	104	152.500000	40.000000	9.811855e+04	2.213426e+01	-5.482898e+04	1972	9	25	6
	125	104	156.250000	40.000000	9.850056e+04	2.038617e+01	-5.434845e+04	1972	9	25	12
	128	103	160.000000	38.750000	9.859382e+04	2.158750e+01	-5.495646e+04	1972	9	25	18
	130	102	162.500000	37.500000	9.898470e+04	1.930192e+01	-4.029552e+04	1972	9	26	0
	132	101	165.000000	36.250000	9.909668e+04	1.953758e+01	-5.396600e+04	1972	9	26	6
start	26	1972	10	7	0
	128	84	160.000000	15.000000	9.820901e+04	2.313107e+01	-5.270094e+04	1972	10	7	0
	124	85	155.000000	16.250000	9.713210e+04	3.061614e+01	-5.603520e+04	1972	10	7	18
	122	85	152.500000	16.250000	9.725842e+04	3.103858e+01	-5.761407e+04	1972	10	8	0
	120	86	150.000000	17.500000	9.683054e+04	3.004462e+01	-5.078864e+04	1972	10	8	12
	119	86	148.750000	17.500000	9.635159e+04	2.986519e+01	-3.768696e+04	1972	10	8	18
	118	86	147.500000	17.500000	9.626684e+04	3.211544e+01	-5.282842e+04	1972	10	9	0
	117	87	146.250000	18.750000	9.591001e+04	3.371382e+01	-3.653958e+04	1972	10	9	6
	116	87	145.000000	18.750000	9.617852e+04	3.210090e+01	-3.718682e+04	1972	10	9	12
	116	88	145.000000	20.000000	9.538110e+04	3.423595e+01	-2.906691e+04	1972	10	9	18
	115	88	143.750000	20.000000	9.578047e+04	3.517759e+01	-2.979260e+04	1972	10	10	0
	115	89	143.750000	21.250000	9.538098e+04	3.372306e+01	-3.914815e+04	1972	10	10	6
	115	90	143.750000	22.500000	9.568872e+04	3.235701e+01	-3.708875e+04	1972	10	10	12
	115	91	143.750000	23.750000	9.570180e+04	3.215734e+01	-6.479254e+04	1972	10	10	18
	115	92	143.750000	25.000000	9.620015e+04	3.105265e+01	-3.770657e+04	1972	10	11	0
	116	94	145.000000	27.500000	9.611895e+04	3.108208e+01	-5.262248e+04	1972	10	11	6
	116	96	145.000000	30.000000	9.636587e+04	3.327710e+01	-5.843783e+04	1972	10	11	12
	118	98	147.500000	32.500000	9.644136e+04	3.252739e+01	-5.889874e+04	1972	10	11	18
	119	100	148.750000	35.000000	9.664033e+04	3.089241e+01	-5.965385e+04	1972	10	12	0
	120	102	150.000000	37.500000	9.659616e+04	3.027273e+01	-5.862415e+04	1972	10	12	6
	121	104	151.250000	40.000000	9.653118e+04	2.713324e+01	-5.467207e+04	1972	10	12	12
	122	107	152.500000	43.750000	9.650764e+04	2.905704e+01	-4.831736e+04	1972	10	12	18
	123	108	153.750000	45.000000	9.706719e+04	2.951102e+01	-5.302455e+04	1972	10	13	0
	123	110	153.750000	47.500000	9.773152e+04	3.273602e+01	-2.495792e+04	1972	10	13	6
	122	112	152.500000	50.000000	9.725147e+04	2.701857e+01	-1.318994e+04	1972	10	13	12
	120	112	150.000000	50.000000	9.701790e+04	2.222265e+01	-1.100306e+04	1972	10	13	18
	120	112	150.000000	50.000000	9.732830e+04	2.105533e+01	-1.100306e+04	1972	10	14	0
start	12	1972	10	27	6
	118	86	147.500000	17.500000	9.759334e+04	2.998803e+01	-5.282842e+04	1972	10	27	6
	117	87	146.250000	18.750000	9.757827e+04	2.947832e+01	-3.653958e+04	1972	10	27	12
	116	88	145.000000	20.000000	9.736641e+04	3.222253e+01	-2.906691e+04	1972	10	27	18
	115	88	143.750000	20.000000	9.724915e+04	3.115556e+01	-2.979260e+04	1972	10	28	0
	115	89	143.750000	21.250000	9.678787e+04	3.228437e+01	-3.914815e+04	1972	10	28	6
	115	90	143.750000	22.500000	9.724319e+04	3.068774e+01	-3.708875e+04	1972	10	28	12
	115	92	143.750000	25.000000	9.662359e+04	3.407770e+01	-3.770657e+04	1972	10	28	18
	115	93	143.750000	26.250000	9.719531e+04	3.515766e+01	-3.154799e+04	1972	10	29	0
	117	96	146.250000	30.000000	9.695859e+04	3.563497e+01	-5.982057e+04	1972	10	29	6
	118	99	147.500000	33.750000	9.754822e+04	3.516825e+01	-5.948714e+04	1972	10	29	12
	121	102	151.250000	37.500000	9.744870e+04	3.129894e+01	-5.747678e+04	1972	10	29	18
	124	104	155.000000	40.000000	9.724048e+04	3.413419e+01	-5.462304e+04	1972	10	30	0
start	18	1973	1	26	12
	58	63	72.500000	-11.250000	9.867546e+04	2.322455e+01	-4.808200e+04	1973	1	26	12
	57	63	71.250000	-11.250000	9.829697e+04	2.440829e+01	-3.134205e+04	1973	1	27	0
	56	63	70.000000	-11.250000	9.833882e+04	2.904259e+01	-3.471554e+04	1973	1	27	6
	56	63	70.000000	-11.250000	9.822246e+04	2.597211e+01	-3.471554e+04	1973	1	27	12
	56	63	70.000000	-11.250000	9.828389e+04	2.714510e+01	-3.471554e+04	1973	1	27	18
	55	63	68.750000	-11.250000	9.809551e+04	2.650350e+01	-3.445076e+04	1973	1	28	0
	55	63	68.750000	-11.250000	9.810478e+04	2.728923e+01	-3.445076e+04	1973	1	28	6
	55	62	68.750000	-12.500000	9.810059e+04	2.786799e+01	-3.783405e+04	1973	1	28	12
	54	62	67.500000	-12.500000	9.806767e+04	3.105021e+01	-3.065559e+04	1973	1	28	18
	54	61	67.500000	-13.750000	9.787608e+04	2.912962e+01	-3.426443e+04	1973	1	29	0
	54	60	67.500000	-15.000000	9.788972e+04	2.869034e+01	-2.901788e+04	1973	1	29	6
	54	60	67.500000	-15.000000	9.785244e+04	2.930407e+01	-2.901788e+04	1973	1	29	12
	54	59	67.500000	-16.250000	9.747947e+04	2.881541e+01	-2.982202e+04	1973	1	30	0
	54	59	67.500000	-16.250000	9.798955e+04	3.117095e+01	-2.982202e+04	1973	1	30	6
	54	58	67.500000	-17.500000	9.738196e+04	3.076329e+01	-3.084191e+04	1973	1	30	12
	53	57	66.250000	-18.750000	9.802641e+04	3.050475e+01	-2.615434e+04	1973	1	30	18
	53	57	66.250000	-18.750000	9.786306e+04	2.724363e+01	-2.615434e+04	1973	1	31	0
	52	56	65.000000	-20.000000	9.826999e+04	2.610521e+01	-2.794895e+04	1973	1	31	6
start	11	1973	6	7	6
	200	82	250.000000	12.500000	9.827576e+04	3.078825e+01	-3.812825e+04	1973	6	7	6
	198	82	247.500000	12.500000	9.806497e+04	2.700611e+01	-3.964829e+04	1973	6	7	12
	198	82	247.500000	12.500000	9.815618e+04	2.827012e+01	-3.964829e+04	1973	6	7	18
	196	82	245.000000	12.500000	9.780749e+04	3.126598e+01	-4.121735e+04	1973	6	8	0
	195	82	243.750000	12.500000	9.807373e+04	2.940602e+01	-3.999152e+04	1973	6	8	6
	193	83	241.250000	13.750000	9.795515e+04	3.141878e+01	-3.990326e+04	1973	6	8	12
	192	83	240.000000	13.750000	9.852671e+04	2.823947e+01	-4.329636e+04	1973	6	8	18
	191	83	238.750000	13.750000	9.828587e+04	2.939299e+01	-4.131542e+04	1973	6	9	0
	189	84	236.250000	15.000000	9.903433e+04	2.511885e+01	-4.134484e+04	1973	6	9	6
	188	84	235.000000	15.000000	9.885020e+04	2.477346e+01	-4.421818e+04	1973	6	9	12
	187	84	233.750000	15.000000	9.938528e+04	2.353500e+01	-4.500272e+04	1973	6	9	18
start	10	1973	7	15	18
	100	91	125.000000	23.750000	9.809062e+04	2.846369e+01	-3.027313e+04	1973	7	15	18
	100	91	125.000000	23.750000	9.791391e+04	2.772282e+01	-3.027313e+04	1973	7	16	0
	100	92	125.000000	25.000000	9.751999e+04	2.704238e+01	-1.320956e+04	1973	7	16	6
	100	92	125.000000	25.000000	9.811966e+04	2.726297e+01	-1.320956e+04	1973	7	16	12
	100	93	125.000000	26.250000	9.800588e+04	3.042304e+01	-1.324878e+04	1973	7	16	18
	100	94	125.000000	27.500000	9.771765e+04	2.930431e+01	-9.610517e+02	1973	7	17	0
	100	95	125.000000	28.750000	9.753926e+04	3.023045e+01	-9.610517e+02	1973	7	17	6
	100	95	125.000000	28.750000	9.748665e+04	2.671536e+01	-9.610517e+02	1973	7	17	12
	99	98	123.750000	32.500000	9.748230e+04	2.743946e+01	-3.824594e+02	1973	7	18	6
	98	99	122.500000	33.750000	9.796187e+04	2.420559e+01	-2.941995e+02	1973	7	18	12
start	16	1973	8	12	12
	105	90	131.250000	22.500000	9.855616e+04	2.293562e+01	-5.749639e+04	1973	8	12	12
	105	90	131.250000	22.500000	9.818936e+04	2.409417e+01	-5.749639e+04	1973	8	12	18
	105	91	131.250000	23.750000	9.832478e+04	2.602100e+01	-4.479678e+04	1973	8	13	0
	106	91	132.500000	23.750000	9.750669e+04	2.686342e+01	-3.348971e+04	1973	8	13	12
	106	91	132.500000	23.750000	9.706677e+04	2.893792e+01	-3.348971e+04	1973	8	13	18
	106	92	132.500000	25.000000	9.708235e+04	3.077980e+01	-5.064154e+04	1973	8	14	0
	105	93	131.250000	26.250000	9.762884e+04	2.602057e+01	-3.107727e+04	1973	8	14	6
	105	93	131.250000	26.250000	9.746560e+04	2.745408e+01	-3.107727e+04	1973	8	14	12
	104	94	130.000000	27.500000	9.765889e+04	2.596141e+01	-1.838747e+04	1973	8	14	18
	103	95	128.750000	28.750000	9.800842e+04	2.457477e+01	-7.923773e+03	1973	8	15	0
	103	95	128.750000	28.750000	9.747307e+04	2.810658e+01	-7.923773e+03	1973	8	15	6
	102	95	127.500000	28.750000	9.771013e+04	2.806252e+01	-1.008124e+04	1973	8	15	12
	102	96	127.500000	30.000000	9.765052e+04	2.515799e+01	-1.461191e+03	1973	8	15	18
	101	96	126.250000	30.000000	9.746521e+04	2.696964e+01	-8.433719e+02	1973	8	16	0
	101	97	126.250000	31.250000	9.754136e+04	2.722466e+01	-8.139520e+02	1973	8	16	6
	100	100	125.000000	35.000000	9.824128e+04	2.216952e+01	-8.335652e+02	1973	8	17	0
start	12	1973	9	20	0
	246	94	307.500000	27.500000	1.000438e+05	2.231343e+01	-5.350508e+04	1973	9	20	0
	246	95	307.500000	28.750000	9.992702e+04	2.306642e+01	-5.187718e+04	1973	9	20	6
	245	96	306.250000	30.000000	9.990911e+04	2.460801e+01	-4.851350e+04	1973	9	20	12
	245	96	306.250000	30.000000	9.998238e+04	2.546004e+01	-4.851350e+04	1973	9	20	18
	245	97	306.250000	31.250000	1.000805e+05	2.359276e+01	-5.512318e+04	1973	9	21	0
	245	99	306.250000	33.750000	9.993977e+04	3.249305e+01	-5.452497e+04	1973	9	21	6
	245	100	306.250000	35.000000	9.987720e+04	2.461274e+01	-5.384832e+04	1973	9	21	12
	246	101	307.500000	36.250000	9.948525e+04	2.735552e+01	-5.115149e+04	1973	9	21	18
	247	102	308.750000	37.500000	9.931023e+04	2.878040e+01	-5.296571e+04	1973	9	22	0
	249	103	311.250000	38.750000	9.904390e+04	2.887808e+01	-5.322069e+04	1973	9	22	6
	251	105	313.750000	41.250000	9.922190e+04	2.823328e+01	-4.496349e+04	1973	9	22	12
	254	107	317.500000	43.750000	9.855469e+04	2.720357e+01	-4.669927e+04	1973	9	22	18
start	12	1973	10	4	18
	105	83	131.250000	13.750000	9.846419e+04	2.294470e+01	-5.707470e+04	1973	10	4	18
	104	83	130.000000	13.750000	9.851296e+04	2.606669e+01	-5.709432e+04	1973	10	5	0
	104	83	130.000000	13.750000	9.774961e+04	2.555411e+01	-5.709432e+04	1973	10	5	6
	103	84	128.750000	15.000000	9.719844e+04	2.943865e+01	-5.486821e+04	1973	10	5	18
	102	84	127.500000	15.000000	9.666595e+04	3.120481e+01	-5.319127e+04	1973	10	6	0
	101	84	126.250000	15.000000	9.635647e+04	3.434559e+01	-5.375025e+04	1973	10	6	6
	100	84	125.000000	15.000000	9.647136e+04	3.419830e+01	-5.909487e+04	1973	10	6	12
	100	84	125.000000	15.000000	9.638613e+04	3.461123e+01	-5.909487e+04	1973	10	6	18
	99	85	123.750000	16.250000	9.715244e+04	3.426932e+01	-3.757908e+04	1973	10	7	0
	99	85	123.750000	16.250000	9.697290e+04	3.102538e+01	-3.757908e+04	1973	10	7	6
	98	86	122.500000	17.500000	9.759978e+04	2.883320e+01	-2.637008e+04	1973	10	7	12
	98	86	122.500000	17.500000	9.803826e+04	2.647803e+01	-2.637008e+04	1973	10	7	18
start	16	1973	12	26	6
	62	61	77.500000	-13.750000	9.900361e+04	2.466488e+01	-5.237732e+04	1973	12	26	6
	62	61	77.500000	-13.750000	9.857698e+04	2.283991e+01	-5.237732e+04	1973	12	26	12
	62	60	77.500000	-15.000000	9.865662e+04	2.663020e+01	-4.979817e+04	1973	12	26	18
	61	59	76.250000	-16.250000	9.861020e+04	2.853591e+01	-4.799375e+04	1973	12	27	0
	60	60	75.000000	-15.000000	9.848355e+04	2.556445e+01	-5.000411e+04	1973	12	27	6
	60	60	75.000000	-15.000000	9.830024e+04	2.377853e+01	-5.000411e+04	1973	12	27	12
	59	59	73.750000	-16.250000	9.863811e+04	2.896074e+01	-5.176930e+04	1973	12	27	18
	57	59	71.250000	-16.250000	9.851745e+04	2.761666e+01	-4.270796e+04	1973	12	28	0
	57	58	71.250000	-17.500000	9.904968e+04	2.491980e+01	-4.428683e+04	1973	12	28	6
	56	58	70.000000	-17.500000	9.853601e+04	2.492459e+01	-4.018765e+04	1973	12	28	12
	55	57	68.750000	-18.750000	9.877795e+04	2.745296e+01	-3.171471e+04	1973	12	28	18
	55	56	68.750000	-20.000000	9.848005e+04	2.511477e+01	-2.332021e+04	1973	12	29	0
	55	55	68.750000	-21.250000	9.866138e+04	2.478689e+01	-2.363403e+04	1973	12	29	6
	55	54	68.750000	-22.500000	9.873101e+04	2.390122e+01	-3.097921e+04	1973	12	29	12
	55	53	68.750000	-23.750000	9.910384e+04	2.335903e+01	-2.688003e+04	1973	12	29	18
	55	52	68.750000	-25.000000	9.901927e+04	2.284690e+01	-3.209717e+04	1973	12	30	0
start	13	1974	7	3	0
	104	89	130.000000	21.250000	9.806728e+04	2.377305e+01	-5.557429e+04	1974	7	3	0
	103	89	128.750000	21.250000	9.791416e+04	2.441190e+01	-5.026889e+04	1974	7	3	6
	102	90	127.500000	22.500000	9.779392e+04	2.726961e+01	-5.607443e+04	1974	7	3	12
	102	91	127.500000	23.750000	9.746064e+04	2.667024e+01	-5.595675e+04	1974	7	3	18
	102	92	127.500000	25.000000	9.778681e+04	2.406443e+01	-3.566679e+04	1974	7	4	0
	101	92	126.250000	25.000000	9.736706e+04	2.691209e+01	-1.010085e+04	1974	7	4	6
	101	93	126.250000	26.250000	9.737756e+04	2.823917e+01	-1.427848e+04	1974	7	4	12
	101	93	126.250000	26.250000	9.742659e+04	2.646951e+01	-1.427848e+04	1974	7	4	18
	101	94	126.250000	27.500000	9.738391e+04	2.569125e+01	-1.104229e+04	1974	7	5	0
	101	95	126.250000	28.750000	9.761259e+04	2.860587e+01	-1.147378e+03	1974	7	5	6
	102	97	127.500000	31.250000	9.774595e+04	2.686987e+01	-1.265058e+03	1974	7	6	0
	102	98	127.500000	32.500000	9.779448e+04	2.579090e+01	-1.353318e+03	1974	7	6	6
	103	99	128.750000	33.750000	9.853112e+04	2.041110e+01	-1.216025e+03	1974	7	6	12
start	11	1974	8	28	6
	201	86	251.250000	17.500000	9.878606e+04	2.511959e+01	-3.228349e+04	1974	8	28	6
	200	86	250.000000	17.500000	9.797622e+04	2.864844e+01	-3.361720e+04	1974	8	28	12
	200	86	250.000000	17.500000	9.754150e+04	2.967585e+01	-3.361720e+04	1974	8	28	18
	199	87	248.750000	18.750000	9.735879e+04	2.885718e+01	-2.978280e+04	1974	8	29	0
	198	87	247.500000	18.750000	9.756997e+04	3.107381e+01	-3.319551e+04	1974	8	29	6
	198	87	247.500000	18.750000	9.701389e+04	2.956054e+01	-3.319551e+04	1974	8	29	12
	197	87	246.250000	18.750000	9.752422e+04	3.017145e+01	-3.619634e+04	1974	8	29	18
	197	87	246.250000	18.750000	9.763340e+04	2.778064e+01	-3.619634e+04	1974	8	30	0
	196	87	245.000000	18.750000	9.798741e+04	2.736142e+01	-3.665726e+04	1974	8	30	6
	196	87	245.000000	18.750000	9.819414e+04	2.620788e+01	-3.665726e+04	1974	8	30	12
	196	87	245.000000	18.750000	9.864131e+04	2.410057e+01	-3.665726e+04	1974	8	30	18
start	17	1974	8	28	6
	114	89	142.500000	21.250000	9.828606e+04	2.527966e+01	-3.457825e+04	1974	8	28	6
	113	89	141.250000	21.250000	9.831997e+04	2.449315e+01	-4.210975e+04	1974	8	28	12
	113	90	141.250000	22.500000	9.783525e+04	2.503161e+01	-3.958945e+04	1974	8	28	18
	113	91	141.250000	23.750000	9.784004e+04	2.706392e+01	-1.710280e+04	1974	8	29	0
	113	92	141.250000	25.000000	9.759497e+04	2.837756e+01	-1.501398e+04	1974	8	29	6
	113	93	141.250000	26.250000	9.766077e+04	2.981858e+01	-2.641912e+04	1974	8	29	12
	113	94	141.250000	27.500000	9.754297e+04	2.753682e+01	-4.037398e+04	1974	8	29	18
	112	95	140.000000	28.750000	9.767402e+04	2.660994e+01	-2.675254e+04	1974	8	30	0
	112	95	140.000000	28.750000	9.772803e+04	2.849289e+01	-2.675254e+04	1974	8	30	6
	111	96	138.750000	30.000000	9.735039e+04	2.588553e+01	-2.511483e+04	1974	8	30	12
	110	96	137.500000	30.000000	9.719444e+04	2.544864e+01	-4.432606e+04	1974	8	30	18
	109	96	136.250000	30.000000	9.765942e+04	2.484147e+01	-4.295313e+04	1974	8	31	0
	109	97	136.250000	31.250000	9.733467e+04	2.614783e+01	-4.266873e+04	1974	8	31	6
	108	97	135.000000	31.250000	9.745249e+04	2.721045e+01	-4.267854e+04	1974	8	31	12
	107	97	133.750000	31.250000	9.743638e+04	2.440441e+01	-4.541460e+04	1974	8	31	18
	107	97	133.750000	31.250000	9.749338e+04	2.417412e+01	-4.541460e+04	1974	9	1	0
	107	98	133.750000	32.500000	9.749929e+04	2.389275e+01	-1.065983e+04	1974	9	1	6
start	13	1974	8	30	6
	239	102	298.750000	37.500000	9.995303e+04	2.251919e+01	-4.997469e+04	1974	8	30	6
	239	102	298.750000	37.500000	9.975977e+04	2.455872e+01	-4.997469e+04	1974	8	30	12
	240	103	300.000000	38.750000	9.952256e+04	2.666236e+01	-5.056309e+04	1974	8	30	18
	241	103	301.250000	38.750000	9.980005e+04	2.429700e+01	-5.083767e+04	1974	8	31	0
	242	104	302.500000	40.000000	9.949092e+04	2.470356e+01	-5.101419e+04	1974	8	31	6
	243	104	303.750000	40.000000	9.957749e+04	2.669358e+01	-5.124955e+04	1974	8	31	12
	245	105	306.250000	41.250000	9.938638e+04	2.225007e+01	-4.910190e+04	1974	8	31	18
	246	105	307.500000	41.250000	9.952463e+04	2.636499e+01	-5.019043e+04	1974	9	1	0
	247	106	308.750000	42.500000	9.958366e+04	2.563691e+01	-2.413417e+04	1974	9	1	6
	250	106	312.500000	42.500000	9.996809e+04	2.081149e+01	-3.761831e+04	1974	9	1	12
	252	106	315.000000	42.500000	1.001724e+05	2.099907e+01	-4.695424e+04	1974	9	1	18
	255	107	318.750000	43.750000	1.003280e+05	2.126912e+01	-4.702289e+04	1974	9	2	0
	258	106	322.500000	42.500000	1.002455e+05	2.512719e+01	-3.709856e+04	1974	9	2	6
start	22	1974	9	27	12
	120	92	150.000000	25.000000	9.912588e+04	2.026254e+01	-5.630979e+04	1974	9	27	12
	120	93	150.000000	26.250000	9.851245e+04	2.128571e+01	-5.837899e+04	1974	9	27	18
	120	93	150.000000	26.250000	9.849841e+04	2.303090e+01	-5.837899e+04	1974	9	28	0
	120	94	150.000000	27.500000	9.803245e+04	2.474131e+01	-5.865357e+04	1974	9	28	6
	120	94	150.000000	27.500000	9.805610e+04	2.414730e+01	-5.865357e+04	1974	9	28	12
	120	95	150.000000	28.750000	9.782945e+04	2.474233e+01	-5.856531e+04	1974	9	28	18
	121	95	151.250000	28.750000	9.800894e+04	2.568991e+01	-5.696683e+04	1974	9	29	0
	122	96	152.500000	30.000000	9.765649e+04	2.682632e+01	-5.851628e+04	1974	9	29	6
	123	96	153.750000	30.000000	9.762370e+04	2.714107e+01	-5.715316e+04	1974	9	29	12
	124	96	155.000000	30.000000	9.750747e+04	2.714916e+01	-5.576061e+04	1974	9	29	18
	125	96	156.250000	30.000000	9.760925e+04	2.563668e+01	-5.703548e+04	1974	9	30	0
	126	97	157.500000	31.250000	9.684348e+04	2.771512e+01	-4.711115e+04	1974	9	30	6
	128	98	160.000000	32.500000	9.680879e+04	3.175636e+01	-4.542440e+04	1974	9	30	12
	130	99	162.500000	33.750000	9.648789e+04	3.598716e+01	-5.735910e+04	1974	9	30	18
	131	100	163.750000	35.000000	9.630942e+04	3.521337e+01	-5.806518e+04	1974	10	1	0
	133	101	166.250000	36.250000	9.597791e+04	3.570037e+01	-5.282842e+04	1974	10	1	6
	134	103	167.500000	38.750000	9.588655e+04	3.584556e+01	-5.613327e+04	1974	10	1	12
	136	105	170.000000	41.250000	9.600986e+04	3.417931e+01	-4.134484e+04	1974	10	1	18
	137	107	171.250000	43.750000	9.670315e+04	3.238941e+01	-5.736890e+04	1974	10	2	0
	138	108	172.500000	45.000000	9.614455e+04	2.845449e+01	-5.681973e+04	1974	10	2	6
	138	109	172.500000	46.250000	9.636348e+04	2.698005e+01	-5.893796e+04	1974	10	2	12
	139	110	173.750000	47.500000	9.645796e+04	2.763612e+01	-5.569196e+04	1974	10	2	18
start	10	1974	11	25	0
	106	84	132.500000	15.000000	9.795705e+04	2.508206e+01	-4.473794e+04	1974	11	25	0
	106	84	132.500000	15.000000	9.742588e+04	2.678769e+01	-4.473794e+04	1974	11	25	6
	105	85	131.250000	16.250000	9.739900e+04	2.808210e+01	-4.934706e+04	1974	11	26	0
	104	85	130.000000	16.250000	9.707541e+04	2.818422e+01	-4.800355e+04	1974	11	26	6
	103	85	128.750000	16.250000	9.714580e+04	2.807369e+01	-5.669224e+04	1974	11	26	12
	102	85	127.500000	16.250000	9.685684e+04	2.992039e+01	-4.936668e+04	1974	11	26	18
	101	85	126.250000	16.250000	9.736797e+04	3.050726e+01	-4.302177e+04	1974	11	27	0
	100	85	125.000000	16.250000	9.717910e+04	2.976552e+01	-2.950821e+04	1974	11	27	6
	99	85	123.750000	16.250000	9.815369e+04	2.729218e+01	-3.757908e+04	1974	11	27	12
	99	84	123.750000	15.000000	9.859536e+04	2.229800e+01	-6.227223e+03	1974	11	27	18
start	27	1975	1	31	18
	145	57	181.250000	-18.750000	9.739234e+04	2.367826e+01	-8.708306e+03	1975	1	31	18
	145	57	181.250000	-18.750000	9.712080e+04	2.696217e+01	-8.708306e+03	1975	2	1	0
	145	56	181.250000	-20.000000	9.706348e+04	2.689447e+01	-1.314091e+04	1975	2	1	6
	144	56	180.000000	-20.000000	9.644382e+04	3.132627e+01	-3.081249e+04	1975	2	1	12
	143	56	178.750000	-20.000000	9.659475e+04	3.006327e+01	-2.990048e+04	1975	2	1	18
	142	56	177.500000	-20.000000	9.676827e+04	3.044796e+01	-1.955446e+04	1975	2	2	0
	141	56	176.250000	-20.000000	9.682234e+04	3.053251e+01	-2.521290e+04	1975	2	2	6
	140	55	175.000000	-21.250000	9.674095e+04	3.146117e+01	-3.074385e+04	1975	2	2	18
	139	54	173.750000	-22.500000	9.715186e+04	3.117403e+01	-3.963848e+04	1975	2	3	0
	139	53	173.750000	-23.750000	9.729338e+04	3.139802e+01	-4.086431e+04	1975	2	3	6
	138	53	172.500000	-23.750000	9.747959e+04	2.917956e+01	-3.448018e+04	1975	2	3	12
	138	52	172.500000	-25.000000	9.754595e+04	2.603024e+01	-4.218821e+04	1975	2	3	18
	139	52	173.750000	-25.000000	9.804316e+04	2.575154e+01	-4.114870e+04	1975	2	4	0
	140	50	175.000000	-27.500000	9.774856e+04	3.044102e+01	-3.938351e+04	1975	2	4	6
	142	49	177.500000	-28.750000	9.783538e+04	2.938568e+01	-3.910892e+04	1975	2	4	12
	144	47	180.000000	-31.250000	9.765044e+04	2.945825e+01	-2.898846e+04	1975	2	4	18
	145	46	181.250000	-32.500000	9.756892e+04	2.952052e+01	-2.978280e+04	1975	2	5	0
	148	44	185.000000	-35.000000	9.679817e+04	3.023929e+01	-5.400522e+04	1975	2	5	6
	151	41	188.750000	-38.750000	9.626702e+04	3.257424e+01	-4.649333e+04	1975	2	5	12
	153	38	191.250000	-42.500000	9.547622e+04	3.123400e+01	-2.402629e+04	1975	2	5	18
	155	35	193.750000	-46.250000	9.463330e+04	3.229817e+01	-5.235770e+04	1975	2	6	0
	158	32	197.500000	-50.000000	9.421597e+04	3.401923e+01	-4.890576e+04	1975	2	6	6
	159	28	198.750000	-55.000000	9.352085e+04	3.542166e+01	-4.540479e+04	1975	2	6	12
	161	25	201.250000	-58.750000	9.338567e+04	3.480469e+01	-3.715740e+04	1975	2	6	18
	163	23	203.750000	-61.250000	9.369014e+04	3.164466e+01	-3.144012e+04	1975	2	7	0
	166	20	207.500000	-65.000000	9.410395e+04	2.286284e+01	-3.998171e+04	1975	2	7	6
	170	19	212.500000	-66.250000	9.463073e+04	2.414092e+01	-3.980519e+04	1975	2	7	12
start	12	1975	3	6	12
	132	57	165.000000	-18.750000	9.791284e+04	2.585886e+01	-2.677215e+04	1975	3	6	12
	132	57	165.000000	-18.750000	9.745442e+04	2.714108e+01	-2.677215e+04	1975	3	6	18
	132	55	165.000000	-21.250000	9.777620e+04	2.566679e+01	1.029698e+03	1975	3	7	12
	132	53	165.000000	-23.750000	9.826655e+04	2.353921e+01	-3.552949e+04	1975	3	8	0
	132	52	165.000000	-25.000000	9.842009e+04	2.336423e+01	-3.147935e+04	1975	3	8	12
	133	51	166.250000	-26.250000	9.820166e+04	2.464727e+01	-3.539220e+04	1975	3	8	18
	133	50	166.250000	-27.500000	9.829963e+04	2.720158e+01	-3.492148e+04	1975	3	9	0
	133	49	166.250000	-28.750000	9.819234e+04	2.288479e+01	-3.108708e+04	1975	3	9	6
	133	48	166.250000	-30.000000	9.850749e+04	2.453632e+01	-2.709577e+04	1975	3	9	12
	133	48	166.250000	-30.000000	9.853528e+04	2.322623e+01	-2.709577e+04	1975	3	9	18
	133	47	166.250000	-31.250000	9.869944e+04	2.557140e+01	-2.614453e+04	1975	3	10	0
	134	46	167.500000	-32.500000	9.856198e+04	2.292813e+01	-1.196411e+03	1975	3	10	6
start	15	1975	3	27	12
	91	57	113.750000	-18.750000	9.783733e+04	2.687136e+01	-1.433732e+04	1975	3	27	12
	91	57	113.750000	-18.750000	9.775947e+04	2.523269e+01	-1.433732e+04	1975	3	27	18
	90	57	112.500000	-18.750000	9.777727e+04	2.771873e+01	-2.325157e+04	1975	3	28	0
	90	57	112.500000	-18.750000	9.732737e+04	2.889325e+01	-2.325157e+04	1975	3	28	6
	90	57	112.500000	-18.750000	9.777686e+04	2.819181e+01	-2.325157e+04	1975	3	28	12
	89	57	111.250000	-18.750000	9.722845e+04	3.044065e+01	-3.991307e+04	1975	3	28	18
	89	57	111.250000	-18.750000	9.748091e+04	3.083555e+01	-3.991307e+04	1975	3	29	0
	89	57	111.250000	-18.750000	9.759058e+04	2.996710e+01	-3.991307e+04	1975	3	29	6
	89	57	111.250000	-18.750000	9.734820e+04	2.804897e+01	-3.991307e+04	1975	3	29	12
	89	57	111.250000	-18.750000	9.737029e+04	3.056440e+01	-3.991307e+04	1975	3	29	18
	90	56	112.500000	-20.000000	9.791973e+04	2.445021e+01	-9.610517e+03	1975	3	30	6
	90	56	112.500000	-20.000000	9.796106e+04	2.625227e+01	-9.610517e+03	1975	3	30	12
	91	55	113.750000	-21.250000	9.801423e+04	2.689005e+01	-9.443804e+03	1975	3	30	18
	91	54	113.750000	-22.500000	9.821343e+04	2.678032e+01	8.825985e+02	1975	3	31	0
	92	53	115.000000	-23.750000	9.838130e+04	2.176516e+01	2.363403e+03	1975	3	31	6
start	10	1975	7	5	0
	199	85	248.750000	16.250000	9.892144e+04	2.188927e+01	-3.042023e+04	1975	7	5	0
	198	85	247.500000	16.250000	9.857322e+04	2.462004e+01	-3.206775e+04	1975	7	5	6
	197	85	246.250000	16.250000	9.827439e+04	2.513749e+01	-3.571582e+04	1975	7	5	12
	196	86	245.000000	17.500000	9.847688e+04	2.486330e+01	-3.688281e+04	1975	7	5	18
	196	86	245.000000	17.500000	9.776428e+04	2.762897e+01	-3.688281e+04	1975	7	6	0
	195	86	243.750000	17.500000	9.811091e+04	2.767075e+01	-3.675532e+04	1975	7	6	6
	194	86	242.500000	17.500000	9.827400e+04	2.720589e+01	-3.781444e+04	1975	7	6	12
	194	86	242.500000	17.500000	9.875884e+04	2.866651e+01	-3.781444e+04	1975	7	6	18
	193	86	241.250000	17.500000	9.855716e+04	2.587155e+01	-3.854994e+04	1975	7	7	0
	192	86	240.000000	17.500000	9.889038e+04	2.506704e+01	-3.890298e+04	1975	7	7	12
start	12	1975	7	8	18
	204	85	255.000000	16.250000	9.923816e+04	2.239053e+01	-2.961608e+04	1975	7	8	18
	202	85	252.500000	16.250000	9.888238e+04	2.501465e+01	-3.191084e+04	1975	7	9	12
	201	85	251.250000	16.250000	9.893042e+04	2.633331e+01	-2.598762e+04	1975	7	9	18
	200	84	250.000000	15.000000	9.854444e+04	2.859141e+01	-3.713779e+04	1975	7	10	0
	199	83	248.750000	13.750000	9.856096e+04	2.647080e+01	-3.652977e+04	1975	7	10	6
	198	83	247.500000	13.750000	9.834173e+04	2.510110e+01	-3.861859e+04	1975	7	10	12
	197	82	246.250000	12.500000	9.878230e+04	2.585794e+01	-4.065837e+04	1975	7	10	18
	198	83	247.500000	13.750000	9.841884e+04	2.860935e+01	-3.861859e+04	1975	7	11	0
	198	84	247.500000	15.000000	9.900703e+04	2.757775e+01	-3.775560e+04	1975	7	11	6
	197	84	246.250000	15.000000	9.861809e+04	2.317661e+01	-3.835381e+04	1975	7	11	12
	195	86	243.750000	17.500000	9.920110e+04	2.245140e+01	-3.675532e+04	1975	7	12	6
	195	86	243.750000	17.500000	9.886677e+04	2.378411e+01	-3.675532e+04	1975	7	12	12
start	10	1975	9	1	12
	253	100	316.250000	35.000000	9.977155e+04	2.027557e+01	-4.493407e+04	1975	9	1	12
	253	100	316.250000	35.000000	9.989607e+04	2.353216e+01	-4.493407e+04	1975	9	1	18
	253	101	316.250000	36.250000	9.998042e+04	2.280813e+01	-5.058270e+04	1975	9	2	0
	252	101	315.000000	36.250000	9.963596e+04	2.463503e+01	-4.664043e+04	1975	9	2	6
	252	102	315.000000	37.500000	9.988003e+04	2.417499e+01	-5.149472e+04	1975	9	2	12
	253	102	316.250000	37.500000	9.944238e+04	2.526600e+01	-5.159279e+04	1975	9	2	18
	253	103	316.250000	38.750000	9.942270e+04	2.434270e+01	-5.059251e+04	1975	9	3	0
	253	104	316.250000	40.000000	9.938413e+04	2.443474e+01	-4.606184e+04	1975	9	3	6
	254	105	317.500000	41.250000	9.943987e+04	2.775298e+01	-4.810162e+04	1975	9	3	12
	254	106	317.500000	42.500000	9.949534e+04	2.728209e+01	-4.779761e+04	1975	9	3	18
start	25	1975	9	4	6
	119	89	148.750000	21.250000	9.841433e+04	2.160838e+01	-5.116129e+04	1975	9	4	6
	118	90	147.500000	22.500000	9.826912e+04	2.496404e+01	-5.659418e+04	1975	9	4	12
	118	90	147.500000	22.500000	9.764592e+04	2.623651e+01	-5.659418e+04	1975	9	4	18
	118	91	147.500000	23.750000	9.750300e+04	2.856377e+01	-5.738852e+04	1975	9	5	0
	117	92	146.250000	25.000000	9.719616e+04	2.837715e+01	-5.611365e+04	1975	9	5	6
	117	92	146.250000	25.000000	9.770935e+04	2.921262e+01	-5.611365e+04	1975	9	5	12
	116	93	145.000000	26.250000	9.731216e+04	3.051304e+01	-2.260433e+04	1975	9	5	18
	116	94	145.000000	27.500000	9.740705e+04	3.076830e+01	-5.262248e+04	1975	9	6	0
	116	94	145.000000	27.500000	9.695940e+04	3.032784e+01	-5.262248e+04	1975	9	6	6
	116	94	145.000000	27.500000	9.747395e+04	3.110741e+01	-5.262248e+04	1975	9	6	12
	116	95	145.000000	28.750000	9.736567e+04	3.104895e+01	-5.797691e+04	1975	9	6	18
	117	95	146.250000	28.750000	9.748919e+04	3.213379e+01	-5.861435e+04	1975	9	7	0
	117	95	146.250000	28.750000	9.717239e+04	3.059963e+01	-5.861435e+04	1975	9	7	6
	117	95	146.250000	28.750000	9.747185e+04	2.668276e+01	-5.861435e+04	1975	9	7	12
	117	95	146.250000	28.750000	9.746541e+04	2.563284e+01	-5.861435e+04	1975	9	7	18
	117	95	146.250000	28.750000	9.748811e+04	2.722386e+01	-5.861435e+04	1975	9	8	0
	118	96	147.500000	30.000000	9.712761e+04	2.672312e+01	-6.129156e+04	1975	9	8	6
	118	96	147.500000	30.000000	9.716135e+04	2.720396e+01	-6.129156e+04	1975	9	8	12
	118	97	147.500000	31.250000	9.718894e+04	2.552688e+01	-5.986960e+04	1975	9	8	18
	119	99	148.750000	33.750000	9.741306e+04	2.941478e+01	-6.133079e+04	1975	9	9	6
	120	100	150.000000	35.000000	9.774360e+04	2.542550e+01	-5.974211e+04	1975	9	9	12
	121	102	151.250000	37.500000	9.770738e+04	2.497794e+01	-5.747678e+04	1975	9	9	18
	122	104	152.500000	40.000000	9.732641e+04	3.028763e+01	-5.482898e+04	1975	9	10	0
	122	107	152.500000	43.750000	9.680237e+04	3.180865e+01	-4.831736e+04	1975	9	10	6
	122	113	152.500000	51.250000	9.604216e+04	2.912288e+01	-9.855684e+03	1975	9	10	18
start	10	1975	10	4	6
	104	94	130.000000	27.500000	9.886570e+04	2.382964e+01	-1.838747e+04	1975	10	4	6
	105	95	131.250000	28.750000	9.874502e+04	2.598162e+01	-4.022688e+04	1975	10	4	12
	107	96	133.750000	30.000000	9.866777e+04	2.432580e+01	-4.563034e+04	1975	10	4	18
	108	97	135.000000	31.250000	9.853252e+04	2.741561e+01	-4.267854e+04	1975	10	5	0
	111	98	138.750000	32.500000	9.824162e+04	3.171864e+01	-2.008402e+04	1975	10	5	6
	117	100	146.250000	35.000000	9.824970e+04	3.072652e+01	-5.796711e+04	1975	10	5	18
	120	101	150.000000	36.250000	9.857266e+04	2.496973e+01	-5.798672e+04	1975	10	6	0
	123	101	153.750000	36.250000	9.785981e+04	2.520049e+01	-5.864377e+04	1975	10	6	6
	126	102	157.500000	37.500000	9.735208e+04	2.716414e+01	-5.415232e+04	1975	10	6	12
	129	104	161.250000	40.000000	9.640227e+04	3.390239e+01	-5.407387e+04	1975	10	6	18
start	19	1975	11	19	6
	113	82	141.250000	12.500000	9.704446e+04	2.439025e+01	-2.396745e+04	1975	11	19	6
	113	83	141.250000	13.750000	9.684814e+04	2.935800e+01	-4.613048e+04	1975	11	19	12
	112	83	140.000000	13.750000	9.587634e+04	3.182433e+01	-4.849388e+04	1975	11	19	18
	112	83	140.000000	13.750000	9.623034e+04	3.334741e+01	-4.849388e+04	1975	11	20	0
	111	84	138.750000	15.000000	9.523511e+04	3.639340e+01	-4.841543e+04	1975	11	20	6
	110	84	137.500000	15.000000	9.548672e+04	3.595642e+01	-4.765051e+04	1975	11	20	12
	110	85	137.500000	16.250000	9.487981e+04	3.837294e+01	-5.427000e+04	1975	11	20	18
	109	85	136.250000	16.250000	9.579351e+04	3.872265e+01	-4.912151e+04	1975	11	21	0
	109	86	136.250000	17.500000	9.477869e+04	3.948181e+01	-4.989623e+04	1975	11	21	6
	108	87	135.000000	18.750000	9.563196e+04	3.639612e+01	-5.540757e+04	1975	11	21	12
	108	87	135.000000	18.750000	9.534131e+04	3.695610e+01	-5.540757e+04	1975	11	21	18
	108	88	135.000000	20.000000	9.561626e+04	3.916708e+01	-5.653534e+04	1975	11	22	0
	108	89	135.000000	21.250000	9.579141e+04	3.724061e+01	-5.623133e+04	1975	11	22	6
	108	90	135.000000	22.500000	9.635147e+04	3.428086e+01	-3.461747e+04	1975	11	22	12
	109	91	136.250000	23.750000	9.646611e+04	3.533142e+01	-3.815768e+04	1975	11	22	18
	110	92	137.500000	25.000000	9.697548e+04	3.635024e+01	-4.471832e+04	1975	11	23	0
	112	94	140.000000	27.500000	9.724202e+04	3.228609e+01	-3.785367e+04	1975	11	23	6
	114	95	142.500000	28.750000	9.774002e+04	3.507553e+01	-4.339443e+04	1975	11	23	12
	117	98	146.250000	32.500000	9.740200e+04	3.248930e+01	-5.800634e+04	1975	11	23	18
start	14	1976	3	1	0
	125	56	156.250000	-20.000000	9.807688e+04	2.496784e+01	-2.911594e+04	1976	3	1	0
	125	55	156.250000	-21.250000	9.795386e+04	2.712797e+01	-2.085874e+04	1976	3	1	6
	125	54	156.250000	-22.500000	9.780947e+04	3.023602e+01	-1.790694e+04	1976	3	1	12
	125	53	156.250000	-23.750000	9.793071e+04	2.493904e+01	-1.799520e+04	1976	3	1	18
	125	53	156.250000	-23.750000	9.803403e+04	2.811573e+01	-1.799520e+04	1976	3	2	0
	125	52	156.250000	-25.000000	9.764683e+04	2.722598e+01	-4.512040e+04	1976	3	2	6
	125	51	156.250000	-26.250000	9.811868e+04	2.901600e+01	-4.554208e+04	1976	3	2	12
	125	51	156.250000	-26.250000	9.781272e+04	2.657725e+01	-4.554208e+04	1976	3	2	18
	125	50	156.250000	-27.500000	9.776966e+04	2.657388e+01	-4.710134e+04	1976	3	3	0
	125	49	156.250000	-28.750000	9.786921e+04	2.423781e+01	-4.734651e+04	1976	3	3	6
	126	49	157.500000	-28.750000	9.789853e+04	2.738010e+01	-4.197246e+04	1976	3	3	12
	126	48	157.500000	-30.000000	9.776797e+04	2.763967e+01	-2.701732e+04	1976	3	3	18
	127	47	158.750000	-31.250000	9.816714e+04	2.931221e+01	-3.712798e+04	1976	3	4	0
	126	46	157.500000	-32.500000	9.842627e+04	2.727479e+01	-3.050849e+04	1976	3	4	6
start	17	1976	4	9	6
	105	80	131.250000	10.000000	9.835538e+04	2.536024e+01	-6.073258e+04	1976	4	9	6
	104	81	130.000000	11.250000	9.861309e+04	2.619574e+01	-5.814363e+04	1976	4	9	12
	104	81	130.000000	11.250000	9.818281e+04	2.522980e+01	-5.814363e+04	1976	4	9	18
	104	82	130.000000	12.500000	9.826570e+04	2.641346e+01	-5.525067e+04	1976	4	10	0
	103	83	128.750000	13.750000	9.798238e+04	2.842893e+01	-5.389735e+04	1976	4	10	6
	103	83	128.750000	13.750000	9.776916e+04	2.902344e+01	-5.389735e+04	1976	4	10	12
	103	84	128.750000	15.000000	9.758501e+04	2.985495e+01	-5.486821e+04	1976	4	10	18
	103	84	128.750000	15.000000	9.738301e+04	3.090554e+01	-5.486821e+04	1976	4	11	0
	103	85	128.750000	16.250000	9.719485e+04	3.365016e+01	-5.669224e+04	1976	4	11	6
	103	85	128.750000	16.250000	9.753609e+04	3.044914e+01	-5.669224e+04	1976	4	11	12
	104	86	130.000000	17.500000	9.765186e+04	3.283180e+01	-5.330895e+04	1976	4	11	18
	104	87	130.000000	18.750000	9.787888e+04	2.811615e+01	-5.560371e+04	1976	4	12	0
	105	88	131.250000	20.000000	9.746003e+04	2.778461e+01	-5.822208e+04	1976	4	12	6
	106	89	132.500000	21.250000	9.791445e+04	2.688309e+01	-5.731987e+04	1976	4	12	12
	107	90	133.750000	22.500000	9.837356e+04	2.817806e+01	-5.449555e+04	1976	4	12	18
	107	90	133.750000	22.500000	9.891343e+04	2.618837e+01	-5.449555e+04	1976	4	13	0
	108	91	135.000000	23.750000	9.888034e+04	2.470950e+01	-4.772896e+04	1976	4	13	6
start	30	1976	5	18	18
	120	80	150.000000	10.000000	9.803867e+04	2.573993e+01	-5.608423e+04	1976	5	18	18
	119	80	148.750000	10.000000	9.815222e+04	2.804236e+01	-4.836640e+04	1976	5	19	0
	119	80	148.750000	10.000000	9.753423e+04	2.651697e+01	-4.836640e+04	1976	5	19	6
	118	80	147.500000	10.000000	9.755312e+04	3.120478e+01	-4.515962e+04	1976	5	19	12
	118	80	147.500000	10.000000	9.728071e+04	2.851176e+01	-4.515962e+04	1976	5	19	18
	117	81	146.250000	11.250000	9.719368e+04	2.987292e+01	-5.375025e+04	1976	5	20	0
	117	81	146.250000	11.250000	9.687680e+04	2.918990e+01	-5.375025e+04	1976	5	20	6
	117	82	146.250000	12.500000	9.757155e+04	2.939618e+01	-6.856809e+04	1976	5	20	12
	117	82	146.250000	12.500000	9.717422e+04	2.911833e+01	-6.856809e+04	1976	5	20	18
	116	82	145.000000	12.500000	9.727891e+04	3.054844e+01	-6.994103e+04	1976	5	21	0
	116	83	145.000000	13.750000	9.685842e+04	3.095557e+01	-8.924052e+03	1976	5	21	6
	115	83	143.750000	13.750000	9.713340e+04	2.846188e+01	-3.540201e+04	1976	5	21	12
	115	84	143.750000	15.000000	9.662947e+04	3.250152e+01	-3.235214e+04	1976	5	21	18
	115	84	143.750000	15.000000	9.703735e+04	3.481982e+01	-3.235214e+04	1976	5	22	0
	114	85	142.500000	16.250000	9.640384e+04	3.715336e+01	-3.808903e+04	1976	5	22	6
	113	86	141.250000	17.500000	9.680955e+04	3.163199e+01	-4.679733e+04	1976	5	22	12
	113	87	141.250000	18.750000	9.617749e+04	3.474126e+01	-4.573821e+04	1976	5	22	18
	112	87	140.000000	18.750000	9.703809e+04	3.443442e+01	-4.778780e+04	1976	5	23	0
	112	88	140.000000	20.000000	9.625241e+04	3.451880e+01	-4.693462e+04	1976	5	23	6
	112	89	140.000000	21.250000	9.665738e+04	3.437305e+01	-4.628739e+04	1976	5	23	12
	112	89	140.000000	21.250000	9.604920e+04	3.578984e+01	-4.628739e+04	1976	5	23	18
	112	90	140.000000	22.500000	9.635752e+04	3.623328e+01	-4.242357e+04	1976	5	24	0
	112	90	140.000000	22.500000	9.665252e+04	3.552363e+01	-4.242357e+04	1976	5	24	6
	113	91	141.250000	23.750000	9.645655e+04	3.279202e+01	-1.710280e+04	1976	5	24	12
	113	92	141.250000	25.000000	9.684023e+04	3.354974e+01	-1.501398e+04	1976	5	24	18
	113	92	141.250000	25.000000	9.706806e+04	3.152968e+01	-1.501398e+04	1976	5	25	0
	114	93	142.500000	26.250000	9.703342e+04	2.968147e+01	-1.382738e+04	1976	5	25	6
	114	93	142.500000	26.250000	9.727827e+04	2.801339e+01	-1.382738e+04	1976	5	25	12
	115	94	143.750000	27.500000	9.730940e+04	2.838571e+01	-6.713633e+04	1976	5	25	18
	115	94	143.750000	27.500000	9.774323e+04	2.577379e+01	-6.713633e+04	1976	5	26	0
start	14	1976	6	8	18
	206	83	257.500000	13.750000	9.863481e+04	2.402203e+01	-3.244040e+04	1976	6	8	18
	204	84	255.000000	15.000000	9.797712e+04	2.983812e+01	-2.496773e+04	1976	6	9	12
	204	84	255.000000	15.000000	9.828110e+04	2.611270e+01	-2.496773e+04	1976	6	9	18
	203	84	253.750000	15.000000	9.811831e+04	2.786279e+01	-3.677494e+04	1976	6	10	0
	202	84	252.500000	15.000000	9.835154e+04	3.040804e+01	-3.620615e+04	1976	6	10	6
	202	85	252.500000	16.250000	9.793598e+04	2.831116e+01	-3.191084e+04	1976	6	10	12
	201	85	251.250000	16.250000	9.825254e+04	2.819586e+01	-2.598762e+04	1976	6	10	18
	200	85	250.000000	16.250000	9.774634e+04	2.962892e+01	-3.607866e+04	1976	6	11	0
	199	85	248.750000	16.250000	9.805901e+04	2.834308e+01	-3.042023e+04	1976	6	11	6
	199	85	248.750000	16.250000	9.813620e+04	2.672738e+01	-3.042023e+04	1976	6	11	12
	198	86	247.500000	17.500000	9.833591e+04	2.694955e+01	-3.243059e+04	1976	6	11	18
	197	86	246.250000	17.500000	9.832873e+04	2.704733e+01	-3.500974e+04	1976	6	12	0
	197	86	246.250000	17.500000	9.884566e+04	2.506800e+01	-3.500974e+04	1976	6	12	6
	198	86	247.500000	17.500000	9.870850e+04	2.638243e+01	-3.243059e+04	1976	6	12	12
start	10	1976	6	27	18
	106	87	132.500000	18.750000	9.845610e+04	2.142869e+01	-5.853589e+04	1976	6	27	18
	106	87	132.500000	18.750000	9.818598e+04	2.530289e+01	-5.853589e+04	1976	6	28	0
	106	88	132.500000	20.000000	9.784922e+04	2.633966e+01	-5.946753e+04	1976	6	28	6
	107	89	133.750000	21.250000	9.790630e+04	2.711215e+01	-5.766310e+04	1976	6	28	18
	109	91	136.250000	23.750000	9.728040e+04	2.917438e+01	-3.815768e+04	1976	6	29	18
	110	91	137.500000	23.750000	9.721030e+04	3.342758e+01	-4.869982e+04	1976	6	30	0
	111	92	138.750000	25.000000	9.738003e+04	2.979327e+01	-4.883712e+04	1976	6	30	6
	112	93	140.000000	26.250000	9.735972e+04	3.010693e+01	-3.676513e+04	1976	6	30	12
	115	94	143.750000	27.500000	9.751988e+04	2.999461e+01	-6.713633e+04	1976	7	1	0
	120	95	150.000000	28.750000	9.739527e+04	2.754154e+01	-5.856531e+04	1976	7	1	18
start	22	1976	7	13	6
	119	82	148.750000	12.500000	9.826259e+04	2.472445e+01	-5.694721e+04	1976	7	13	6
	118	83	147.500000	13.750000	9.788852e+04	2.753800e+01	-6.373342e+04	1976	7	13	12
	118	84	147.500000	15.000000	9.770940e+04	2.848972e+01	-8.318001e+04	1976	7	13	18
	116	85	145.000000	16.250000	9.748657e+04	3.079053e+01	-3.610809e+04	1976	7	14	0
	115	86	143.750000	17.500000	9.713442e+04	2.778877e+01	-4.005036e+04	1976	7	14	6
	114	87	142.500000	18.750000	9.688296e+04	3.252908e+01	-3.350932e+04	1976	7	14	12
	113	88	141.250000	20.000000	9.701106e+04	3.250321e+01	-4.452219e+04	1976	7	14	18
	112	89	140.000000	21.250000	9.680967e+04	3.135769e+01	-4.628739e+04	1976	7	15	0
	111	89	138.750000	21.250000	9.663264e+04	3.516818e+01	-4.345327e+04	1976	7	15	6
	110	90	137.500000	22.500000	9.660395e+04	3.379113e+01	-4.242357e+04	1976	7	15	12
	109	90	136.250000	22.500000	9.638738e+04	3.496076e+01	-5.133781e+04	1976	7	15	18
	108	91	135.000000	23.750000	9.689284e+04	3.178932e+01	-4.772896e+04	1976	7	16	0
	107	91	133.750000	23.750000	9.685449e+04	3.091932e+01	-4.392398e+04	1976	7	16	6
	106	92	132.500000	25.000000	9.713679e+04	3.176031e+01	-5.064154e+04	1976	7	16	12
	105	92	131.250000	25.000000	9.726516e+04	3.202547e+01	-2.738017e+04	1976	7	16	18
	104	93	130.000000	26.250000	9.723230e+04	3.170750e+01	-5.542719e+04	1976	7	17	0
	104	94	130.000000	27.500000	9.766482e+04	2.857541e+01	-1.838747e+04	1976	7	17	6
	103	94	128.750000	27.500000	9.757466e+04	2.935315e+01	-1.043428e+04	1976	7	17	12
	103	95	128.750000	28.750000	9.790073e+04	2.644955e+01	-7.923773e+03	1976	7	17	18
	102	96	127.500000	30.000000	9.810620e+04	2.517248e+01	-1.461191e+03	1976	7	18	0
	103	97	128.750000	31.250000	9.823718e+04	2.548851e+01	-6.864655e+03	1976	7	18	6
	103	97	128.750000	31.250000	9.826257e+04	2.402098e+01	-6.864655e+03	1976	7	18	12
start	37	1976	8	26	6
	242	94	302.500000	27.500000	9.925874e+04	2.449417e+01	-5.558409e+04	1976	8	26	6
	244	94	305.000000	27.500000	9.893472e+04	2.439782e+01	-5.750620e+04	1976	8	26	18
	245	95	306.250000	28.750000	9.895788e+04	2.529489e+01	-4.949416e+04	1976	8	27	0
	246	96	307.500000	30.000000	9.897588e+04	2.622897e+01	-5.578023e+04	1976	8	27	6
	245	97	306.250000	31.250000	9.908333e+04	2.658309e+01	-5.512318e+04	1976	8	27	12
	245	97	306.250000	31.250000	9.952573e+04	2.691053e+01	-5.512318e+04	1976	8	27	18
	244	98	305.000000	32.500000	9.927012e+04	2.428264e+01	-5.501530e+04	1976	8	28	0
	243	99	303.750000	33.750000	9.944455e+04	2.871531e+01	-5.343644e+04	1976	8	28	6
	243	99	303.750000	33.750000	9.941548e+04	2.581057e+01	-5.343644e+04	1976	8	28	12
	242	99	302.500000	33.750000	9.922876e+04	2.831734e+01	-4.440451e+04	1976	8	28	18
	242	99	302.500000	33.750000	9.888809e+04	2.887744e+01	-4.440451e+04	1976	8	29	0
	242	100	302.500000	35.000000	9.850659e+04	2.678140e+01	-4.399263e+04	1976	8	29	6
	242	100	302.500000	35.000000	9.842808e+04	3.024916e+01	-4.399263e+04	1976	8	29	12
	243	100	303.750000	35.000000	9.842859e+04	2.923008e+01	-5.371102e+04	1976	8	29	18
	244	100	305.000000	35.000000	9.840022e+04	3.126064e+01	-5.081806e+04	1976	8	30	0
	245	100	306.250000	35.000000	9.798765e+04	2.944402e+01	-5.384832e+04	1976	8	30	6
	246	100	307.500000	35.000000	9.795757e+04	2.853907e+01	-5.409348e+04	1976	8	30	12
	248	100	310.000000	35.000000	9.804727e+04	3.107708e+01	-5.018063e+04	1976	8	30	18
	249	100	311.250000	35.000000	9.782019e+04	2.991102e+01	-3.321512e+04	1976	8	31	0
	251	100	313.750000	35.000000	9.761558e+04	2.958154e+01	-4.539498e+04	1976	8	31	6
	252	100	315.000000	35.000000	9.790727e+04	3.296086e+01	-4.468890e+04	1976	8	31	12
	254	100	317.500000	35.000000	9.768735e+04	3.499110e+01	-4.140368e+04	1976	8	31	18
	256	100	320.000000	35.000000	9.795716e+04	2.857426e+01	-3.811845e+04	1976	9	1	0
	257	100	321.250000	35.000000	9.768440e+04	2.736888e+01	-3.383294e+04	1976	9	1	6
	259	100	323.750000	35.000000	9.784329e+04	2.870978e+01	-1.911316e+04	1976	9	1	12
	260	100	325.000000	35.000000	9.777166e+04	2.589764e+01	-3.422521e+04	1976	9	1	18
	261	99	326.250000	33.750000	9.805584e+04	2.586433e+01	-3.294054e+04	1976	9	2	0
	262	99	327.500000	33.750000	9.783762e+04	2.796489e+01	-3.169509e+04	1976	9	2	6
	263	99	328.750000	33.750000	9.803596e+04	2.830111e+01	-3.530394e+04	1976	9	2	12
	265	99	331.250000	33.750000	9.802649e+04	2.738927e+01	-2.914536e+04	1976	9	2	18
	265	100	331.250000	35.000000	9.793603e+04	2.589238e+01	-3.568640e+04	1976	9	3	0
	266	101	332.500000	36.250000	9.806045e+04	2.688177e+01	-3.403888e+04	1976	9	3	6
	260	99	325.000000	33.750000	9.837786e+04	2.631048e+01	-3.033197e+04	1976	9	4	6
	261	100	326.250000	35.000000	9.873169e+04	2.584446e+01	-2.631124e+04	1976	9	4	12
	262	101	327.500000	36.250000	9.882246e+04	2.399575e+01	-2.531096e+04	1976	9	4	18
	263	102	328.750000	37.500000	9.911135e+04	2.534268e+01	-2.152560e+04	1976	9	5	0
	264	103	330.000000	38.750000	9.921423e+04	2.463159e+01	-7.747253e+03	1976	9	5	6
start	14	1976	8	27	18
	199	86	248.750000	17.500000	9.936948e+04	2.159143e+01	-2.763514e+04	1976	8	27	18
	199	86	248.750000	17.500000	9.872637e+04	2.320103e+01	-2.763514e+04	1976	8	28	0
	198	87	247.500000	18.750000	9.878205e+04	2.479722e+01	-3.319551e+04	1976	8	28	6
	197	87	246.250000	18.750000	9.830298e+04	2.641006e+01	-3.619634e+04	1976	8	28	12
	196	87	245.000000	18.750000	9.803188e+04	3.102886e+01	-3.665726e+04	1976	8	28	18
	196	87	245.000000	18.750000	9.760059e+04	2.880035e+01	-3.665726e+04	1976	8	29	0
	195	88	243.750000	20.000000	9.809409e+04	3.074940e+01	-3.799096e+04	1976	8	29	6
	194	88	242.500000	20.000000	9.802808e+04	2.926135e+01	-3.927563e+04	1976	8	29	12
	193	88	241.250000	20.000000	9.813796e+04	2.956964e+01	-3.819690e+04	1976	8	29	18
	193	88	241.250000	20.000000	9.796897e+04	2.943464e+01	-3.819690e+04	1976	8	30	0
	191	88	238.750000	20.000000	9.828140e+04	2.945848e+01	-4.077605e+04	1976	8	30	6
	190	89	237.500000	21.250000	9.851070e+04	2.524650e+01	-4.010920e+04	1976	8	30	12
	189	89	236.250000	21.250000	9.890039e+04	2.782320e+01	-4.160962e+04	1976	8	30	18
	189	89	236.250000	21.250000	9.884206e+04	2.368741e+01	-4.160962e+04	1976	8	31	0
start	17	1976	8	31	6
	244	89	305.000000	21.250000	9.959370e+04	2.364920e+01	-5.340702e+04	1976	8	31	6
	244	90	305.000000	22.500000	9.948852e+04	2.493900e+01	-5.407387e+04	1976	8	31	12
	244	91	305.000000	23.750000	9.938423e+04	2.673295e+01	-5.814363e+04	1976	8	31	18
	244	92	305.000000	25.000000	9.926653e+04	2.350364e+01	-6.124253e+04	1976	9	1	0
	245	93	306.250000	26.250000	9.904377e+04	2.597019e+01	-5.970289e+04	1976	9	1	6
	245	94	306.250000	27.500000	9.876829e+04	2.670393e+01	-5.070038e+04	1976	9	1	12
	246	94	307.500000	27.500000	9.874353e+04	2.729350e+01	-5.350508e+04	1976	9	1	18
	247	94	308.750000	27.500000	9.869959e+04	2.612037e+01	-4.356114e+04	1976	9	2	0
	248	95	310.000000	28.750000	9.827200e+04	2.912163e+01	-4.755245e+04	1976	9	2	6
	249	95	311.250000	28.750000	9.848284e+04	2.835601e+01	-4.512040e+04	1976	9	2	12
	250	95	312.500000	28.750000	9.821712e+04	3.162553e+01	-4.413973e+04	1976	9	2	18
	252	95	315.000000	28.750000	9.800791e+04	3.436456e+01	-3.856955e+04	1976	9	3	0
	254	95	317.500000	28.750000	9.826045e+04	2.906624e+01	-3.465670e+04	1976	9	3	6
	255	96	318.750000	30.000000	9.862041e+04	2.943063e+01	-3.583350e+04	1976	9	3	12
	257	97	321.250000	31.250000	9.870505e+04	2.885234e+01	-2.857658e+04	1976	9	3	18
	258	97	322.500000	31.250000	9.893987e+04	2.730719e+01	-3.347010e+04	1976	9	4	0
	260	99	325.000000	33.750000	9.837786e+04	2.631048e+01	-3.033197e+04	1976	9	4	6
start	20	1976	9	7	12
	107	89	133.750000	21.250000	9.687580e+04	3.093421e+01	-5.766310e+04	1976	9	7	12
	106	89	132.500000	21.250000	9.665159e+04	3.152128e+01	-5.731987e+04	1976	9	7	18
	105	90	131.250000	22.500000	9.613718e+04	3.512837e+01	-5.749639e+04	1976	9	8	0
	105	91	131.250000	23.750000	9.620855e+04	3.163244e+01	-4.479678e+04	1976	9	8	6
	104	92	130.000000	25.000000	9.665205e+04	3.151289e+01	-4.511059e+04	1976	9	8	12
	103	93	128.750000	26.250000	9.663787e+04	3.218718e+01	-2.635047e+04	1976	9	9	0
	103	93	128.750000	26.250000	9.673838e+04	3.165408e+01	-2.635047e+04	1976	9	9	6
	103	94	128.750000	27.500000	9.645156e+04	3.110836e+01	-1.043428e+04	1976	9	9	12
	103	94	128.750000	27.500000	9.666187e+04	3.218510e+01	-1.043428e+04	1976	9	9	18
	103	95	128.750000	28.750000	9.624558e+04	3.163962e+01	-7.923773e+03	1976	9	10	0
	103	95	128.750000	28.750000	9.670373e+04	3.308694e+01	-7.923773e+03	1976	9	10	6
	104	96	130.000000	30.000000	9.682791e+04	3.275481e+01	-5.923217e+03	1976	9	10	12
	103	96	128.750000	30.000000	9.702548e+04	2.961866e+01	-9.404577e+03	1976	9	10	18
	103	96	128.750000	30.000000	9.737680e+04	2.893446e+01	-9.404577e+03	1976	9	11	0
	103	96	128.750000	30.000000	9.730733e+04	2.671464e+01	-9.404577e+03	1976	9	11	6
	103	96	128.750000	30.000000	9.762127e+04	2.650874e+01	-9.404577e+03	1976	9	11	12
	103	96	128.750000	30.000000	9.758338e+04	2.615133e+01	-9.404577e+03	1976	9	11	18
	103	96	128.750000	30.000000	9.779641e+04	2.664872e+01	-9.404577e+03	1976	9	12	0
	103	97	128.750000	31.250000	9.787691e+04	2.567291e+01	-6.864655e+03	1976	9	12	6
	103	97	128.750000	31.250000	9.802495e+04	2.221329e+01	-6.864655e+03	1976	9	12	12
start	11	1976	9	22	6
	122	93	152.500000	26.250000	9.871780e+04	2.105642e+01	-4.818988e+04	1976	9	22	6
	123	94	153.750000	27.500000	9.856384e+04	2.256826e+01	-5.895758e+04	1976	9	22	18
	124	95	155.000000	28.750000	9.864724e+04	2.406778e+01	-5.935965e+04	1976	9	23	0
	124	96	155.000000	30.000000	9.860232e+04	2.361840e+01	-5.576061e+04	1976	9	23	6
	125	97	156.250000	31.250000	9.854431e+04	2.435998e+01	-4.462026e+04	1976	9	23	12
	126	98	157.500000	32.500000	9.839802e+04	2.456311e+01	-2.976318e+04	1976	9	23	18
	127	99	158.750000	33.750000	9.859395e+04	2.708264e+01	-3.204813e+04	1976	9	24	0
	130	101	162.500000	36.250000	9.833118e+04	2.881919e+01	-4.736612e+04	1976	9	24	6
	132	103	165.000000	38.750000	9.801370e+04	2.815175e+01	-5.204389e+04	1976	9	24	12
	136	106	170.000000	42.500000	9.797856e+04	2.929403e+01	-4.348269e+04	1976	9	24	18
	140	108	175.000000	45.000000	9.792392e+04	2.763894e+01	-5.593713e+04	1976	9	25	0
start	10	1976	9	27	0
	172	85	215.000000	16.250000	9.860564e+04	2.374638e+01	-5.388754e+04	1976	9	27	0
	172	85	215.000000	16.250000	9.893574e+04	2.537766e+01	-5.388754e+04	1976	9	27	6
	172	86	215.000000	17.500000	9.884553e+04	2.313981e+01	-5.465246e+04	1976	9	27	12
	171	86	213.750000	17.500000	9.888642e+04	2.542150e+01	-5.524086e+04	1976	9	27	18
	171	87	213.750000	18.750000	9.909412e+04	2.246183e+01	-5.259306e+04	1976	9	28	0
	170	87	212.500000	18.750000	9.904468e+04	2.329680e+01	-5.862415e+04	1976	9	28	6
	169	88	211.250000	20.000000	9.938874e+04	2.295043e+01	-5.333837e+04	1976	9	28	12
	168	88	210.000000	20.000000	9.963704e+04	2.237737e+01	-5.233809e+04	1976	9	28	18
	168	88	210.000000	20.000000	9.930059e+04	2.147242e+01	-5.233809e+04	1976	9	29	0
	167	89	208.750000	21.250000	9.944907e+04	2.248701e+01	-5.349528e+04	1976	9	29	12
start	11	1976	9	30	0
	240	97	300.000000	31.250000	9.953684e+04	2.115125e+01	-5.251461e+04	1976	9	30	0
	240	98	300.000000	32.500000	9.932854e+04	2.368036e+01	-4.960204e+04	1976	9	30	6
	241	99	301.250000	33.750000	9.940515e+04	2.544001e+01	-4.676791e+04	1976	9	30	12
	242	99	302.500000	33.750000	9.890911e+04	2.354443e+01	-4.440451e+04	1976	9	30	18
	243	100	303.750000	35.000000	9.916394e+04	2.590525e+01	-5.371102e+04	1976	10	1	0
	244	100	305.000000	35.000000	9.921145e+04	2.819812e+01	-5.081806e+04	1976	10	1	6
	245	101	306.250000	36.250000	9.960339e+04	2.632689e+01	-5.353450e+04	1976	10	1	12
	246	101	307.500000	36.250000	9.925584e+04	2.560906e+01	-5.115149e+04	1976	10	1	18
	247	101	308.750000	36.250000	9.961995e+04	2.346681e+01	-4.563034e+04	1976	10	2	0
	247	101	308.750000	36.250000	9.964622e+04	2.518445e+01	-4.563034e+04	1976	10	2	6
	248	101	310.000000	36.250000	9.982153e+04	2.264864e+01	-4.910190e+04	1976	10	2	12
start	14	1976	11	2	18
	105	84	131.250000	15.000000	9.817964e+04	2.629480e+01	-5.826131e+04	1976	11	2	18
	103	84	128.750000	15.000000	9.793835e+04	2.783760e+01	-5.486821e+04	1976	11	3	0
	103	85	128.750000	16.250000	9.742693e+04	3.218192e+01	-5.669224e+04	1976	11	3	6
	102	85	127.500000	16.250000	9.718674e+04	3.145674e+01	-4.936668e+04	1976	11	3	12
	101	86	126.250000	17.500000	9.648603e+04	3.360491e+01	-4.658159e+04	1976	11	4	0
	101	87	126.250000	18.750000	9.635967e+04	3.605597e+01	-5.550564e+04	1976	11	4	12
	102	88	127.500000	20.000000	9.581055e+04	3.765170e+01	-5.166143e+04	1976	11	4	18
	102	88	127.500000	20.000000	9.655286e+04	3.734110e+01	-5.166143e+04	1976	11	5	0
	102	89	127.500000	21.250000	9.595752e+04	3.681881e+01	-3.955022e+04	1976	11	5	6
	103	90	128.750000	22.500000	9.679134e+04	3.319850e+01	-3.668668e+04	1976	11	5	12
	103	91	128.750000	23.750000	9.719861e+04	3.408834e+01	-5.602539e+04	1976	11	5	18
	104	92	130.000000	25.000000	9.788930e+04	3.264932e+01	-4.511059e+04	1976	11	6	0
	105	93	131.250000	26.250000	9.828511e+04	2.895408e+01	-3.107727e+04	1976	11	6	6
	107	94	133.750000	27.500000	9.847102e+04	2.535848e+01	-4.648352e+04	1976	11	6	12
start	17	1977	2	22	6
	57	60	71.250000	-15.000000	9.900738e+04	2.519931e+01	-4.346307e+04	1977	2	22	6
	57	60	71.250000	-15.000000	9.876745e+04	2.282300e+01	-4.346307e+04	1977	2	22	12
	57	60	71.250000	-15.000000	9.884150e+04	2.438605e+01	-4.346307e+04	1977	2	22	18
	56	59	70.000000	-16.250000	9.852034e+04	2.626156e+01	-4.072702e+04	1977	2	23	0
	56	59	70.000000	-16.250000	9.864785e+04	2.463366e+01	-4.072702e+04	1977	2	23	6
	55	59	68.750000	-16.250000	9.846489e+04	2.855633e+01	-3.387217e+04	1977	2	23	12
	54	59	67.500000	-16.250000	9.854988e+04	2.905931e+01	-2.982202e+04	1977	2	23	18
	54	58	67.500000	-17.500000	9.801316e+04	2.662233e+01	-3.084191e+04	1977	2	24	0
	54	57	67.500000	-18.750000	9.804223e+04	2.799001e+01	-3.097921e+04	1977	2	24	6
	53	55	66.250000	-21.250000	9.815772e+04	3.164817e+01	-3.244040e+04	1977	2	24	12
	52	54	65.000000	-22.500000	9.834555e+04	3.268915e+01	-3.885395e+04	1977	2	24	18
	51	53	63.750000	-23.750000	9.807209e+04	3.097840e+01	-3.529413e+04	1977	2	25	0
	51	52	63.750000	-25.000000	9.802122e+04	3.161424e+01	-4.069760e+04	1977	2	25	6
	50	52	62.500000	-25.000000	9.829483e+04	2.898894e+01	-4.962165e+04	1977	2	25	12
	49	51	61.250000	-26.250000	9.845769e+04	2.698288e+01	-4.016804e+04	1977	2	25	18
	48	50	60.000000	-27.500000	9.870781e+04	2.593086e+01	-4.389457e+04	1977	2	26	0
	48	50	60.000000	-27.500000	9.896905e+04	2.549243e+01	-4.389457e+04	1977	2	26	6
start	19	1977	11	9	6
	112	83	140.000000	13.750000	9.826816e+04	2.244562e+01	-4.849388e+04	1977	11	9	6
	111	84	138.750000	15.000000	9.807158e+04	2.698965e+01	-4.841543e+04	1977	11	9	12
	109	84	136.250000	15.000000	9.744483e+04	2.953497e+01	-5.086709e+04	1977	11	9	18
	108	84	135.000000	15.000000	9.751341e+04	2.877468e+01	-4.445354e+04	1977	11	10	0
	107	84	133.750000	15.000000	9.677627e+04	3.054107e+01	-4.609125e+04	1977	11	10	6
	107	84	133.750000	15.000000	9.721057e+04	3.045286e+01	-4.609125e+04	1977	11	10	12
	106	84	132.500000	15.000000	9.648626e+04	3.443483e+01	-4.473794e+04	1977	11	10	18
	105	84	131.250000	15.000000	9.672048e+04	3.259172e+01	-5.826131e+04	1977	11	11	0
	105	84	131.250000	15.000000	9.654033e+04	3.199607e+01	-5.826131e+04	1977	11	11	6
	104	84	130.000000	15.000000	9.665391e+04	3.527037e+01	-5.506434e+04	1977	11	11	12
	104	84	130.000000	15.000000	9.676682e+04	3.014080e+01	-5.506434e+04	1977	11	11	18
	103	84	128.750000	15.000000	9.671052e+04	3.272084e+01	-5.486821e+04	1977	11	12	0
	103	84	128.750000	15.000000	9.702505e+04	3.149469e+01	-5.486821e+04	1977	11	12	6
	102	84	127.500000	15.000000	9.691167e+04	3.028138e+01	-5.319127e+04	1977	11	12	12
	101	84	126.250000	15.000000	9.693706e+04	3.080853e+01	-5.375025e+04	1977	11	12	18
	100	84	125.000000	15.000000	9.720684e+04	3.008405e+01	-5.909487e+04	1977	11	13	0
	99	84	123.750000	15.000000	9.722978e+04	3.214310e+01	-6.227223e+03	1977	11	13	6
	99	84	123.750000	15.000000	9.811084e+04	2.587157e+01	-6.227223e+03	1977	11	13	12
	98	84	122.500000	15.000000	9.872041e+04	2.307650e+01	-1.087558e+04	1977	11	13	18
start	10	1977	11	21	12
	64	63	80.000000	-11.250000	9.851675e+04	2.568648e+01	-5.105342e+04	1977	11	21	12
	64	62	80.000000	-12.500000	9.828091e+04	2.733934e+01	-4.946474e+04	1977	11	21	18
	64	62	80.000000	-12.500000	9.773327e+04	2.802502e+01	-4.946474e+04	1977	11	22	0
	64	61	80.000000	-13.750000	9.805230e+04	2.800631e+01	-4.840562e+04	1977	11	22	6
	64	61	80.000000	-13.750000	9.766089e+04	2.905568e+01	-4.840562e+04	1977	11	22	12
	64	61	80.000000	-13.750000	9.817417e+04	2.658266e+01	-4.840562e+04	1977	11	22	18
	64	60	80.000000	-15.000000	9.806655e+04	2.674907e+01	-5.004334e+04	1977	11	23	0
	64	60	80.000000	-15.000000	9.824663e+04	2.613504e+01	-5.004334e+04	1977	11	23	6
	64	60	80.000000	-15.000000	9.833325e+04	2.598936e+01	-5.004334e+04	1977	11	23	12
	64	59	80.000000	-16.250000	9.862927e+04	2.536399e+01	-4.925880e+04	1977	11	23	18
start	11	1977	12	3	12
	104	83	130.000000	13.750000	9.872476e+04	2.230706e+01	-5.709432e+04	1977	12	3	12
	103	83	128.750000	13.750000	9.820066e+04	2.525889e+01	-5.389735e+04	1977	12	4	0
	103	84	128.750000	15.000000	9.767051e+04	2.818577e+01	-5.486821e+04	1977	12	4	6
	103	85	128.750000	16.250000	9.790718e+04	2.815482e+01	-5.669224e+04	1977	12	4	12
	103	86	128.750000	17.500000	9.767061e+04	2.911852e+01	-5.144569e+04	1977	12	4	18
	104	87	130.000000	18.750000	9.780947e+04	2.675280e+01	-5.560371e+04	1977	12	5	0
	105	88	131.250000	20.000000	9.748110e+04	2.731450e+01	-5.822208e+04	1977	12	5	6
	106	89	132.500000	21.250000	9.793821e+04	2.955738e+01	-5.731987e+04	1977	12	5	12
	107	90	133.750000	22.500000	9.823230e+04	2.801058e+01	-5.449555e+04	1977	12	5	18
	109	90	136.250000	22.500000	9.880012e+04	2.544444e+01	-5.133781e+04	1977	12	6	0
	110	90	137.500000	22.500000	9.885517e+04	2.344453e+01	-4.242357e+04	1977	12	6	6
start	13	1978	1	15	18
	75	58	93.750000	-17.500000	9.842141e+04	2.717759e+01	-4.620893e+04	1978	1	15	18
	74	58	92.500000	-17.500000	9.826038e+04	2.616809e+01	-5.325992e+04	1978	1	16	0
	73	58	91.250000	-17.500000	9.827168e+04	2.646200e+01	-5.466227e+04	1978	1	16	6
	73	58	91.250000	-17.500000	9.832100e+04	2.578629e+01	-5.466227e+04	1978	1	16	12
	72	57	90.000000	-18.750000	9.846404e+04	2.637448e+01	-4.815065e+04	1978	1	16	18
	71	57	88.750000	-18.750000	9.832470e+04	2.485948e+01	-4.481639e+04	1978	1	17	0
	71	57	88.750000	-18.750000	9.824753e+04	2.626896e+01	-4.481639e+04	1978	1	17	6
	70	56	87.500000	-20.000000	9.821853e+04	2.453152e+01	-1.888761e+04	1978	1	17	12
	70	55	87.500000	-21.250000	9.854070e+04	2.502305e+01	-2.447740e+04	1978	1	17	18
	71	54	88.750000	-22.500000	9.854702e+04	2.364585e+01	-4.475755e+04	1978	1	18	6
	71	54	88.750000	-22.500000	9.879353e+04	2.355227e+01	-4.475755e+04	1978	1	18	12
	71	53	88.750000	-23.750000	9.913405e+04	2.178847e+01	-4.519885e+04	1978	1	18	18
	71	53	88.750000	-23.750000	9.930857e+04	2.015800e+01	-4.519885e+04	1978	1	19	0
start	10	1978	1	20	6
	48	59	60.000000	-16.250000	9.838557e+04	2.343373e+01	-1.245445e+03	1978	1	20	6
	48	58	60.000000	-17.500000	9.790132e+04	2.447890e+01	-1.407254e+04	1978	1	20	12
	48	57	60.000000	-18.750000	9.800545e+04	2.591107e+01	-2.967492e+04	1978	1	20	18
	48	56	60.000000	-20.000000	9.783369e+04	2.554922e+01	-3.959925e+04	1978	1	21	0
	47	55	58.750000	-21.250000	9.824670e+04	2.937206e+01	-4.424761e+04	1978	1	21	6
	46	55	57.500000	-21.250000	9.829773e+04	2.678891e+01	-4.767012e+04	1978	1	21	12
	46	53	57.500000	-23.750000	9.851704e+04	2.653325e+01	-5.149472e+04	1978	1	21	18
	46	52	57.500000	-25.000000	9.832509e+04	2.449478e+01	-4.943532e+04	1978	1	22	0
	45	51	56.250000	-26.250000	9.886497e+04	2.186813e+01	-5.115149e+04	1978	1	22	6
	45	50	56.250000	-27.500000	9.895154e+04	2.002722e+01	-4.980798e+04	1978	1	22	18
start	11	1978	2	23	12
	158	58	197.500000	-17.500000	9.808938e+04	2.495690e+01	-4.802316e+04	1978	2	23	12
	158	58	197.500000	-17.500000	9.803484e+04	2.699714e+01	-4.802316e+04	1978	2	23	18
	158	58	197.500000	-17.500000	9.780632e+04	2.514968e+01	-4.802316e+04	1978	2	24	0
	158	58	197.500000	-17.500000	9.784116e+04	2.575964e+01	-4.802316e+04	1978	2	24	6
	158	58	197.500000	-17.500000	9.776773e+04	2.528646e+01	-4.802316e+04	1978	2	24	12
	158	58	197.500000	-17.500000	9.784087e+04	2.603282e+01	-4.802316e+04	1978	2	24	18
	160	57	200.000000	-18.750000	9.761660e+04	2.689435e+01	-4.034456e+04	1978	2	25	18
	161	56	201.250000	-20.000000	9.779033e+04	2.619197e+01	-4.389457e+04	1978	2	26	0
	161	55	201.250000	-21.250000	9.781358e+04	2.577425e+01	-4.626777e+04	1978	2	26	6
	162	54	202.500000	-22.500000	9.791655e+04	2.441804e+01	-4.767012e+04	1978	2	26	12
	162	53	202.500000	-23.750000	9.802314e+04	2.553501e+01	-4.814084e+04	1978	2	26	18
start	16	1978	3	31	18
	87	56	108.750000	-20.000000	9.822688e+04	2.385492e+01	-4.834679e+04	1978	3	31	18
	87	56	108.750000	-20.000000	9.810405e+04	2.662202e+01	-4.834679e+04	1978	4	1	0
	86	56	107.500000	-20.000000	9.776003e+04	2.611752e+01	-5.295591e+04	1978	4	1	6
	85	56	106.250000	-20.000000	9.798472e+04	2.609548e+01	-5.432884e+04	1978	4	1	12
	85	55	106.250000	-21.250000	9.742773e+04	2.863699e+01	-5.082787e+04	1978	4	1	18
	85	55	106.250000	-21.250000	9.731819e+04	2.818875e+01	-5.082787e+04	1978	4	2	0
	85	55	106.250000	-21.250000	9.764853e+04	2.883830e+01	-5.082787e+04	1978	4	2	6
	85	54	106.250000	-22.500000	9.761738e+04	2.999254e+01	-4.456142e+04	1978	4	2	12
	85	54	106.250000	-22.500000	9.733813e+04	2.705472e+01	-4.456142e+04	1978	4	2	18
	85	53	106.250000	-23.750000	9.750212e+04	2.842543e+01	-5.407387e+04	1978	4	3	0
	85	52	106.250000	-25.000000	9.761541e+04	2.676206e+01	-4.566957e+04	1978	4	3	6
	86	51	107.500000	-26.250000	9.743809e+04	2.863578e+01	-5.497608e+04	1978	4	3	12
	87	50	108.750000	-27.500000	9.769592e+04	3.003849e+01	-5.264210e+04	1978	4	3	18
	88	48	110.000000	-30.000000	9.759536e+04	2.735540e+01	-5.383851e+04	1978	4	4	0
	89	46	111.250000	-32.500000	9.754138e+04	2.860112e+01	-4.875866e+04	1978	4	4	6
	91	45	113.750000	-33.750000	9.760612e+04	3.219815e+01	-2.117256e+04	1978	4	4	12
start	13	1978	6	20	12
	196	82	245.000000	12.500000	9.876580e+04	2.234024e+01	-4.121735e+04	1978	6	20	12
	195	82	243.750000	12.500000	9.852298e+04	2.508097e+01	-3.999152e+04	1978	6	20	18
	194	82	242.500000	12.500000	9.831929e+04	2.643636e+01	-3.992287e+04	1978	6	21	0
	194	83	242.500000	13.750000	9.797639e+04	2.875635e+01	-4.121735e+04	1978	6	21	6
	193	83	241.250000	13.750000	9.792388e+04	2.988959e+01	-3.990326e+04	1978	6	21	12
	193	83	241.250000	13.750000	9.766126e+04	2.941731e+01	-3.990326e+04	1978	6	21	18
	192	83	240.000000	13.750000	9.762866e+04	2.971418e+01	-4.329636e+04	1978	6	22	0
	192	84	240.000000	15.000000	9.756091e+04	3.192227e+01	-4.053088e+04	1978	6	22	6
	191	84	238.750000	15.000000	9.773159e+04	3.120443e+01	-4.173710e+04	1978	6	22	12
	191	85	238.750000	16.250000	9.804353e+04	2.936988e+01	-4.103102e+04	1978	6	22	18
	190	85	237.500000	16.250000	9.800254e+04	3.024349e+01	-4.231570e+04	1978	6	23	0
	190	85	237.500000	16.250000	9.837502e+04	2.792529e+01	-4.231570e+04	1978	6	23	6
	190	86	237.500000	17.500000	9.808970e+04	2.830859e+01	-3.960906e+04	1978	6	23	12
start	38	1978	7	11	18
	197	84	246.250000	15.000000	9.902962e+04	2.174158e+01	-3.835381e+04	1978	7	11	18
	197	84	246.250000	15.000000	9.866653e+04	2.395268e+01	-3.835381e+04	1978	7	12	0
	196	84	245.000000	15.000000	9.840442e+04	2.563197e+01	-3.921679e+04	1978	7	12	6
	196	84	245.000000	15.000000	9.775000e+04	2.797379e+01	-3.921679e+04	1978	7	12	12
	196	84	245.000000	15.000000	9.820981e+04	2.881635e+01	-3.921679e+04	1978	7	12	18
	195	84	243.750000	15.000000	9.761335e+04	2.826469e+01	-3.917757e+04	1978	7	13	0
	195	84	243.750000	15.000000	9.782842e+04	2.948615e+01	-3.917757e+04	1978	7	13	6
	194	84	242.500000	15.000000	9.755727e+04	3.056253e+01	-3.940312e+04	1978	7	13	12
	194	84	242.500000	15.000000	9.807715e+04	2.815011e+01	-3.940312e+04	1978	7	13	18
	192	84	240.000000	15.000000	9.795393e+04	3.140231e+01	-4.053088e+04	1978	7	14	0
	192	84	240.000000	15.000000	9.825300e+04	2.928718e+01	-4.053088e+04	1978	7	14	6
	191	84	238.750000	15.000000	9.785501e+04	2.765762e+01	-4.173710e+04	1978	7	14	12
	190	84	237.500000	15.000000	9.795298e+04	3.060698e+01	-4.361998e+04	1978	7	14	18
	189	84	236.250000	15.000000	9.755122e+04	2.974394e+01	-4.134484e+04	1978	7	15	0
	188	85	235.000000	16.250000	9.818757e+04	3.094411e+01	-4.343365e+04	1978	7	15	6
	186	84	232.500000	15.000000	9.805234e+04	3.345541e+01	-4.631681e+04	1978	7	15	12
	186	85	232.500000	16.250000	9.832161e+04	2.925872e+01	-4.576764e+04	1978	7	15	18
	184	85	230.000000	16.250000	9.752280e+04	3.254400e+01	-4.775839e+04	1978	7	16	0
	183	85	228.750000	16.250000	9.775122e+04	3.234217e+01	-4.913132e+04	1978	7	16	6
	182	85	227.500000	16.250000	9.753642e+04	3.197404e+01	-5.096516e+04	1978	7	16	12
	181	85	226.250000	16.250000	9.798327e+04	3.013652e+01	-4.861156e+04	1978	7	16	18
	179	85	223.750000	16.250000	9.769851e+04	3.431009e+01	-4.746419e+04	1978	7	17	0
	178	85	222.500000	16.250000	9.774727e+04	3.313106e+01	-5.636862e+04	1978	7	17	6
	177	85	221.250000	16.250000	9.768518e+04	3.029622e+01	-5.393657e+04	1978	7	17	12
	176	85	220.000000	16.250000	9.837598e+04	2.745436e+01	-5.093574e+04	1978	7	17	18
	174	85	217.500000	16.250000	9.841689e+04	2.880965e+01	-5.304417e+04	1978	7	18	0
	173	85	216.250000	16.250000	9.845009e+04	3.094501e+01	-5.323050e+04	1978	7	18	6
	172	85	215.000000	16.250000	9.850933e+04	2.795316e+01	-5.388754e+04	1978	7	18	12
	171	85	213.750000	16.250000	9.885100e+04	2.716834e+01	-5.206350e+04	1978	7	18	18
	169	85	211.250000	16.250000	9.900816e+04	2.591518e+01	-5.122994e+04	1978	7	19	6
	168	85	210.000000	16.250000	9.887031e+04	2.708429e+01	-5.222041e+04	1978	7	19	12
	165	85	206.250000	16.250000	9.911697e+04	2.773398e+01	-5.073961e+04	1978	7	20	6
	164	85	205.000000	16.250000	9.929961e+04	2.602694e+01	-5.002372e+04	1978	7	20	18
	163	85	203.750000	16.250000	9.904831e+04	2.432740e+01	-4.256086e+04	1978	7	21	0
	161	86	201.250000	17.500000	9.915359e+04	2.600221e+01	-4.952358e+04	1978	7	21	12
	161	86	201.250000	17.500000	9.903240e+04	2.376617e+01	-4.952358e+04	1978	7	21	18
	159	87	198.750000	18.750000	9.912378e+04	2.328159e+01	-5.250480e+04	1978	7	22	12
	156	89	195.000000	21.250000	9.917552e+04	2.498036e+01	-3.058694e+04	1978	7	23	12
start	11	1978	7	16	6
	198	84	247.500000	15.000000	9.927934e+04	2.034789e+01	-3.775560e+04	1978	7	16	6
	197	84	246.250000	15.000000	9.878640e+04	2.523591e+01	-3.835381e+04	1978	7	16	18
	197	85	246.250000	16.250000	9.835163e+04	2.617285e+01	-3.571582e+04	1978	7	17	0
	196	85	245.000000	16.250000	9.873477e+04	2.772461e+01	-3.798116e+04	1978	7	17	6
	195	85	243.750000	16.250000	9.787268e+04	2.836702e+01	-3.836361e+04	1978	7	17	12
	195	85	243.750000	16.250000	9.829473e+04	2.832244e+01	-3.836361e+04	1978	7	17	18
	194	86	242.500000	17.500000	9.792314e+04	2.945394e+01	-3.781444e+04	1978	7	18	0
	193	87	241.250000	18.750000	9.823134e+04	2.831937e+01	-3.931486e+04	1978	7	18	6
	192	87	240.000000	18.750000	9.817495e+04	2.593693e+01	-3.906970e+04	1978	7	18	12
	191	87	238.750000	18.750000	9.845100e+04	2.555514e+01	-3.984442e+04	1978	7	18	18
	190	88	237.500000	20.000000	9.871834e+04	2.452093e+01	-4.305120e+04	1978	7	19	0
start	13	1978	7	25	6
	199	85	248.750000	16.250000	9.873845e+04	2.282042e+01	-3.042023e+04	1978	7	25	6
	198	85	247.500000	16.250000	9.839209e+04	2.733727e+01	-3.206775e+04	1978	7	25	12
	197	85	246.250000	16.250000	9.840649e+04	2.921253e+01	-3.571582e+04	1978	7	25	18
	197	87	246.250000	18.750000	9.833008e+04	3.028925e+01	-3.619634e+04	1978	7	26	0
	196	87	245.000000	18.750000	9.818562e+04	2.840713e+01	-3.665726e+04	1978	7	26	6
	195	87	243.750000	18.750000	9.790186e+04	2.926487e+01	-4.069760e+04	1978	7	26	12
	194	88	242.500000	20.000000	9.836380e+04	3.019449e+01	-3.927563e+04	1978	7	26	18
	194	88	242.500000	20.000000	9.834006e+04	2.912257e+01	-3.927563e+04	1978	7	27	0
	193	88	241.250000	20.000000	9.890745e+04	2.802078e+01	-3.819690e+04	1978	7	27	6
	192	88	240.000000	20.000000	9.843891e+04	2.606498e+01	-4.002094e+04	1978	7	27	12
	192	88	240.000000	20.000000	9.895439e+04	2.404387e+01	-4.002094e+04	1978	7	27	18
	191	89	238.750000	21.250000	9.892725e+04	2.433525e+01	-4.258047e+04	1978	7	28	0
	190	90	237.500000	22.500000	9.941377e+04	2.271021e+01	-4.045243e+04	1978	7	28	6
start	11	1978	7	26	18
	106	90	132.500000	22.500000	9.725442e+04	2.377728e+01	-5.560371e+04	1978	7	26	18
	106	90	132.500000	22.500000	9.752444e+04	2.478690e+01	-5.560371e+04	1978	7	27	0
	106	91	132.500000	23.750000	9.725120e+04	2.594683e+01	-3.348971e+04	1978	7	27	6
	105	92	131.250000	25.000000	9.729516e+04	2.615007e+01	-2.738017e+04	1978	7	27	12
	104	93	130.000000	26.250000	9.695850e+04	2.816216e+01	-5.542719e+04	1978	7	28	0
	103	94	128.750000	27.500000	9.683564e+04	2.876374e+01	-1.043428e+04	1978	7	28	6
	102	94	127.500000	27.500000	9.697205e+04	2.420827e+01	-6.854848e+03	1978	7	28	12
	101	94	126.250000	27.500000	9.717654e+04	2.543843e+01	-1.104229e+04	1978	7	28	18
	100	96	125.000000	30.000000	9.734639e+04	2.578827e+01	-6.080123e+02	1978	7	29	18
	100	96	125.000000	30.000000	9.729692e+04	2.652253e+01	-6.080123e+02	1978	7	30	0
	100	96	125.000000	30.000000	9.713272e+04	2.616439e+01	-6.080123e+02	1978	7	30	6
start	16	1978	9	1	12
	231	97	288.750000	31.250000	1.004010e+05	2.327278e+01	-5.312262e+04	1978	9	1	12
	230	97	287.500000	31.250000	9.987192e+04	2.123816e+01	-5.293630e+04	1978	9	1	18
	230	97	287.500000	31.250000	9.975305e+04	2.099147e+01	-5.293630e+04	1978	9	2	0
	229	97	286.250000	31.250000	9.970369e+04	2.249973e+01	-5.011198e+04	1978	9	2	6
	230	97	287.500000	31.250000	9.978689e+04	2.319495e+01	-5.293630e+04	1978	9	2	12
	229	98	286.250000	32.500000	9.990083e+04	2.511960e+01	-4.952358e+04	1978	9	2	18
	230	98	287.500000	32.500000	9.951829e+04	2.235831e+01	-5.243616e+04	1978	9	3	0
	230	98	287.500000	32.500000	9.932991e+04	2.736380e+01	-5.243616e+04	1978	9	3	6
	231	99	288.750000	33.750000	9.894309e+04	2.769160e+01	-5.235770e+04	1978	9	3	12
	232	100	290.000000	35.000000	9.904036e+04	3.075702e+01	-5.001391e+04	1978	9	3	18
	234	101	292.500000	36.250000	9.839692e+04	2.882443e+01	-4.850369e+04	1978	9	4	0
	235	102	293.750000	37.500000	9.771941e+04	3.273157e+01	-4.879789e+04	1978	9	4	6
	237	104	296.250000	40.000000	9.702122e+04	3.463002e+01	-4.781723e+04	1978	9	4	12
	240	106	300.000000	42.500000	9.703872e+04	3.790854e+01	-3.873627e+04	1978	9	4	18
	244	107	305.000000	43.750000	9.701877e+04	3.104252e+01	-3.471554e+04	1978	9	5	0
	247	109	308.750000	46.250000	9.695256e+04	2.978144e+01	-8.825985e+02	1978	9	5	6
start	16	1978	10	18	12
	124	89	155.000000	21.250000	9.917964e+04	2.051082e+01	-4.089373e+04	1978	10	18	12
	124	89	155.000000	21.250000	9.875345e+04	2.340371e+01	-4.089373e+04	1978	10	18	18
	124	90	155.000000	22.500000	9.860342e+04	2.521628e+01	-5.361296e+04	1978	10	19	0
	124	90	155.000000	22.500000	9.843784e+04	2.545343e+01	-5.361296e+04	1978	10	19	6
	124	90	155.000000	22.500000	9.859541e+04	2.737442e+01	-5.361296e+04	1978	10	19	12
	124	91	155.000000	23.750000	9.828362e+04	2.690829e+01	-5.437788e+04	1978	10	19	18
	124	91	155.000000	23.750000	9.844627e+04	2.683412e+01	-5.437788e+04	1978	10	20	0
	123	93	153.750000	26.250000	9.816152e+04	2.782501e+01	-5.891835e+04	1978	10	20	18
	123	94	153.750000	27.500000	9.866218e+04	2.673391e+01	-5.895758e+04	1978	10	21	0
	123	95	153.750000	28.750000	9.840364e+04	2.748445e+01	-5.896739e+04	1978	10	21	6
	124	95	155.000000	28.750000	9.852552e+04	2.678000e+01	-5.935965e+04	1978	10	21	12
	125	96	156.250000	30.000000	9.864306e+04	2.894917e+01	-5.703548e+04	1978	10	21	18
	128	98	160.000000	32.500000	9.818858e+04	3.322326e+01	-4.542440e+04	1978	10	22	0
	131	100	163.750000	35.000000	9.797512e+04	3.238007e+01	-5.806518e+04	1978	10	22	6
	135	102	168.750000	37.500000	9.814588e+04	2.941243e+01	-5.126917e+04	1978	10	22	12
	139	105	173.750000	41.250000	9.773272e+04	3.746280e+01	-5.171046e+04	1978	10	22	18
start	19	1978	10	21	12
	124	81	155.000000	11.250000	9.871302e+04	2.550781e+01	-5.695702e+04	1978	10	21	12
	124	81	155.000000	11.250000	9.829619e+04	2.806071e+01	-5.695702e+04	1978	10	21	18
	123	81	153.750000	11.250000	9.846670e+04	2.627490e+01	-5.704528e+04	1978	10	22	0
	122	81	152.500000	11.250000	9.807200e+04	2.980496e+01	-5.758465e+04	1978	10	22	6
	121	81	151.250000	11.250000	9.840525e+04	3.161126e+01	-5.779059e+04	1978	10	22	12
	120	81	150.000000	11.250000	9.749209e+04	3.107191e+01	-5.764349e+04	1978	10	22	18
	119	81	148.750000	11.250000	9.752346e+04	3.446561e+01	-5.672166e+04	1978	10	23	0
	115	82	143.750000	12.500000	9.755818e+04	3.869965e+01	-3.690243e+04	1978	10	23	18
	113	81	141.250000	11.250000	9.770530e+04	3.642104e+01	-6.589088e+04	1978	10	24	0
	112	82	140.000000	12.500000	9.721606e+04	3.668473e+01	-4.109967e+04	1978	10	24	6
	110	82	137.500000	12.500000	9.735330e+04	3.998618e+01	-5.030811e+04	1978	10	24	12
	108	82	135.000000	12.500000	9.730591e+04	3.314961e+01	-3.666706e+04	1978	10	24	18
	107	82	133.750000	12.500000	9.754856e+04	3.517539e+01	-5.199486e+04	1978	10	25	0
	105	82	131.250000	12.500000	9.653227e+04	3.500063e+01	-5.637843e+04	1978	10	25	6
	103	83	128.750000	13.750000	9.657845e+04	3.606189e+01	-5.389735e+04	1978	10	25	12
	102	83	127.500000	13.750000	9.693291e+04	3.523341e+01	-5.233809e+04	1978	10	25	18
	100	83	125.000000	13.750000	9.711731e+04	3.742950e+01	-3.904027e+04	1978	10	26	0
	99	84	123.750000	15.000000	9.710735e+04	3.157915e+01	-6.227223e+03	1978	10	26	6
	98	84	122.500000	15.000000	9.757141e+04	3.027688e+01	-1.087558e+04	1978	10	26	12
start	13	1978	11	20	18
	107	84	133.750000	15.000000	9.834284e+04	2.111494e+01	-4.609125e+04	1978	11	20	18
	107	85	133.750000	16.250000	9.819236e+04	2.340162e+01	-5.274016e+04	1978	11	21	0
	106	85	132.500000	16.250000	9.742302e+04	2.616352e+01	-5.921255e+04	1978	11	21	6
	105	85	131.250000	16.250000	9.783982e+04	2.971484e+01	-4.934706e+04	1978	11	21	12
	105	86	131.250000	17.500000	9.702595e+04	2.905333e+01	-5.795730e+04	1978	11	21	18
	104	87	130.000000	18.750000	9.722812e+04	3.089639e+01	-5.560371e+04	1978	11	22	0
	103	87	128.750000	18.750000	9.706098e+04	3.154527e+01	-5.059251e+04	1978	11	22	6
	103	88	128.750000	20.000000	9.723755e+04	3.183127e+01	-5.608423e+04	1978	11	22	12
	103	89	128.750000	21.250000	9.769766e+04	2.817212e+01	-5.026889e+04	1978	11	22	18
	103	89	128.750000	21.250000	9.780120e+04	3.216134e+01	-5.026889e+04	1978	11	23	0
	104	90	130.000000	22.500000	9.768528e+04	3.176031e+01	-5.210273e+04	1978	11	23	6
	105	91	131.250000	23.750000	9.825173e+04	2.771037e+01	-4.479678e+04	1978	11	23	12
	106	92	132.500000	25.000000	9.893181e+04	2.690289e+01	-5.064154e+04	1978	11	23	18
start	21	1979	2	7	6
	48	56	60.000000	-20.000000	9.859905e+04	2.574623e+01	-3.959925e+04	1979	2	7	6
	48	56	60.000000	-20.000000	9.796799e+04	2.644050e+01	-3.959925e+04	1979	2	7	12
	48	56	60.000000	-20.000000	9.825803e+04	2.533280e+01	-3.959925e+04	1979	2	7	18
	49	56	61.250000	-20.000000	9.759692e+04	2.753190e+01	-4.119774e+04	1979	2	8	0
	49	56	61.250000	-20.000000	9.745708e+04	2.619405e+01	-4.119774e+04	1979	2	8	6
	50	56	62.500000	-20.000000	9.700473e+04	2.973526e+01	-3.874607e+04	1979	2	8	12
	50	56	62.500000	-20.000000	9.694438e+04	2.969098e+01	-3.874607e+04	1979	2	8	18
	51	56	63.750000	-20.000000	9.673264e+04	3.242910e+01	-3.100863e+04	1979	2	9	0
	51	56	63.750000	-20.000000	9.723125e+04	3.181593e+01	-3.100863e+04	1979	2	9	6
	52	55	65.000000	-21.250000	9.654016e+04	3.335288e+01	-3.246001e+04	1979	2	9	12
	53	54	66.250000	-22.500000	9.673477e+04	3.162643e+01	-3.444095e+04	1979	2	9	18
	55	53	68.750000	-23.750000	9.630825e+04	3.431543e+01	-2.688003e+04	1979	2	10	0
	56	52	70.000000	-25.000000	9.621777e+04	3.536757e+01	-3.893240e+04	1979	2	10	6
	57	51	71.250000	-26.250000	9.649941e+04	3.430384e+01	-2.630144e+04	1979	2	10	12
	58	50	72.500000	-27.500000	9.704288e+04	3.129665e+01	-2.911594e+04	1979	2	10	18
	58	49	72.500000	-28.750000	9.655755e+04	3.484975e+01	-3.611789e+04	1979	2	11	0
	59	48	73.750000	-30.000000	9.654302e+04	3.005493e+01	-3.793212e+04	1979	2	11	6
	59	46	73.750000	-32.500000	9.703752e+04	3.242947e+01	-3.372507e+04	1979	2	11	12
	58	44	72.500000	-35.000000	9.735905e+04	3.512268e+01	-4.291390e+04	1979	2	11	18
	57	44	71.250000	-35.000000	9.720432e+04	2.490548e+01	-4.405147e+04	1979	2	12	0
	58	44	72.500000	-35.000000	9.752261e+04	2.429531e+01	-4.291390e+04	1979	2	12	6
start	21	1979	4	9	12
	56	60	70.000000	-15.000000	9.829658e+04	2.555603e+01	-4.024649e+04	1979	4	9	12
	56	60	70.000000	-15.000000	9.845381e+04	2.554814e+01	-4.024649e+04	1979	4	9	18
	56	59	70.000000	-16.250000	9.809402e+04	2.605869e+01	-4.072702e+04	1979	4	10	0
	57	59	71.250000	-16.250000	9.829937e+04	2.693873e+01	-4.270796e+04	1979	4	10	6
	58	58	72.500000	-17.500000	9.779458e+04	2.558149e+01	-4.169788e+04	1979	4	10	18
	59	58	73.750000	-17.500000	9.775830e+04	2.573839e+01	-4.212937e+04	1979	4	11	0
	59	58	73.750000	-17.500000	9.763767e+04	2.548969e+01	-4.212937e+04	1979	4	11	6
	60	58	75.000000	-17.500000	9.746109e+04	2.770668e+01	-4.812123e+04	1979	4	11	12
	61	57	76.250000	-18.750000	9.768474e+04	2.863280e+01	-5.032773e+04	1979	4	11	18
	61	57	76.250000	-18.750000	9.750955e+04	2.615134e+01	-5.032773e+04	1979	4	12	0
	62	57	77.500000	-18.750000	9.757383e+04	2.674677e+01	-4.533614e+04	1979	4	12	6
	63	57	78.750000	-18.750000	9.768091e+04	2.533049e+01	-4.930784e+04	1979	4	12	12
	63	57	78.750000	-18.750000	9.777509e+04	2.665541e+01	-4.930784e+04	1979	4	12	18
	64	56	80.000000	-20.000000	9.751944e+04	2.613589e+01	-4.749361e+04	1979	4	13	0
	66	55	82.500000	-21.250000	9.778262e+04	2.846558e+01	-4.829775e+04	1979	4	13	6
	67	55	83.750000	-21.250000	9.734384e+04	2.742789e+01	-4.652275e+04	1979	4	13	12
	69	55	86.250000	-21.250000	9.789983e+04	2.797569e+01	-4.079566e+04	1979	4	13	18
	70	54	87.500000	-22.500000	9.770403e+04	2.763197e+01	-2.350654e+04	1979	4	14	0
	71	54	88.750000	-22.500000	9.799399e+04	2.444590e+01	-4.475755e+04	1979	4	14	6
	72	54	90.000000	-22.500000	9.796484e+04	2.323513e+01	-4.742496e+04	1979	4	14	12
	74	54	92.500000	-22.500000	9.830686e+04	2.188037e+01	-4.699347e+04	1979	4	14	18
start	11	1979	8	14	6
	100	91	125.000000	23.750000	9.732320e+04	2.510557e+01	-3.027313e+04	1979	8	14	6
	99	92	123.750000	25.000000	9.709956e+04	2.484790e+01	-2.002518e+04	1979	8	14	18
	99	93	123.750000	26.250000	9.700727e+04	2.518036e+01	-1.343511e+03	1979	8	15	6
	99	94	123.750000	27.500000	9.685838e+04	2.653887e+01	-9.512451e+02	1979	8	15	12
	99	95	123.750000	28.750000	9.689805e+04	2.891039e+01	-7.943386e+02	1979	8	15	18
	99	96	123.750000	30.000000	9.705894e+04	2.821437e+01	-6.766589e+02	1979	8	16	0
	99	96	123.750000	30.000000	9.694876e+04	2.782277e+01	-6.766589e+02	1979	8	16	6
	99	97	123.750000	31.250000	9.689575e+04	2.743654e+01	-2.059397e+02	1979	8	16	12
	99	98	123.750000	32.500000	9.697307e+04	2.591500e+01	-3.824594e+02	1979	8	16	18
	100	99	125.000000	33.750000	9.690564e+04	2.735703e+01	-9.022118e+02	1979	8	17	0
	103	102	128.750000	37.500000	9.778230e+04	2.098614e+01	7.864933e+03	1979	8	17	12
start	19	1979	8	19	12
	108	88	135.000000	20.000000	9.793145e+04	2.642871e+01	-5.653534e+04	1979	8	19	12
	107	88	133.750000	20.000000	9.783909e+04	2.436214e+01	-5.818286e+04	1979	8	19	18
	107	89	133.750000	21.250000	9.741699e+04	2.728029e+01	-5.766310e+04	1979	8	20	0
	107	90	133.750000	22.500000	9.745671e+04	2.868665e+01	-5.449555e+04	1979	8	20	6
	106	90	132.500000	22.500000	9.705417e+04	3.042120e+01	-5.560371e+04	1979	8	20	12
	106	91	132.500000	23.750000	9.730542e+04	2.940246e+01	-3.348971e+04	1979	8	20	18
	105	91	131.250000	23.750000	9.654614e+04	3.347347e+01	-4.479678e+04	1979	8	21	0
	104	91	130.000000	23.750000	9.694475e+04	3.027098e+01	-3.875588e+04	1979	8	21	6
	104	92	130.000000	25.000000	9.702991e+04	3.467158e+01	-4.511059e+04	1979	8	21	12
	103	92	128.750000	25.000000	9.703767e+04	2.926871e+01	-5.352470e+04	1979	8	21	18
	102	91	127.500000	23.750000	9.746126e+04	3.046636e+01	-5.595675e+04	1979	8	22	0
	102	92	127.500000	25.000000	9.721311e+04	2.984976e+01	-3.566679e+04	1979	8	22	6
	101	92	126.250000	25.000000	9.749353e+04	2.860431e+01	-1.010085e+04	1979	8	22	12
	101	92	126.250000	25.000000	9.686419e+04	3.039658e+01	-1.010085e+04	1979	8	22	18
	100	93	125.000000	26.250000	9.738999e+04	2.713995e+01	-1.324878e+04	1979	8	23	0
	100	93	125.000000	26.250000	9.731873e+04	3.050382e+01	-1.324878e+04	1979	8	23	6
	99	94	123.750000	27.500000	9.712197e+04	2.868382e+01	-9.512451e+02	1979	8	23	12
	98	94	122.500000	27.500000	9.776272e+04	2.664894e+01	-9.022118e+02	1979	8	23	18
	98	95	122.500000	28.750000	9.777891e+04	2.601382e+01	-4.903325e+02	1979	8	24	0
start	18	1979	9	10	18
	250	97	312.500000	31.250000	9.947163e+04	2.282696e+01	-4.526750e+04	1979	9	10	18
	250	97	312.500000	31.250000	9.956277e+04	2.282369e+01	-4.526750e+04	1979	9	11	0
	250	97	312.500000	31.250000	9.947766e+04	2.391185e+01	-4.526750e+04	1979	9	11	6
	249	98	311.250000	32.500000	9.967327e+04	2.249729e+01	-4.837620e+04	1979	9	12	0
	249	98	311.250000	32.500000	9.930805e+04	2.198861e+01	-4.837620e+04	1979	9	12	6
	249	98	311.250000	32.500000	9.936170e+04	2.107972e+01	-4.837620e+04	1979	9	12	12
	250	99	312.500000	33.750000	9.925288e+04	2.410185e+01	-4.954320e+04	1979	9	12	18
	250	99	312.500000	33.750000	9.877808e+04	2.349248e+01	-4.954320e+04	1979	9	13	0
	251	100	313.750000	35.000000	9.867869e+04	2.775391e+01	-4.539498e+04	1979	9	13	6
	252	100	315.000000	35.000000	9.864646e+04	2.926550e+01	-4.468890e+04	1979	9	13	12
	253	101	316.250000	36.250000	9.857324e+04	2.621836e+01	-5.058270e+04	1979	9	13	18
	255	102	318.750000	37.500000	9.852019e+04	2.770587e+01	-3.816748e+04	1979	9	14	0
	257	103	321.250000	38.750000	9.813249e+04	2.798401e+01	-5.010218e+04	1979	9	14	6
	258	104	322.500000	40.000000	9.773198e+04	3.148196e+01	-4.485562e+04	1979	9	14	12
	259	106	323.750000	42.500000	9.794570e+04	2.954336e+01	-4.143310e+04	1979	9	14	18
	261	107	326.250000	43.750000	9.833208e+04	2.896674e+01	-3.519607e+04	1979	9	15	0
	262	108	327.500000	45.000000	9.850384e+04	2.677902e+01	-3.327396e+04	1979	9	15	6
	263	109	328.750000	46.250000	9.926797e+04	2.372402e+01	-3.412714e+04	1979	9	15	12
start	18	1979	9	25	18
	104	90	130.000000	22.500000	9.844216e+04	2.048093e+01	-5.210273e+04	1979	9	25	18
	103	91	128.750000	23.750000	9.852346e+04	2.160735e+01	-5.602539e+04	1979	9	26	0
	104	91	130.000000	23.750000	9.769848e+04	2.681771e+01	-3.875588e+04	1979	9	26	18
	104	92	130.000000	25.000000	9.725247e+04	2.854054e+01	-4.511059e+04	1979	9	27	0
	104	92	130.000000	25.000000	9.719382e+04	2.911533e+01	-4.511059e+04	1979	9	27	6
	104	93	130.000000	26.250000	9.714856e+04	3.078075e+01	-5.542719e+04	1979	9	27	12
	104	93	130.000000	26.250000	9.743472e+04	2.950789e+01	-5.542719e+04	1979	9	27	18
	104	94	130.000000	27.500000	9.778791e+04	2.996664e+01	-1.838747e+04	1979	9	28	0
	104	94	130.000000	27.500000	9.736658e+04	2.902354e+01	-1.838747e+04	1979	9	28	6
	104	94	130.000000	27.500000	9.774848e+04	2.838148e+01	-1.838747e+04	1979	9	28	12
	104	94	130.000000	27.500000	9.779062e+04	2.566370e+01	-1.838747e+04	1979	9	28	18
	104	94	130.000000	27.500000	9.816494e+04	2.664636e+01	-1.838747e+04	1979	9	29	0
	104	95	130.000000	28.750000	9.769319e+04	2.655021e+01	-3.667687e+03	1979	9	29	6
	104	95	130.000000	28.750000	9.802600e+04	2.429564e+01	-3.667687e+03	1979	9	29	12
	105	96	131.250000	30.000000	9.802144e+04	2.451069e+01	-1.626923e+04	1979	9	29	18
	105	97	131.250000	31.250000	9.798975e+04	2.460118e+01	-1.147378e+03	1979	9	30	0
	106	98	132.500000	32.500000	9.786362e+04	2.414476e+01	-1.319975e+04	1979	9	30	6
	108	99	135.000000	33.750000	9.812292e+04	2.622517e+01	-9.904717e+02	1979	9	30	12
start	32	1979	10	11	0
	112	83	140.000000	13.750000	9.793894e+04	2.429337e+01	-4.849388e+04	1979	10	11	0
	111	84	138.750000	15.000000	9.706433e+04	2.925869e+01	-4.841543e+04	1979	10	11	12
	111	85	138.750000	16.250000	9.633984e+04	3.119122e+01	-4.465948e+04	1979	10	11	18
	111	85	138.750000	16.250000	9.580061e+04	3.329259e+01	-4.465948e+04	1979	10	12	0
	110	86	137.500000	17.500000	9.556907e+04	3.445668e+01	-4.579705e+04	1979	10	12	6
	110	85	137.500000	16.250000	9.536157e+04	3.525303e+01	-5.427000e+04	1979	10	12	12
	109	86	136.250000	17.500000	9.507124e+04	3.535258e+01	-4.989623e+04	1979	10	12	18
	109	85	136.250000	16.250000	9.492541e+04	3.660751e+01	-4.912151e+04	1979	10	13	0
	108	85	135.000000	16.250000	9.532744e+04	3.485263e+01	-3.576485e+04	1979	10	13	6
	108	85	135.000000	16.250000	9.474382e+04	3.874001e+01	-3.576485e+04	1979	10	13	12
	108	85	135.000000	16.250000	9.534655e+04	3.798333e+01	-3.576485e+04	1979	10	13	18
	107	86	133.750000	17.500000	9.533291e+04	3.496814e+01	-4.340423e+04	1979	10	14	0
	107	86	133.750000	17.500000	9.503852e+04	3.716047e+01	-4.340423e+04	1979	10	14	6
	106	86	132.500000	17.500000	9.478408e+04	3.797368e+01	-5.831034e+04	1979	10	14	12
	105	86	131.250000	17.500000	9.465542e+04	4.013644e+01	-5.795730e+04	1979	10	14	18
	105	86	131.250000	17.500000	9.495364e+04	3.910248e+01	-5.795730e+04	1979	10	15	0
	104	87	130.000000	18.750000	9.460918e+04	3.748012e+01	-5.560371e+04	1979	10	15	6
	104	87	130.000000	18.750000	9.489756e+04	3.709023e+01	-5.560371e+04	1979	10	15	12
	104	87	130.000000	18.750000	9.524624e+04	3.557645e+01	-5.560371e+04	1979	10	15	18
	103	87	128.750000	18.750000	9.564043e+04	3.490249e+01	-5.059251e+04	1979	10	16	0
	103	88	128.750000	20.000000	9.506899e+04	3.750103e+01	-5.608423e+04	1979	10	16	6
	103	88	128.750000	20.000000	9.553194e+04	3.565875e+01	-5.608423e+04	1979	10	16	12
	103	89	128.750000	21.250000	9.561252e+04	3.275777e+01	-5.026889e+04	1979	10	16	18
	102	89	127.500000	21.250000	9.599963e+04	3.253563e+01	-3.955022e+04	1979	10	17	0
	102	90	127.500000	22.500000	9.590588e+04	3.168575e+01	-5.607443e+04	1979	10	17	6
	102	91	127.500000	23.750000	9.641648e+04	3.233020e+01	-5.595675e+04	1979	10	17	12
	102	91	127.500000	23.750000	9.603648e+04	3.095115e+01	-5.595675e+04	1979	10	17	18
	102	92	127.500000	25.000000	9.656482e+04	3.110906e+01	-3.566679e+04	1979	10	18	0
	103	93	128.750000	26.250000	9.647488e+04	3.051044e+01	-2.635047e+04	1979	10	18	6
	104	95	130.000000	28.750000	9.668467e+04	3.174316e+01	-3.667687e+03	1979	10	18	12
	106	96	132.500000	30.000000	9.705117e+04	3.531594e+01	-3.449979e+04	1979	10	18	18
	108	99	135.000000	33.750000	9.710525e+04	3.140504e+01	-9.904717e+02	1979	10	19	0
start	13	1979	11	30	12
	57	61	71.250000	-13.750000	9.865093e+04	2.327119e+01	-4.428683e+04	1979	11	30	12
	57	60	71.250000	-15.000000	9.857991e+04	2.460773e+01	-4.346307e+04	1979	11	30	18
	58	60	72.500000	-15.000000	9.843201e+04	2.713000e+01	-4.629720e+04	1979	12	1	0
	58	59	72.500000	-16.250000	9.874624e+04	2.782210e+01	-5.184776e+04	1979	12	1	6
	57	58	71.250000	-17.500000	9.845312e+04	2.959696e+01	-4.428683e+04	1979	12	1	12
	56	58	70.000000	-17.500000	9.879087e+04	2.661336e+01	-4.018765e+04	1979	12	1	18
	56	58	70.000000	-17.500000	9.872539e+04	2.480916e+01	-4.018765e+04	1979	12	2	0
	55	58	68.750000	-17.500000	9.881758e+04	2.745297e+01	-3.013584e+04	1979	12	2	6
	54	58	67.500000	-17.500000	9.891595e+04	2.572062e+01	-3.084191e+04	1979	12	2	12
	54	57	67.500000	-18.750000	9.901048e+04	2.734571e+01	-3.097921e+04	1979	12	2	18
	54	57	67.500000	-18.750000	9.887945e+04	2.545073e+01	-3.097921e+04	1979	12	3	0
	54	56	67.500000	-20.000000	9.927971e+04	2.482912e+01	-3.121457e+04	1979	12	3	6
	54	56	67.500000	-20.000000	9.915740e+04	2.367793e+01	-3.121457e+04	1979	12	3	12
start	18	1979	12	17	6
	67	63	83.750000	-11.250000	9.912077e+04	2.540949e+01	-4.593435e+04	1979	12	17	6
	66	63	82.500000	-11.250000	9.880486e+04	2.657602e+01	-4.938629e+04	1979	12	17	12
	63	62	78.750000	-12.500000	9.874402e+04	2.425789e+01	-4.956281e+04	1979	12	18	6
	61	62	76.250000	-12.500000	9.824573e+04	2.637980e+01	-5.100439e+04	1979	12	19	0
	60	62	75.000000	-12.500000	9.881280e+04	2.621448e+01	-5.057289e+04	1979	12	19	6
	59	62	73.750000	-12.500000	9.826133e+04	2.816422e+01	-4.832717e+04	1979	12	19	12
	58	61	72.500000	-13.750000	9.863748e+04	2.655608e+01	-5.188698e+04	1979	12	19	18
	57	61	71.250000	-13.750000	9.812048e+04	2.801238e+01	-4.428683e+04	1979	12	20	0
	56	61	70.000000	-13.750000	9.789351e+04	3.244707e+01	-3.826555e+04	1979	12	20	6
	55	61	68.750000	-13.750000	9.794458e+04	2.948914e+01	-3.496071e+04	1979	12	20	12
	53	61	66.250000	-13.750000	9.811245e+04	3.234937e+01	-2.934150e+04	1979	12	20	18
	52	61	65.000000	-13.750000	9.785112e+04	3.098677e+01	-3.314648e+04	1979	12	21	0
	51	60	63.750000	-15.000000	9.806116e+04	3.081505e+01	-3.554911e+04	1979	12	21	6
	50	60	62.500000	-15.000000	9.807925e+04	2.898040e+01	-3.633364e+04	1979	12	21	12
	49	59	61.250000	-16.250000	9.827476e+04	2.995032e+01	-2.659563e+04	1979	12	21	18
	48	59	60.000000	-16.250000	9.863906e+04	2.716748e+01	-1.245445e+03	1979	12	22	0
	48	58	60.000000	-17.500000	9.878012e+04	2.858985e+01	-1.407254e+04	1979	12	22	6
	47	57	58.750000	-18.750000	9.859516e+04	3.055432e+01	-1.567103e+04	1979	12	22	12
start	13	1980	1	21	18
	88	59	110.000000	-16.250000	9.855166e+04	2.186504e+01	-5.530951e+04	1980	1	21	18
	86	58	107.500000	-17.500000	9.802329e+04	2.430206e+01	-5.477995e+04	1980	1	22	6
	85	58	106.250000	-17.500000	9.791923e+04	2.379258e+01	-5.724142e+04	1980	1	22	12
	84	58	105.000000	-17.500000	9.808713e+04	2.545896e+01	-5.650592e+04	1980	1	22	18
	82	58	102.500000	-17.500000	9.786382e+04	2.376921e+01	-5.839860e+04	1980	1	23	0
	81	57	101.250000	-18.750000	9.762344e+04	2.634229e+01	-5.728064e+04	1980	1	23	6
	81	57	101.250000	-18.750000	9.748064e+04	2.962047e+01	-5.728064e+04	1980	1	23	12
	80	56	100.000000	-20.000000	9.732236e+04	3.071099e+01	-5.695702e+04	1980	1	23	18
	79	55	98.750000	-21.250000	9.745842e+04	2.995755e+01	-5.749639e+04	1980	1	24	0
	75	53	93.750000	-23.750000	9.815755e+04	2.799917e+01	-5.082787e+04	1980	1	24	18
	74	52	92.500000	-25.000000	9.863630e+04	2.513277e+01	-4.677772e+04	1980	1	25	0
	74	51	92.500000	-26.250000	9.882480e+04	2.360468e+01	-4.517924e+04	1980	1	25	6
	74	50	92.500000	-27.500000	9.894824e+04	2.285397e+01	-4.128600e+04	1980	1	25	12
start	11	1980	2	23	18
	78	61	97.500000	-13.750000	9.890009e+04	2.238612e+01	-4.455161e+04	1980	2	23	18
	77	60	96.250000	-15.000000	9.857190e+04	2.467265e+01	-5.254403e+04	1980	2	24	0
	76	60	95.000000	-15.000000	9.804507e+04	2.551639e+01	-4.860176e+04	1980	2	24	6
	74	59	92.500000	-16.250000	9.812329e+04	2.932700e+01	-4.833698e+04	1980	2	24	18
	73	59	91.250000	-16.250000	9.817847e+04	2.954207e+01	-5.314224e+04	1980	2	25	0
	72	58	90.000000	-17.500000	9.807752e+04	2.767101e+01	-5.010218e+04	1980	2	25	6
	71	58	88.750000	-17.500000	9.844956e+04	2.538657e+01	-4.259028e+04	1980	2	25	12
	70	57	87.500000	-18.750000	9.865088e+04	2.669213e+01	-2.247684e+04	1980	2	25	18
	69	57	86.250000	-18.750000	9.868435e+04	2.574536e+01	-4.587551e+04	1980	2	26	0
	69	56	86.250000	-20.000000	9.845298e+04	2.714200e+01	-4.328655e+04	1980	2	26	6
	70	54	87.500000	-22.500000	9.906985e+04	2.545692e+01	-2.350654e+04	1980	2	26	18
start	15	1980	5	16	18
	113	82	141.250000	12.500000	9.828648e+04	2.602408e+01	-2.396745e+04	1980	5	16	18
	113	82	141.250000	12.500000	9.840356e+04	2.486312e+01	-2.396745e+04	1980	5	17	0
	113	83	141.250000	13.750000	9.782080e+04	2.849155e+01	-4.613048e+04	1980	5	17	6
	113	84	141.250000	15.000000	9.798518e+04	3.034676e+01	-4.710134e+04	1980	5	17	18
	112	84	140.000000	15.000000	9.821428e+04	2.806737e+01	-4.844485e+04	1980	5	18	0
	112	85	140.000000	16.250000	9.762803e+04	2.878636e+01	-4.522827e+04	1980	5	18	6
	111	86	138.750000	17.500000	9.830847e+04	2.709589e+01	-4.484581e+04	1980	5	18	12
	111	86	138.750000	17.500000	9.754678e+04	2.897674e+01	-4.484581e+04	1980	5	18	18
	111	86	138.750000	17.500000	9.798752e+04	2.828286e+01	-4.484581e+04	1980	5	19	0
	110	87	137.500000	18.750000	9.770183e+04	2.962396e+01	-5.098477e+04	1980	5	19	6
	110	88	137.500000	20.000000	9.810349e+04	2.727737e+01	-3.957964e+04	1980	5	19	12
	109	89	136.250000	21.250000	9.828440e+04	2.614048e+01	-4.870963e+04	1980	5	19	18
	109	90	136.250000	22.500000	9.852986e+04	2.877344e+01	-5.133781e+04	1980	5	20	0
	108	91	135.000000	23.750000	9.873008e+04	2.693831e+01	-4.772896e+04	1980	5	20	6
	109	94	136.250000	27.500000	9.907092e+04	2.639769e+01	-5.037676e+04	1980	5	20	18
start	27	1980	8	4	6
	239	83	298.750000	13.750000	9.913591e+04	2.922741e+01	-2.738997e+04	1980	8	4	6
	237	83	296.250000	13.750000	9.892105e+04	2.855741e+01	-1.477862e+04	1980	8	4	12
	236	83	295.000000	13.750000	9.890452e+04	3.211897e+01	-3.730450e+04	1980	8	4	18
	234	84	292.500000	15.000000	9.859438e+04	3.170969e+01	-4.761129e+04	1980	8	5	0
	233	84	291.250000	15.000000	9.817571e+04	3.091690e+01	-4.225686e+04	1980	8	5	6
	232	85	290.000000	16.250000	9.822244e+04	3.057109e+01	-3.899124e+04	1980	8	5	12
	230	85	287.500000	16.250000	9.798435e+04	2.984729e+01	-2.506580e+04	1980	8	5	18
	229	86	286.250000	17.500000	9.828418e+04	2.961835e+01	-3.504897e+04	1980	8	6	0
	228	87	285.000000	18.750000	9.889820e+04	2.658895e+01	-1.735777e+04	1980	8	6	6
	225	87	281.250000	18.750000	9.924714e+04	2.955765e+01	-5.064154e+04	1980	8	6	12
	224	88	280.000000	20.000000	9.923589e+04	2.666810e+01	-2.635047e+04	1980	8	6	18
	223	88	278.750000	20.000000	9.896213e+04	2.749502e+01	-2.955724e+04	1980	8	7	0
	221	88	276.250000	20.000000	9.864588e+04	3.042529e+01	-3.957964e+04	1980	8	7	6
	220	89	275.000000	21.250000	9.848741e+04	2.745436e+01	-4.224705e+04	1980	8	7	12
	219	89	273.750000	21.250000	9.807461e+04	3.083738e+01	-1.310168e+04	1980	8	7	18
	218	90	272.500000	22.500000	9.760950e+04	3.056116e+01	-4.216859e+02	1980	8	8	0
	217	90	271.250000	22.500000	9.773542e+04	3.297029e+01	-4.805258e+02	1980	8	8	6
	216	91	270.000000	23.750000	9.787431e+04	3.327942e+01	-3.583350e+04	1980	8	8	12
	215	91	268.750000	23.750000	9.756995e+04	3.385845e+01	-3.624538e+04	1980	8	8	18
	214	92	267.500000	25.000000	9.724131e+04	3.345481e+01	-3.514704e+04	1980	8	9	0
	213	92	266.250000	25.000000	9.686360e+04	3.377144e+01	-3.599041e+04	1980	8	9	6
	212	92	265.000000	25.000000	9.650484e+04	3.603735e+01	-3.511761e+04	1980	8	9	12
	211	92	263.750000	25.000000	9.685005e+04	3.486363e+01	-1.086577e+04	1980	8	9	18
	211	93	263.750000	26.250000	9.738350e+04	3.240529e+01	-4.197246e+03	1980	8	10	0
	210	93	262.500000	26.250000	9.749688e+04	3.007008e+01	8.825985e+01	1980	8	10	6
	210	93	262.500000	26.250000	9.839895e+04	2.832611e+01	8.825985e+01	1980	8	10	12
	209	94	261.250000	27.500000	9.922786e+04	1.294459e+01	2.020170e+03	1980	8	10	18
start	20	1980	8	10	12
	124	89	155.000000	21.250000	9.896770e+04	2.381708e+01	-4.089373e+04	1980	8	10	12
	124	90	155.000000	22.500000	9.843098e+04	2.730471e+01	-5.361296e+04	1980	8	10	18
	124	91	155.000000	23.750000	9.824473e+04	2.893004e+01	-5.437788e+04	1980	8	11	0
	125	93	156.250000	26.250000	9.849412e+04	2.954246e+01	-5.931062e+04	1980	8	11	6
	125	93	156.250000	26.250000	9.812107e+04	2.957577e+01	-5.931062e+04	1980	8	11	12
	125	94	156.250000	27.500000	9.758997e+04	3.320448e+01	-5.964405e+04	1980	8	11	18
	124	95	155.000000	28.750000	9.795217e+04	3.170162e+01	-5.935965e+04	1980	8	12	0
	125	95	156.250000	28.750000	9.756333e+04	3.044456e+01	-5.730026e+04	1980	8	12	6
	125	96	156.250000	30.000000	9.778874e+04	2.919094e+01	-5.703548e+04	1980	8	12	12
	125	96	156.250000	30.000000	9.816130e+04	2.977295e+01	-5.703548e+04	1980	8	12	18
	125	97	156.250000	31.250000	9.804785e+04	2.666424e+01	-4.462026e+04	1980	8	13	0
	125	97	156.250000	31.250000	9.804790e+04	2.692738e+01	-4.462026e+04	1980	8	13	6
	125	97	156.250000	31.250000	9.840083e+04	2.922048e+01	-4.462026e+04	1980	8	13	12
	126	98	157.500000	32.500000	9.819162e+04	2.637229e+01	-2.976318e+04	1980	8	13	18
	126	98	157.500000	32.500000	9.838188e+04	2.651592e+01	-2.976318e+04	1980	8	14	0
	127	98	158.750000	32.500000	9.866665e+04	2.469897e+01	-2.613472e+04	1980	8	14	6
	129	99	161.250000	33.750000	9.893882e+04	2.383321e+01	-5.072980e+04	1980	8	14	12
	130	99	162.500000	33.750000	9.851538e+04	2.552425e+01	-5.735910e+04	1980	8	14	18
	131	99	163.750000	33.750000	9.849551e+04	2.582915e+01	-6.078162e+04	1980	8	15	0
	132	99	165.000000	33.750000	9.851025e+04	2.637450e+01	-6.041877e+04	1980	8	15	6
start	10	1980	8	25	6
	196	86	245.000000	17.500000	9.936250e+04	2.301135e+01	-3.688281e+04	1980	8	25	6
	195	86	243.750000	17.500000	9.875627e+04	2.316870e+01	-3.675532e+04	1980	8	25	12
	194	86	242.500000	17.500000	9.898645e+04	2.721704e+01	-3.781444e+04	1980	8	25	18
	193	87	241.250000	18.750000	9.864304e+04	2.691293e+01	-3.931486e+04	1980	8	26	6
	192	87	240.000000	18.750000	9.848457e+04	2.590626e+01	-3.906970e+04	1980	8	26	12
	191	88	238.750000	20.000000	9.900356e+04	2.571269e+01	-4.077605e+04	1980	8	26	18
	190	88	237.500000	20.000000	9.880305e+04	2.497924e+01	-4.305120e+04	1980	8	27	0
	189	88	236.250000	20.000000	9.925110e+04	2.393130e+01	-4.267854e+04	1980	8	27	6
	189	88	236.250000	20.000000	9.937185e+04	2.167665e+01	-4.267854e+04	1980	8	27	12
	188	89	235.000000	21.250000	9.978372e+04	2.075333e+01	-4.315907e+04	1980	8	27	18
start	10	1980	9	9	0
	264	82	330.000000	12.500000	9.936550e+04	2.338535e+01	-5.417193e+04	1980	9	9	0
	263	82	328.750000	12.500000	9.908364e+04	2.482380e+01	-5.694721e+04	1980	9	9	12
	261	83	326.250000	13.750000	9.878059e+04	2.503462e+01	-5.632940e+04	1980	9	10	6
	260	84	325.000000	15.000000	9.933845e+04	2.491865e+01	-5.887912e+04	1980	9	11	0
	260	85	325.000000	16.250000	9.899820e+04	2.320462e+01	-5.188698e+04	1980	9	11	6
	260	85	325.000000	16.250000	9.898338e+04	2.619107e+01	-5.188698e+04	1980	9	11	12
	259	85	323.750000	16.250000	9.914641e+04	2.654096e+01	-5.042579e+04	1980	9	11	18
	259	85	323.750000	16.250000	9.944851e+04	2.530399e+01	-5.042579e+04	1980	9	12	0
	259	86	323.750000	17.500000	9.919067e+04	2.372889e+01	-5.120052e+04	1980	9	12	6
	258	86	322.500000	17.500000	9.949351e+04	2.651091e+01	-5.568216e+04	1980	9	12	12
start	15	1980	9	15	0
	249	90	311.250000	22.500000	9.930124e+04	3.037112e+01	-4.040340e+04	1980	9	15	0
	247	93	308.750000	26.250000	9.963001e+04	2.715159e+01	-5.206350e+04	1980	9	16	0
	248	95	310.000000	28.750000	9.931902e+04	2.750457e+01	-4.755245e+04	1980	9	16	6
	248	96	310.000000	30.000000	9.911946e+04	2.834475e+01	-5.176930e+04	1980	9	16	12
	249	97	311.250000	31.250000	9.917448e+04	2.702950e+01	-4.552247e+04	1980	9	16	18
	249	98	311.250000	32.500000	9.969214e+04	2.781112e+01	-4.837620e+04	1980	9	17	0
	250	99	312.500000	33.750000	9.896341e+04	2.795627e+01	-4.954320e+04	1980	9	17	6
	251	100	313.750000	35.000000	9.952027e+04	2.673619e+01	-4.539498e+04	1980	9	17	12
	251	100	313.750000	35.000000	9.947168e+04	2.564099e+01	-4.539498e+04	1980	9	17	18
	252	101	315.000000	36.250000	9.972925e+04	2.852736e+01	-4.664043e+04	1980	9	18	0
	251	102	313.750000	37.500000	9.927185e+04	2.869885e+01	-5.121033e+04	1980	9	18	6
	251	103	313.750000	38.750000	9.965002e+04	2.763411e+01	-5.141627e+04	1980	9	18	12
	251	104	313.750000	40.000000	9.960796e+04	2.761135e+01	-4.012881e+04	1980	9	18	18
	251	105	313.750000	41.250000	9.997124e+04	2.462851e+01	-4.496349e+04	1980	9	19	0
	251	106	313.750000	42.500000	1.001438e+05	2.328350e+01	-4.582648e+04	1980	9	19	6
start	13	1980	10	1	0
	121	90	151.250000	22.500000	9.828216e+04	2.626763e+01	-5.525067e+04	1980	10	1	0
	121	91	151.250000	23.750000	9.793550e+04	2.372913e+01	-5.629998e+04	1980	10	1	6
	120	92	150.000000	25.000000	9.791755e+04	2.237886e+01	-5.630979e+04	1980	10	1	12
	119	93	148.750000	26.250000	9.759331e+04	2.542226e+01	-6.163480e+04	1980	10	1	18
	119	93	148.750000	26.250000	9.711155e+04	2.932575e+01	-6.163480e+04	1980	10	2	0
	119	94	148.750000	27.500000	9.655681e+04	3.168489e+01	-5.638824e+04	1980	10	2	6
	119	95	148.750000	28.750000	9.660478e+04	3.333343e+01	-6.080123e+04	1980	10	2	12
	119	96	148.750000	30.000000	9.630684e+04	3.302897e+01	-6.087968e+04	1980	10	2	18
	120	97	150.000000	31.250000	9.658140e+04	3.261649e+01	-5.879087e+04	1980	10	3	0
	121	98	151.250000	32.500000	9.687388e+04	3.500633e+01	-5.626075e+04	1980	10	3	6
	122	100	152.500000	35.000000	9.694839e+04	3.843629e+01	-5.920275e+04	1980	10	3	12
	124	102	155.000000	37.500000	9.740796e+04	3.663334e+01	-5.668244e+04	1980	10	3	18
	127	103	158.750000	38.750000	9.714624e+04	3.289456e+01	-5.447594e+04	1980	10	4	0
start	15	1980	10	7	0
	263	94	328.750000	27.500000	9.962615e+04	2.023938e+01	-5.073961e+04	1980	10	7	0
	264	95	330.000000	28.750000	9.919720e+04	2.377230e+01	-4.690521e+04	1980	10	7	6
	263	95	328.750000	28.750000	9.940095e+04	2.257964e+01	-4.830756e+04	1980	10	7	12
	262	96	327.500000	30.000000	9.907925e+04	2.819200e+01	-4.773877e+04	1980	10	7	18
	260	96	325.000000	30.000000	9.942817e+04	2.517684e+01	-4.700327e+04	1980	10	8	0
	256	97	320.000000	31.250000	9.949062e+04	2.513524e+01	-2.929246e+04	1980	10	9	0
	255	98	318.750000	32.500000	9.925339e+04	2.834684e+01	-3.266595e+04	1980	10	9	6
	255	98	318.750000	32.500000	9.929009e+04	2.735020e+01	-3.266595e+04	1980	10	9	12
	255	99	318.750000	33.750000	9.908303e+04	2.963785e+01	-3.599041e+04	1980	10	9	18
	255	100	318.750000	35.000000	9.915091e+04	2.585517e+01	-3.691223e+04	1980	10	10	0
	256	101	320.000000	36.250000	9.915554e+04	2.740417e+01	-3.790270e+04	1980	10	10	6
	257	102	321.250000	37.500000	9.929316e+04	2.920462e+01	-3.622577e+04	1980	10	10	12
	258	104	322.500000	40.000000	9.934397e+04	2.853677e+01	-4.485562e+04	1980	10	10	18
	259	105	323.750000	41.250000	9.956294e+04	2.767252e+01	-4.636584e+04	1980	10	11	0
	261	108	326.250000	45.000000	9.953225e+04	2.532426e+01	-3.592176e+04	1980	10	11	6
start	23	1980	10	9	0
	110	87	137.500000	18.750000	9.902812e+04	2.418293e+01	-5.098477e+04	1980	10	9	0
	110	87	137.500000	18.750000	9.852214e+04	2.579107e+01	-5.098477e+04	1980	10	9	6
	108	88	135.000000	20.000000	9.857134e+04	2.812248e+01	-5.653534e+04	1980	10	9	12
	108	88	135.000000	20.000000	9.763616e+04	3.083435e+01	-5.653534e+04	1980	10	9	18
	107	88	133.750000	20.000000	9.812903e+04	3.270894e+01	-5.818286e+04	1980	10	10	0
	106	89	132.500000	21.250000	9.760241e+04	3.321025e+01	-5.731987e+04	1980	10	10	6
	105	89	131.250000	21.250000	9.750254e+04	2.956720e+01	-5.834957e+04	1980	10	10	12
	104	90	130.000000	22.500000	9.740647e+04	3.184069e+01	-5.210273e+04	1980	10	10	18
	103	90	128.750000	22.500000	9.685044e+04	3.450221e+01	-3.668668e+04	1980	10	11	0
	102	91	127.500000	23.750000	9.700100e+04	3.321333e+01	-5.595675e+04	1980	10	11	6
	102	91	127.500000	23.750000	9.661142e+04	3.338639e+01	-5.595675e+04	1980	10	11	12
	101	91	126.250000	23.750000	9.709734e+04	3.405787e+01	-5.574100e+04	1980	10	11	18
	101	92	126.250000	25.000000	9.701777e+04	3.195729e+01	-1.010085e+04	1980	10	12	0
	101	92	126.250000	25.000000	9.717002e+04	3.161189e+01	-1.010085e+04	1980	10	12	6
	101	93	126.250000	26.250000	9.736352e+04	3.141976e+01	-1.427848e+04	1980	10	12	12
	101	93	126.250000	26.250000	9.753101e+04	3.220401e+01	-1.427848e+04	1980	10	12	18
	101	94	126.250000	27.500000	9.749629e+04	3.410012e+01	-1.104229e+04	1980	10	13	0
	102	95	127.500000	28.750000	9.751223e+04	2.916072e+01	-1.008124e+04	1980	10	13	6
	103	96	128.750000	30.000000	9.785420e+04	2.634440e+01	-9.404577e+03	1980	10	13	12
	104	96	130.000000	30.000000	9.781365e+04	2.849076e+01	-5.923217e+03	1980	10	13	18
	106	97	132.500000	31.250000	9.789998e+04	2.504449e+01	-2.797837e+04	1980	10	14	0
	109	98	136.250000	32.500000	9.768184e+04	2.465320e+01	-4.416915e+04	1980	10	14	6
	112	99	140.000000	33.750000	9.842893e+04	2.754602e+01	-4.864099e+03	1980	10	14	12
start	10	1980	11	1	18
	106	84	132.500000	15.000000	9.830264e+04	2.406494e+01	-4.473794e+04	1980	11	1	18
	105	84	131.250000	15.000000	9.812702e+04	2.732287e+01	-5.826131e+04	1980	11	2	0
	104	84	130.000000	15.000000	9.772383e+04	2.625500e+01	-5.506434e+04	1980	11	2	6
	103	84	128.750000	15.000000	9.730112e+04	2.941337e+01	-5.486821e+04	1980	11	2	18
	102	83	127.500000	13.750000	9.719507e+04	3.178280e+01	-5.233809e+04	1980	11	3	6
	101	84	126.250000	15.000000	9.732070e+04	3.082574e+01	-5.375025e+04	1980	11	3	18
	100	84	125.000000	15.000000	9.728494e+04	3.246543e+01	-5.909487e+04	1980	11	4	0
	99	84	123.750000	15.000000	9.733108e+04	2.812181e+01	-6.227223e+03	1980	11	4	6
	98	85	122.500000	16.250000	9.786343e+04	2.831030e+01	-3.481361e+04	1980	11	4	12
	97	85	121.250000	16.250000	9.848098e+04	2.413389e+01	9.639937e+03	1980	11	4	18
start	12	1980	12	25	18
	90	61	112.500000	-13.750000	9.863816e+04	2.223449e+01	-5.019043e+04	1980	12	25	18
	89	60	111.250000	-15.000000	9.823152e+04	2.699935e+01	-5.582926e+04	1980	12	26	6
	88	60	110.000000	-15.000000	9.799566e+04	2.607619e+01	-5.622152e+04	1980	12	26	12
	88	60	110.000000	-15.000000	9.830989e+04	2.782331e+01	-5.622152e+04	1980	12	26	18
	87	59	108.750000	-16.250000	9.802305e+04	2.870865e+01	-5.340702e+04	1980	12	27	0
	85	58	106.250000	-17.500000	9.790584e+04	2.919595e+01	-5.724142e+04	1980	12	27	18
	84	58	105.000000	-17.500000	9.831103e+04	2.587444e+01	-5.650592e+04	1980	12	28	0
	84	57	105.000000	-18.750000	9.830981e+04	2.478076e+01	-5.620191e+04	1980	12	28	6
	84	56	105.000000	-20.000000	9.846241e+04	2.472780e+01	-5.557429e+04	1980	12	28	12
	84	55	105.000000	-21.250000	9.869380e+04	2.232594e+01	-3.949138e+04	1980	12	28	18
	84	54	105.000000	-22.500000	9.916001e+04	2.131982e+01	-2.560516e+04	1980	12	29	0
	84	54	105.000000	-22.500000	9.954219e+04	2.192056e+01	-2.560516e+04	1980	12	29	6
start	17	1981	3	1	6
	84	58	105.000000	-17.500000	9.855278e+04	2.337971e+01	-5.650592e+04	1981	3	1	6
	84	58	105.000000	-17.500000	9.842776e+04	2.475352e+01	-5.650592e+04	1981	3	1	18
	84	58	105.000000	-17.500000	9.854670e+04	2.747226e+01	-5.650592e+04	1981	3	2	0
	84	58	105.000000	-17.500000	9.830139e+04	2.685952e+01	-5.650592e+04	1981	3	2	6
	84	58	105.000000	-17.500000	9.829128e+04	2.613530e+01	-5.650592e+04	1981	3	2	12
	84	58	105.000000	-17.500000	9.851758e+04	2.551636e+01	-5.650592e+04	1981	3	2	18
	84	58	105.000000	-17.500000	9.841584e+04	2.641019e+01	-5.650592e+04	1981	3	3	0
	84	57	105.000000	-18.750000	9.826089e+04	2.623945e+01	-5.620191e+04	1981	3	3	6
	84	57	105.000000	-18.750000	9.853930e+04	2.643172e+01	-5.620191e+04	1981	3	3	12
	85	57	106.250000	-18.750000	9.828689e+04	2.651249e+01	-5.593713e+04	1981	3	3	18
	85	57	106.250000	-18.750000	9.831438e+04	2.605048e+01	-5.593713e+04	1981	3	4	0
	85	57	106.250000	-18.750000	9.878259e+04	2.427483e+01	-5.593713e+04	1981	3	4	6
	86	56	107.500000	-20.000000	9.839639e+04	2.525734e+01	-5.295591e+04	1981	3	4	12
	87	56	108.750000	-20.000000	9.868369e+04	2.457123e+01	-4.834679e+04	1981	3	4	18
	88	55	110.000000	-21.250000	9.873210e+04	2.699513e+01	-4.973933e+04	1981	3	5	0
	89	54	111.250000	-22.500000	9.897976e+04	2.560157e+01	-5.017082e+04	1981	3	5	6
	90	54	112.500000	-22.500000	9.930845e+04	2.226498e+01	-3.043004e+04	1981	3	5	12
start	11	1981	4	9	18
	72	62	90.000000	-12.500000	9.852663e+04	2.033621e+01	-5.558409e+04	1981	4	9	18
	72	61	90.000000	-13.750000	9.827847e+04	2.469796e+01	-5.040618e+04	1981	4	10	0
	71	61	88.750000	-13.750000	9.813498e+04	2.460094e+01	-2.550710e+04	1981	4	10	6
	72	60	90.000000	-15.000000	9.803777e+04	2.478056e+01	-4.113890e+04	1981	4	10	12
	71	60	88.750000	-15.000000	9.764228e+04	2.745748e+01	-3.526471e+04	1981	4	10	18
	70	59	87.500000	-16.250000	9.787815e+04	3.051383e+01	-3.190103e+04	1981	4	11	0
	70	58	87.500000	-17.500000	9.804460e+04	2.947869e+01	-2.714481e+04	1981	4	11	6
	70	56	87.500000	-20.000000	9.834392e+04	2.619112e+01	-1.888761e+04	1981	4	11	18
	70	54	87.500000	-22.500000	9.833809e+04	2.600556e+01	-2.350654e+04	1981	4	12	0
	70	53	87.500000	-23.750000	9.855554e+04	2.378903e+01	-3.067520e+04	1981	4	12	6
	70	52	87.500000	-25.000000	9.869087e+04	2.192690e+01	-1.974079e+04	1981	4	12	12
start	15	1981	8	19	18
	108	92	135.000000	25.000000	9.714524e+04	2.556048e+01	-5.182814e+04	1981	8	19	18
	108	93	135.000000	26.250000	9.711946e+04	2.703154e+01	-4.581667e+04	1981	8	20	0
	109	93	136.250000	26.250000	9.687969e+04	2.687860e+01	-4.746419e+04	1981	8	20	6
	109	93	136.250000	26.250000	9.665928e+04	2.882326e+01	-4.746419e+04	1981	8	20	12
	109	94	136.250000	27.500000	9.658659e+04	2.759113e+01	-5.037676e+04	1981	8	20	18
	109	94	136.250000	27.500000	9.662346e+04	2.913288e+01	-5.037676e+04	1981	8	21	0
	110	95	137.500000	28.750000	9.639631e+04	2.958235e+01	-4.620893e+04	1981	8	21	6
	110	96	137.500000	30.000000	9.659255e+04	2.623563e+01	-4.432606e+04	1981	8	21	18
	110	96	137.500000	30.000000	9.653694e+04	2.678783e+01	-4.432606e+04	1981	8	22	0
	111	98	138.750000	32.500000	9.634106e+04	3.039411e+01	-2.008402e+04	1981	8	22	12
	112	100	140.000000	35.000000	9.681426e+04	3.113856e+01	-2.451662e+02	1981	8	22	18
	113	102	141.250000	37.500000	9.709399e+04	3.151052e+01	-8.433719e+02	1981	8	23	0
	113	106	141.250000	42.500000	9.690144e+04	2.865155e+01	6.472389e+02	1981	8	23	6
	113	109	141.250000	46.250000	9.714255e+04	2.494257e+01	1.157185e+03	1981	8	23	12
	113	111	141.250000	48.750000	9.751619e+04	2.470708e+01	-4.001113e+03	1981	8	23	18
start	10	1981	8	30	0
	102	91	127.500000	23.750000	9.802356e+04	2.338029e+01	-5.595675e+04	1981	8	30	0
	101	92	126.250000	25.000000	9.756011e+04	2.473452e+01	-1.010085e+04	1981	8	30	6
	101	93	126.250000	26.250000	9.759846e+04	2.821698e+01	-1.427848e+04	1981	8	30	12
	100	93	125.000000	26.250000	9.707495e+04	3.025924e+01	-1.324878e+04	1981	8	30	18
	100	94	125.000000	27.500000	9.698494e+04	2.970082e+01	-9.610517e+02	1981	8	31	0
	99	95	123.750000	28.750000	9.695393e+04	2.982815e+01	-7.943386e+02	1981	8	31	6
	99	95	123.750000	28.750000	9.653960e+04	3.156466e+01	-7.943386e+02	1981	8	31	12
	99	96	123.750000	30.000000	9.670080e+04	3.107308e+01	-6.766589e+02	1981	8	31	18
	99	96	123.750000	30.000000	9.734734e+04	2.861261e+01	-6.766589e+02	1981	9	1	0
	99	97	123.750000	31.250000	9.742498e+04	2.864563e+01	-2.059397e+02	1981	9	1	6
start	17	1981	9	5	0
	239	103	298.750000	38.750000	9.844284e+04	2.075476e+01	-4.974914e+04	1981	9	5	0
	239	103	298.750000	38.750000	9.796255e+04	2.222082e+01	-4.974914e+04	1981	9	5	6
	240	103	300.000000	38.750000	9.798294e+04	2.234501e+01	-5.056309e+04	1981	9	5	12
	240	103	300.000000	38.750000	9.806931e+04	2.353449e+01	-5.056309e+04	1981	9	5	18
	241	104	301.250000	40.000000	9.803389e+04	2.307009e+01	-5.058270e+04	1981	9	6	0
	241	104	301.250000	40.000000	9.790571e+04	2.532386e+01	-5.058270e+04	1981	9	6	6
	242	105	302.500000	41.250000	9.817954e+04	2.291061e+01	-4.949416e+04	1981	9	6	12
	242	105	302.500000	41.250000	9.821905e+04	2.171480e+01	-4.949416e+04	1981	9	6	18
	242	105	302.500000	41.250000	9.841428e+04	2.266975e+01	-4.949416e+04	1981	9	7	0
	243	106	303.750000	42.500000	9.830376e+04	2.320177e+01	-4.175671e+04	1981	9	7	6
	244	106	305.000000	42.500000	9.838218e+04	2.097099e+01	-4.358075e+04	1981	9	7	12
	245	106	306.250000	42.500000	9.831951e+04	2.002629e+01	-4.591473e+04	1981	9	7	18
	245	106	306.250000	42.500000	9.842991e+04	2.075139e+01	-4.591473e+04	1981	9	8	0
	246	106	307.500000	42.500000	9.843498e+04	2.258660e+01	-3.646112e+04	1981	9	8	6
	246	106	307.500000	42.500000	9.867292e+04	2.147154e+01	-3.646112e+04	1981	9	8	12
	247	105	308.750000	41.250000	9.909436e+04	1.946047e+01	-4.463987e+04	1981	9	8	18
	251	105	313.750000	41.250000	9.973294e+04	1.590190e+01	-4.496349e+04	1981	9	9	18
start	16	1981	9	14	0
	238	91	297.500000	23.750000	9.950141e+04	1.978075e+01	-5.744736e+04	1981	9	14	0
	238	92	297.500000	25.000000	9.906934e+04	2.412732e+01	-5.589791e+04	1981	9	14	6
	238	93	297.500000	26.250000	9.916504e+04	2.762020e+01	-5.832015e+04	1981	9	14	12
	238	94	297.500000	27.500000	9.891030e+04	2.527462e+01	-5.735910e+04	1981	9	14	18
	238	95	297.500000	28.750000	9.850891e+04	2.950343e+01	-5.290688e+04	1981	9	15	0
	238	95	297.500000	28.750000	9.858945e+04	2.708379e+01	-5.290688e+04	1981	9	15	6
	239	97	298.750000	31.250000	9.856866e+04	3.161510e+01	-4.873905e+04	1981	9	15	12
	240	98	300.000000	32.500000	9.863835e+04	2.976336e+01	-4.960204e+04	1981	9	15	18
	241	99	301.250000	33.750000	9.924861e+04	2.942282e+01	-4.676791e+04	1981	9	16	0
	241	99	301.250000	33.750000	9.903377e+04	3.098080e+01	-4.676791e+04	1981	9	16	6
	243	100	303.750000	35.000000	9.911841e+04	2.899084e+01	-5.371102e+04	1981	9	16	12
	243	100	303.750000	35.000000	9.936819e+04	2.604033e+01	-5.371102e+04	1981	9	16	18
	244	101	305.000000	36.250000	9.968550e+04	2.667365e+01	-5.249500e+04	1981	9	17	0
	245	101	306.250000	36.250000	9.956233e+04	2.484136e+01	-5.353450e+04	1981	9	17	6
	246	101	307.500000	36.250000	9.967454e+04	2.160548e+01	-5.115149e+04	1981	9	17	12
	247	101	308.750000	36.250000	1.001513e+05	2.007540e+01	-4.563034e+04	1981	9	17	18
start	27	1981	9	26	0
	245	87	306.250000	18.750000	9.938169e+04	2.320642e+01	-4.678753e+04	1981	9	26	0
	245	88	306.250000	20.000000	9.911079e+04	2.285993e+01	-5.110245e+04	1981	9	26	6
	244	88	305.000000	20.000000	9.888548e+04	2.434369e+01	-4.840562e+04	1981	9	26	12
	243	89	303.750000	21.250000	9.883787e+04	2.533250e+01	-4.722883e+04	1981	9	26	18
	243	89	303.750000	21.250000	9.878718e+04	2.831271e+01	-4.722883e+04	1981	9	27	0
	242	90	302.500000	22.500000	9.863880e+04	2.651966e+01	-5.750620e+04	1981	9	27	6
	242	90	302.500000	22.500000	9.875437e+04	2.633270e+01	-5.750620e+04	1981	9	27	12
	242	91	302.500000	23.750000	9.853833e+04	2.493002e+01	-5.535854e+04	1981	9	27	18
	242	92	302.500000	25.000000	9.873967e+04	2.719911e+01	-5.585868e+04	1981	9	28	0
	243	93	303.750000	26.250000	9.847761e+04	2.507776e+01	-5.813382e+04	1981	9	28	6
	243	94	303.750000	27.500000	9.830491e+04	2.634745e+01	-5.895758e+04	1981	9	28	12
	243	95	303.750000	28.750000	9.792520e+04	3.265258e+01	-5.659418e+04	1981	9	28	18
	244	96	305.000000	30.000000	9.751938e+04	3.019978e+01	-4.972952e+04	1981	9	29	0
	245	97	306.250000	31.250000	9.729431e+04	3.264504e+01	-5.512318e+04	1981	9	29	6
	246	98	307.500000	32.500000	9.714629e+04	3.249434e+01	-5.324030e+04	1981	9	29	12
	248	99	310.000000	33.750000	9.716052e+04	3.321374e+01	-4.616971e+04	1981	9	29	18
	250	101	312.500000	36.250000	9.714502e+04	2.859095e+01	-5.307359e+04	1981	9	30	0
	252	102	315.000000	37.500000	9.671558e+04	3.216679e+01	-5.149472e+04	1981	9	30	6
	254	103	317.500000	38.750000	9.725427e+04	3.413107e+01	-4.941571e+04	1981	9	30	12
	256	104	320.000000	40.000000	9.742812e+04	3.278759e+01	-4.558131e+04	1981	9	30	18
	259	105	323.750000	41.250000	9.796452e+04	2.691283e+01	-4.636584e+04	1981	10	1	0
	261	106	326.250000	42.500000	9.781159e+04	2.919238e+01	-3.603944e+04	1981	10	1	6
	262	107	327.500000	43.750000	9.826553e+04	2.708495e+01	-3.718682e+04	1981	10	1	12
	264	108	330.000000	45.000000	9.859492e+04	2.515664e+01	-2.936111e+04	1981	10	1	18
	266	108	332.500000	45.000000	9.888670e+04	2.461350e+01	-2.573265e+04	1981	10	2	0
	268	108	335.000000	45.000000	9.913396e+04	2.353750e+01	-2.681138e+04	1981	10	2	6
	271	108	338.750000	45.000000	9.920445e+04	2.104698e+01	-3.809884e+04	1981	10	2	12
start	32	1981	9	27	0
	110	83	137.500000	13.750000	9.843093e+04	2.503406e+01	-5.119071e+04	1981	9	27	0
	109	84	136.250000	15.000000	9.791380e+04	2.756760e+01	-5.086709e+04	1981	9	27	6
	109	84	136.250000	15.000000	9.755749e+04	2.959967e+01	-5.086709e+04	1981	9	27	12
	109	85	136.250000	16.250000	9.681958e+04	3.170866e+01	-4.912151e+04	1981	9	27	18
	108	85	135.000000	16.250000	9.642717e+04	3.198955e+01	-3.576485e+04	1981	9	28	0
	108	86	135.000000	17.500000	9.562136e+04	3.710484e+01	-3.872646e+04	1981	9	28	6
	108	86	135.000000	17.500000	9.595803e+04	3.447586e+01	-3.872646e+04	1981	9	28	12
	107	87	133.750000	18.750000	9.586582e+04	3.468641e+01	-5.971269e+04	1981	9	28	18
	107	88	133.750000	20.000000	9.589751e+04	3.472499e+01	-5.818286e+04	1981	9	29	0
	107	89	133.750000	21.250000	9.608181e+04	3.442995e+01	-5.766310e+04	1981	9	29	6
	106	89	132.500000	21.250000	9.517754e+04	3.697083e+01	-5.731987e+04	1981	9	29	12
	106	90	132.500000	22.500000	9.524802e+04	3.749825e+01	-5.560371e+04	1981	9	29	18
	105	91	131.250000	23.750000	9.625127e+04	3.715743e+01	-4.479678e+04	1981	9	30	0
	105	91	131.250000	23.750000	9.608433e+04	3.637047e+01	-4.479678e+04	1981	9	30	6
	105	92	131.250000	25.000000	9.605427e+04	3.414100e+01	-2.738017e+04	1981	9	30	12
	106	93	132.500000	26.250000	9.551562e+04	3.648791e+01	-5.280881e+04	1981	9	30	18
	107	94	133.750000	27.500000	9.589265e+04	3.591602e+01	-4.648352e+04	1981	10	1	0
	108	95	135.000000	28.750000	9.569284e+04	3.590963e+01	-4.727786e+04	1981	10	1	6
	110	96	137.500000	30.000000	9.586553e+04	3.676018e+01	-4.432606e+04	1981	10	1	12
	112	97	140.000000	31.250000	9.623242e+04	3.587139e+01	-7.717833e+03	1981	10	1	18
	115	99	143.750000	33.750000	9.625545e+04	3.670364e+01	-4.610106e+04	1981	10	2	0
	119	100	148.750000	35.000000	9.575896e+04	3.832051e+01	-5.965385e+04	1981	10	2	6
	122	103	152.500000	38.750000	9.467007e+04	3.518755e+01	-5.531931e+04	1981	10	2	12
	124	106	155.000000	42.500000	9.415766e+04	3.908211e+01	-5.095535e+04	1981	10	2	18
	124	108	155.000000	45.000000	9.357617e+04	3.515831e+01	-4.847427e+04	1981	10	3	0
	124	110	155.000000	47.500000	9.321438e+04	3.462434e+01	-4.689540e+04	1981	10	3	12
	125	111	156.250000	48.750000	9.417522e+04	2.955109e+01	-4.828795e+04	1981	10	3	18
	124	112	155.000000	50.000000	9.503279e+04	2.373135e+01	-3.461748e+03	1981	10	4	0
	124	113	155.000000	51.250000	9.592888e+04	1.820423e+01	-6.237029e+03	1981	10	4	6
	125	113	156.250000	51.250000	9.663179e+04	2.082810e+01	-3.775560e+03	1981	10	4	12
	126	113	157.500000	51.250000	9.741831e+04	1.891443e+01	-6.668522e+02	1981	10	4	18
	127	114	158.750000	52.500000	9.802324e+04	1.854811e+01	-5.119071e+03	1981	10	5	0
start	19	1981	10	18	12
	108	87	135.000000	18.750000	9.741858e+04	2.472662e+01	-5.540757e+04	1981	10	18	12
	107	87	133.750000	18.750000	9.735788e+04	2.499925e+01	-5.971269e+04	1981	10	18	18
	106	88	132.500000	20.000000	9.714167e+04	2.766143e+01	-5.946753e+04	1981	10	19	0
	105	88	131.250000	20.000000	9.669712e+04	3.034148e+01	-5.822208e+04	1981	10	19	6
	104	88	130.000000	20.000000	9.710545e+04	2.900601e+01	-5.650592e+04	1981	10	19	12
	104	89	130.000000	21.250000	9.692307e+04	2.816335e+01	-5.557429e+04	1981	10	19	18
	103	89	128.750000	21.250000	9.657688e+04	3.100514e+01	-5.026889e+04	1981	10	20	0
	103	90	128.750000	22.500000	9.662966e+04	3.008472e+01	-3.668668e+04	1981	10	20	6
	103	90	128.750000	22.500000	9.634331e+04	3.148185e+01	-3.668668e+04	1981	10	20	12
	103	91	128.750000	23.750000	9.635523e+04	3.221419e+01	-5.602539e+04	1981	10	20	18
	103	92	128.750000	25.000000	9.684766e+04	3.111199e+01	-5.352470e+04	1981	10	21	0
	104	92	130.000000	25.000000	9.712119e+04	2.994537e+01	-4.511059e+04	1981	10	21	6
	104	93	130.000000	26.250000	9.688735e+04	3.030868e+01	-5.542719e+04	1981	10	21	12
	105	94	131.250000	27.500000	9.701521e+04	3.216352e+01	-5.623133e+04	1981	10	21	18
	107	95	133.750000	28.750000	9.714736e+04	2.976926e+01	-3.535297e+04	1981	10	22	0
	109	97	136.250000	31.250000	9.712905e+04	3.150846e+01	-4.266873e+04	1981	10	22	6
	111	98	138.750000	32.500000	9.663042e+04	2.884583e+01	-2.008402e+04	1981	10	22	12
	115	100	143.750000	35.000000	9.639980e+04	3.355285e+01	-5.566255e+04	1981	10	22	18
	118	103	147.500000	38.750000	9.629675e+04	3.484775e+01	-5.526047e+04	1981	10	23	0
start	10	1981	11	22	0
	109	83	136.250000	13.750000	9.831384e+04	2.672752e+01	-5.094555e+04	1981	11	22	0
	106	82	132.500000	12.500000	9.794114e+04	3.092276e+01	-5.741794e+04	1981	11	22	12
	105	82	131.250000	12.500000	9.713474e+04	3.279791e+01	-5.637843e+04	1981	11	22	18
	104	82	130.000000	12.500000	9.747756e+04	3.125682e+01	-5.525067e+04	1981	11	23	0
	102	82	127.500000	12.500000	9.720556e+04	3.221029e+01	-5.240674e+04	1981	11	23	6
	101	83	126.250000	13.750000	9.792173e+04	2.958204e+01	-5.362276e+04	1981	11	23	12
	100	83	125.000000	13.750000	9.806560e+04	3.040310e+01	-3.904027e+04	1981	11	23	18
	99	84	123.750000	15.000000	9.845501e+04	2.675837e+01	-6.227223e+03	1981	11	24	0
	98	84	122.500000	15.000000	9.876326e+04	2.259749e+01	-1.087558e+04	1981	11	24	6
	96	85	120.000000	16.250000	9.923398e+04	2.439849e+01	2.157463e+02	1981	11	24	12
start	34	1982	1	10	0
	69	62	86.250000	-12.500000	9.880283e+04	2.438552e+01	-4.711115e+04	1982	1	10	0
	68	62	85.000000	-12.500000	9.858970e+04	2.708333e+01	-5.216157e+04	1982	1	10	6
	67	62	83.750000	-12.500000	9.820779e+04	2.766341e+01	-4.177633e+04	1982	1	10	12
	66	62	82.500000	-12.500000	9.836888e+04	2.848437e+01	-4.787607e+04	1982	1	10	18
	65	62	81.250000	-12.500000	9.814182e+04	2.897332e+01	-4.651294e+04	1982	1	11	0
	65	62	81.250000	-12.500000	9.792839e+04	2.820082e+01	-4.651294e+04	1982	1	11	6
	64	62	80.000000	-12.500000	9.776016e+04	2.955277e+01	-4.946474e+04	1982	1	11	12
	64	62	80.000000	-12.500000	9.798765e+04	2.856144e+01	-4.946474e+04	1982	1	11	18
	63	61	78.750000	-13.750000	9.798720e+04	2.962677e+01	-4.721902e+04	1982	1	12	0
	62	61	77.500000	-13.750000	9.765195e+04	2.970664e+01	-5.237732e+04	1982	1	12	6
	61	61	76.250000	-13.750000	9.765210e+04	3.212480e+01	-5.203409e+04	1982	1	12	12
	60	60	75.000000	-15.000000	9.777800e+04	3.059038e+01	-5.000411e+04	1982	1	12	18
	59	60	73.750000	-15.000000	9.733798e+04	3.220328e+01	-5.169085e+04	1982	1	13	0
	58	60	72.500000	-15.000000	9.779983e+04	3.162856e+01	-4.629720e+04	1982	1	13	6
	57	59	71.250000	-16.250000	9.739382e+04	3.086559e+01	-4.270796e+04	1982	1	13	12
	56	59	70.000000	-16.250000	9.785638e+04	3.355550e+01	-4.072702e+04	1982	1	13	18
	56	58	70.000000	-17.500000	9.765569e+04	2.965441e+01	-4.018765e+04	1982	1	14	0
	55	58	68.750000	-17.500000	9.743860e+04	3.264340e+01	-3.013584e+04	1982	1	14	6
	54	58	67.500000	-17.500000	9.781966e+04	3.085901e+01	-3.084191e+04	1982	1	14	12
	54	57	67.500000	-18.750000	9.777976e+04	2.996622e+01	-3.097921e+04	1982	1	14	18
	53	57	66.250000	-18.750000	9.771712e+04	3.113815e+01	-2.615434e+04	1982	1	15	0
	53	57	66.250000	-18.750000	9.806070e+04	2.906297e+01	-2.615434e+04	1982	1	15	6
	52	57	65.000000	-18.750000	9.813140e+04	2.951198e+01	-2.781166e+04	1982	1	15	12
	52	57	65.000000	-18.750000	9.817085e+04	2.898452e+01	-2.781166e+04	1982	1	15	18
	52	56	65.000000	-20.000000	9.818147e+04	2.746833e+01	-2.794895e+04	1982	1	16	0
	51	56	63.750000	-20.000000	9.837978e+04	2.693198e+01	-3.100863e+04	1982	1	16	6
	51	56	63.750000	-20.000000	9.799751e+04	2.776284e+01	-3.100863e+04	1982	1	16	12
	50	56	62.500000	-20.000000	9.832949e+04	2.857629e+01	-3.874607e+04	1982	1	16	18
	50	56	62.500000	-20.000000	9.834138e+04	2.561960e+01	-3.874607e+04	1982	1	17	0
	49	56	61.250000	-20.000000	9.854998e+04	2.613688e+01	-4.119774e+04	1982	1	17	6
	49	56	61.250000	-20.000000	9.850269e+04	2.426837e+01	-4.119774e+04	1982	1	17	12
	49	56	61.250000	-20.000000	9.899829e+04	2.471652e+01	-4.119774e+04	1982	1	17	18
	48	55	60.000000	-21.250000	9.891845e+04	2.313923e+01	-4.356114e+04	1982	1	18	0
	47	54	58.750000	-22.500000	9.944429e+04	2.506856e+01	-4.865079e+04	1982	1	18	12
start	30	1982	7	25	18
	122	85	152.500000	16.250000	9.847407e+04	2.138238e+01	-5.761407e+04	1982	7	25	18
	122	85	152.500000	16.250000	9.792583e+04	2.880374e+01	-5.761407e+04	1982	7	26	6
	121	85	151.250000	16.250000	9.809184e+04	2.541100e+01	-5.868299e+04	1982	7	26	12
	121	84	151.250000	15.000000	9.781643e+04	2.634465e+01	-5.882029e+04	1982	7	26	18
	121	85	151.250000	16.250000	9.770608e+04	2.747082e+01	-5.868299e+04	1982	7	27	0
	121	84	151.250000	15.000000	9.757378e+04	2.699950e+01	-5.882029e+04	1982	7	27	6
	120	84	150.000000	15.000000	9.717854e+04	2.932260e+01	-5.715316e+04	1982	7	27	12
	120	85	150.000000	16.250000	9.685638e+04	3.137679e+01	-5.626075e+04	1982	7	27	18
	120	85	150.000000	16.250000	9.710354e+04	3.190161e+01	-5.626075e+04	1982	7	28	0
	119	87	148.750000	18.750000	9.721070e+04	3.437677e+01	-3.126360e+04	1982	7	28	6
	118	87	147.500000	18.750000	9.752483e+04	3.162299e+01	-3.961887e+04	1982	7	28	12
	116	88	145.000000	20.000000	9.674846e+04	2.889473e+01	-2.906691e+04	1982	7	28	18
	115	88	143.750000	20.000000	9.714931e+04	3.018757e+01	-2.979260e+04	1982	7	29	0
	115	89	143.750000	21.250000	9.632038e+04	3.389865e+01	-3.914815e+04	1982	7	29	6
	114	90	142.500000	22.500000	9.620552e+04	3.626701e+01	-2.512464e+04	1982	7	29	12
	113	90	141.250000	22.500000	9.599655e+04	3.508598e+01	-3.958945e+04	1982	7	29	18
	112	91	140.000000	23.750000	9.606741e+04	3.576567e+01	-4.290409e+04	1982	7	30	0
	111	91	138.750000	23.750000	9.548750e+04	3.883152e+01	-5.364238e+04	1982	7	30	6
	111	91	138.750000	23.750000	9.587266e+04	3.741703e+01	-5.364238e+04	1982	7	30	12
	111	92	138.750000	25.000000	9.579873e+04	3.732283e+01	-4.883712e+04	1982	7	30	18
	110	93	137.500000	26.250000	9.618906e+04	3.386006e+01	-4.949416e+04	1982	7	31	0
	110	93	137.500000	26.250000	9.574702e+04	3.411612e+01	-4.949416e+04	1982	7	31	6
	110	94	137.500000	27.500000	9.604492e+04	3.339305e+01	-4.528711e+04	1982	7	31	12
	110	94	137.500000	27.500000	9.637144e+04	3.280704e+01	-4.528711e+04	1982	7	31	18
	110	95	137.500000	28.750000	9.639270e+04	3.530868e+01	-4.620893e+04	1982	8	1	0
	110	97	137.500000	31.250000	9.656645e+04	3.569286e+01	-4.089373e+04	1982	8	1	6
	110	99	137.500000	33.750000	9.713548e+04	3.447429e+01	-2.651718e+04	1982	8	1	12
	110	101	137.500000	36.250000	9.777583e+04	2.192864e+01	7.698220e+03	1982	8	1	18
	109	103	136.250000	38.750000	9.814876e+04	2.305625e+01	-2.633086e+04	1982	8	2	0
	108	104	135.000000	40.000000	9.840645e+04	2.299020e+01	-1.447462e+04	1982	8	2	6
start	11	1982	7	26	18
	104	87	130.000000	18.750000	9.706330e+04	2.766053e+01	-5.560371e+04	1982	7	26	18
	103	87	128.750000	18.750000	9.709045e+04	2.990484e+01	-5.059251e+04	1982	7	27	0
	102	88	127.500000	20.000000	9.677066e+04	2.977337e+01	-5.166143e+04	1982	7	27	6
	101	88	126.250000	20.000000	9.655979e+04	3.221485e+01	-5.191641e+04	1982	7	27	12
	100	88	125.000000	20.000000	9.649700e+04	3.049620e+01	-5.751600e+04	1982	7	27	18
	100	89	125.000000	21.250000	9.603166e+04	3.315119e+01	-5.620191e+04	1982	7	28	0
	99	89	123.750000	21.250000	9.535445e+04	3.629434e+01	-4.935687e+04	1982	7	28	6
	98	89	122.500000	21.250000	9.587483e+04	3.618759e+01	-4.683656e+04	1982	7	28	12
	97	90	121.250000	22.500000	9.603909e+04	3.538546e+01	-9.316317e+03	1982	7	28	18
	96	91	120.000000	23.750000	9.686806e+04	2.672652e+01	-3.040062e+02	1982	7	29	0
	96	91	120.000000	23.750000	9.718601e+04	2.317974e+01	-3.040062e+02	1982	7	29	6
start	11	1982	8	7	18
	99	89	123.750000	21.250000	9.876280e+04	2.120617e+01	-4.935687e+04	1982	8	7	18
	99	89	123.750000	21.250000	9.855132e+04	2.112160e+01	-4.935687e+04	1982	8	8	0
	99	89	123.750000	21.250000	9.845359e+04	2.319613e+01	-4.935687e+04	1982	8	8	6
	99	90	123.750000	22.500000	9.833032e+04	2.632411e+01	-5.497608e+04	1982	8	8	12
	99	90	123.750000	22.500000	9.827363e+04	2.757178e+01	-5.497608e+04	1982	8	8	18
	99	91	123.750000	23.750000	9.779327e+04	2.628515e+01	-3.409772e+04	1982	8	9	0
	99	92	123.750000	25.000000	9.771734e+04	2.890981e+01	-2.002518e+04	1982	8	9	6
	99	92	123.750000	25.000000	9.798470e+04	2.571783e+01	-2.002518e+04	1982	8	9	12
	98	93	122.500000	26.250000	9.811103e+04	2.479518e+01	-9.806650e+02	1982	8	9	18
	99	93	123.750000	26.250000	9.819666e+04	2.391492e+01	-1.343511e+03	1982	8	10	0
	99	94	123.750000	27.500000	9.808806e+04	2.412132e+01	-9.512451e+02	1982	8	10	18
start	26	1982	8	21	12
	110	84	137.500000	15.000000	9.865200e+04	2.178771e+01	-4.765051e+04	1982	8	21	12
	110	85	137.500000	16.250000	9.824731e+04	2.581513e+01	-5.427000e+04	1982	8	21	18
	109	85	136.250000	16.250000	9.792509e+04	2.743071e+01	-4.912151e+04	1982	8	22	0
	109	85	136.250000	16.250000	9.746064e+04	2.708977e+01	-4.912151e+04	1982	8	22	6
	108	86	135.000000	17.500000	9.736321e+04	2.871798e+01	-3.872646e+04	1982	8	22	12
	108	87	135.000000	18.750000	9.694314e+04	3.095450e+01	-5.540757e+04	1982	8	22	18
	108	87	135.000000	18.750000	9.654931e+04	3.324350e+01	-5.540757e+04	1982	8	23	0
	108	88	135.000000	20.000000	9.633718e+04	3.490948e+01	-5.653534e+04	1982	8	23	6
	107	89	133.750000	21.250000	9.569258e+04	3.554926e+01	-5.766310e+04	1982	8	23	12
	107	90	133.750000	22.500000	9.589143e+04	3.599558e+01	-5.449555e+04	1982	8	23	18
	106	90	132.500000	22.500000	9.618084e+04	3.332938e+01	-5.560371e+04	1982	8	24	0
	106	91	132.500000	23.750000	9.589909e+04	3.609905e+01	-3.348971e+04	1982	8	24	6
	106	92	132.500000	25.000000	9.677205e+04	3.157861e+01	-5.064154e+04	1982	8	24	12
	105	92	131.250000	25.000000	9.662856e+04	3.399200e+01	-2.738017e+04	1982	8	24	18
	105	93	131.250000	26.250000	9.632370e+04	3.274820e+01	-3.107727e+04	1982	8	25	0
	105	93	131.250000	26.250000	9.664827e+04	3.281698e+01	-3.107727e+04	1982	8	25	6
	104	94	130.000000	27.500000	9.652559e+04	3.216975e+01	-1.838747e+04	1982	8	25	12
	104	94	130.000000	27.500000	9.678628e+04	3.181931e+01	-1.838747e+04	1982	8	25	18
	105	95	131.250000	28.750000	9.643177e+04	3.371339e+01	-4.022688e+04	1982	8	26	0
	105	96	131.250000	30.000000	9.645891e+04	3.160370e+01	-1.626923e+04	1982	8	26	6
	105	96	131.250000	30.000000	9.691851e+04	2.879244e+01	-1.626923e+04	1982	8	26	12
	105	97	131.250000	31.250000	9.704199e+04	3.053504e+01	-1.147378e+03	1982	8	26	18
	105	99	131.250000	33.750000	9.740688e+04	2.243288e+01	-1.372931e+02	1982	8	27	0
	105	101	131.250000	36.250000	9.766784e+04	2.145949e+01	-1.861302e+04	1982	8	27	6
	105	102	131.250000	37.500000	9.764243e+04	2.206267e+01	-2.122159e+04	1982	8	27	12
	105	104	131.250000	40.000000	9.734702e+04	2.380083e+01	-3.054771e+04	1982	8	27	18
start	35	1982	8	28	18
	120	89	150.000000	21.250000	9.862945e+04	2.016151e+01	-5.613327e+04	1982	8	28	18
	120	90	150.000000	22.500000	9.838823e+04	2.267018e+01	-5.603520e+04	1982	8	29	0
	119	91	148.750000	23.750000	9.795905e+04	2.614190e+01	-2.979260e+04	1982	8	29	12
	119	92	148.750000	25.000000	9.715703e+04	2.792233e+01	-3.925602e+04	1982	8	29	18
	119	92	148.750000	25.000000	9.725532e+04	2.885129e+01	-3.925602e+04	1982	8	30	0
	118	92	147.500000	25.000000	9.730825e+04	3.020277e+01	-5.660398e+04	1982	8	30	6
	118	93	147.500000	26.250000	9.665579e+04	3.212749e+01	-5.456420e+04	1982	8	30	12
	118	93	147.500000	26.250000	9.659427e+04	3.274338e+01	-5.456420e+04	1982	8	30	18
	117	93	146.250000	26.250000	9.714170e+04	3.200448e+01	-5.264210e+04	1982	8	31	0
	117	94	146.250000	27.500000	9.708936e+04	3.249478e+01	-5.551545e+04	1982	8	31	6
	116	94	145.000000	27.500000	9.720588e+04	3.094752e+01	-5.262248e+04	1982	8	31	12
	116	94	145.000000	27.500000	9.685564e+04	3.135189e+01	-5.262248e+04	1982	8	31	18
	116	94	145.000000	27.500000	9.746001e+04	2.850508e+01	-5.262248e+04	1982	9	1	0
	115	94	143.750000	27.500000	9.677900e+04	3.235319e+01	-6.713633e+04	1982	9	1	6
	115	94	143.750000	27.500000	9.718481e+04	2.968301e+01	-6.713633e+04	1982	9	1	12
	114	94	142.500000	27.500000	9.656355e+04	3.325579e+01	-1.608291e+04	1982	9	1	18
	113	94	141.250000	27.500000	9.699648e+04	3.162271e+01	-4.037398e+04	1982	9	2	0
	113	94	141.250000	27.500000	9.694231e+04	3.242549e+01	-4.037398e+04	1982	9	2	6
	112	94	140.000000	27.500000	9.720970e+04	2.962969e+01	-3.785367e+04	1982	9	2	12
	112	95	140.000000	28.750000	9.741350e+04	2.799402e+01	-2.675254e+04	1982	9	2	18
	112	95	140.000000	28.750000	9.759006e+04	2.731942e+01	-2.675254e+04	1982	9	3	0
	111	95	138.750000	28.750000	9.728369e+04	2.724741e+01	-3.506858e+04	1982	9	3	6
	112	96	140.000000	30.000000	9.757127e+04	2.539791e+01	-2.914536e+04	1982	9	3	12
	112	96	140.000000	30.000000	9.705022e+04	3.130251e+01	-2.914536e+04	1982	9	3	18
	113	97	141.250000	31.250000	9.744555e+04	3.064452e+01	-3.368584e+04	1982	9	4	0
	114	97	142.500000	31.250000	9.698384e+04	3.296662e+01	-7.396176e+04	1982	9	4	6
	116	98	145.000000	32.500000	9.741882e+04	3.335611e+01	-4.763090e+04	1982	9	4	12
	117	100	146.250000	35.000000	9.742275e+04	3.666059e+01	-5.796711e+04	1982	9	4	18
	118	101	147.500000	36.250000	9.764341e+04	2.923045e+01	-5.658437e+04	1982	9	5	0
	119	102	148.750000	37.500000	9.767266e+04	3.081930e+01	-5.688838e+04	1982	9	5	6
	120	103	150.000000	38.750000	9.768845e+04	3.090031e+01	-5.193602e+04	1982	9	5	12
	120	104	150.000000	40.000000	9.793327e+04	2.539556e+01	-4.503214e+04	1982	9	5	18
	121	105	151.250000	41.250000	9.808377e+04	2.703583e+01	-5.205370e+04	1982	9	6	0
	122	106	152.500000	42.500000	9.811162e+04	2.496636e+01	-5.141627e+04	1982	9	6	6
	124	107	155.000000	43.750000	9.830850e+04	2.259834e+01	-5.318146e+04	1982	9	6	12
start	16	1982	9	8	0
	110	86	137.500000	17.500000	9.895974e+04	2.370073e+01	-4.579705e+04	1982	9	8	0
	108	88	135.000000	20.000000	9.848645e+04	2.700636e+01	-5.653534e+04	1982	9	8	18
	108	89	135.000000	21.250000	9.832534e+04	2.619106e+01	-5.623133e+04	1982	9	9	0
	107	90	133.750000	22.500000	9.777927e+04	2.559572e+01	-5.449555e+04	1982	9	9	6
	107	91	133.750000	23.750000	9.813291e+04	2.629493e+01	-4.392398e+04	1982	9	9	12
	107	91	133.750000	23.750000	9.749856e+04	2.793939e+01	-4.392398e+04	1982	9	9	18
	107	92	133.750000	25.000000	9.766079e+04	2.780436e+01	-4.338462e+04	1982	9	10	0
	107	92	133.750000	25.000000	9.753166e+04	2.636813e+01	-4.338462e+04	1982	9	10	6
	107	93	133.750000	26.250000	9.786428e+04	2.412634e+01	-5.145549e+04	1982	9	10	12
	108	93	135.000000	26.250000	9.703843e+04	2.652094e+01	-4.581667e+04	1982	9	10	18
	108	94	135.000000	27.500000	9.736966e+04	3.221638e+01	-3.554911e+04	1982	9	11	0
	109	94	136.250000	27.500000	9.710710e+04	2.848183e+01	-5.037676e+04	1982	9	11	6
	109	95	136.250000	28.750000	9.701702e+04	3.145343e+01	-4.666004e+04	1982	9	11	12
	110	96	137.500000	30.000000	9.708118e+04	3.123689e+01	-4.432606e+04	1982	9	11	18
	110	97	137.500000	31.250000	9.688745e+04	3.004945e+01	-4.089373e+04	1982	9	12	0
	110	99	137.500000	33.750000	9.699441e+04	2.791383e+01	-2.651718e+04	1982	9	12	6
start	16	1982	9	16	0
	234	96	292.500000	30.000000	9.916858e+04	2.358221e+01	-4.963146e+04	1982	9	16	0
	235	99	293.750000	33.750000	9.888203e+04	2.645713e+01	-5.028850e+04	1982	9	16	12
	236	100	295.000000	35.000000	9.871862e+04	2.807967e+01	-4.832717e+04	1982	9	16	18
	236	101	295.000000	36.250000	9.875093e+04	2.765457e+01	-4.884692e+04	1982	9	17	0
	236	102	295.000000	37.500000	9.858906e+04	2.439208e+01	-4.895480e+04	1982	9	17	6
	236	102	295.000000	37.500000	9.850088e+04	2.511086e+01	-4.895480e+04	1982	9	17	12
	237	102	296.250000	37.500000	9.837456e+04	2.439492e+01	-4.936668e+04	1982	9	17	18
	238	103	297.500000	38.750000	9.823266e+04	2.314201e+01	-4.929803e+04	1982	9	18	0
	240	104	300.000000	40.000000	9.798052e+04	2.912430e+01	-4.987662e+04	1982	9	18	6
	241	105	301.250000	41.250000	9.807053e+04	2.718941e+01	-4.873905e+04	1982	9	18	12
	243	107	303.750000	43.750000	9.810183e+04	2.400060e+01	-3.093017e+04	1982	9	18	18
	245	108	306.250000	45.000000	9.823438e+04	2.654618e+01	-8.531785e+02	1982	9	19	0
	247	110	308.750000	47.500000	9.844297e+04	2.537423e+01	-1.196411e+03	1982	9	19	6
	250	111	312.500000	48.750000	9.844053e+04	2.538239e+01	-2.373209e+04	1982	9	19	12
	253	112	316.250000	50.000000	9.862859e+04	2.247950e+01	-4.153116e+04	1982	9	19	18
	257	113	321.250000	51.250000	9.875239e+04	1.966581e+01	-3.745160e+04	1982	9	20	0
start	25	1982	9	18	6
	102	88	127.500000	20.000000	9.888052e+04	1.980950e+01	-5.166143e+04	1982	9	18	6
	102	88	127.500000	20.000000	9.874241e+04	2.298284e+01	-5.166143e+04	1982	9	18	12
	101	88	126.250000	20.000000	9.827058e+04	2.317485e+01	-5.191641e+04	1982	9	18	18
	101	88	126.250000	20.000000	9.838125e+04	2.614567e+01	-5.191641e+04	1982	9	19	0
	100	89	125.000000	21.250000	9.807422e+04	2.630100e+01	-5.620191e+04	1982	9	19	6
	100	88	125.000000	20.000000	9.819678e+04	2.639691e+01	-5.751600e+04	1982	9	19	12
	100	89	125.000000	21.250000	9.794734e+04	2.694689e+01	-5.620191e+04	1982	9	19	18
	99	89	123.750000	21.250000	9.777773e+04	2.943816e+01	-4.935687e+04	1982	9	20	12
	99	89	123.750000	21.250000	9.757912e+04	2.842606e+01	-4.935687e+04	1982	9	20	18
	100	89	125.000000	21.250000	9.755315e+04	3.219381e+01	-5.620191e+04	1982	9	21	0
	100	89	125.000000	21.250000	9.695781e+04	3.163985e+01	-5.620191e+04	1982	9	21	6
	100	89	125.000000	21.250000	9.722407e+04	3.011895e+01	-5.620191e+04	1982	9	21	12
	100	89	125.000000	21.250000	9.741326e+04	3.120288e+01	-5.620191e+04	1982	9	21	18
	100	90	125.000000	22.500000	9.735059e+04	3.039953e+01	-5.426020e+04	1982	9	22	0
	101	90	126.250000	22.500000	9.737383e+04	3.096465e+01	-5.896739e+04	1982	9	22	6
	101	91	126.250000	23.750000	9.761226e+04	2.922288e+01	-5.574100e+04	1982	9	22	12
	101	91	126.250000	23.750000	9.761064e+04	2.839885e+01	-5.574100e+04	1982	9	22	18
	102	91	127.500000	23.750000	9.777334e+04	2.845298e+01	-5.595675e+04	1982	9	23	0
	103	92	128.750000	25.000000	9.780278e+04	2.666312e+01	-5.352470e+04	1982	9	23	6
	104	93	130.000000	26.250000	9.809978e+04	2.820951e+01	-5.542719e+04	1982	9	23	18
	105	94	131.250000	27.500000	9.819362e+04	2.637089e+01	-5.623133e+04	1982	9	24	0
	105	95	131.250000	28.750000	9.807105e+04	2.623667e+01	-4.022688e+04	1982	9	24	6
	106	97	132.500000	31.250000	9.811626e+04	2.472530e+01	-2.797837e+04	1982	9	24	12
	106	99	132.500000	33.750000	9.840549e+04	2.358818e+01	-4.216859e+02	1982	9	24	18
	106	100	132.500000	35.000000	9.925276e+04	2.504823e+01	4.805258e+02	1982	9	25	0
start	12	1982	9	21	12
	201	85	251.250000	16.250000	9.809282e+04	2.566119e+01	-2.598762e+04	1982	9	21	12
	200	86	250.000000	17.500000	9.804763e+04	2.952640e+01	-3.361720e+04	1982	9	21	18
	199	86	248.750000	17.500000	9.739121e+04	3.094998e+01	-2.763514e+04	1982	9	22	0
	198	87	247.500000	18.750000	9.726133e+04	3.190171e+01	-3.319551e+04	1982	9	22	6
	197	88	246.250000	20.000000	9.696538e+04	3.247911e+01	-3.671610e+04	1982	9	22	12
	195	88	243.750000	20.000000	9.702314e+04	3.136164e+01	-3.799096e+04	1982	9	22	18
	194	89	242.500000	21.250000	9.724834e+04	2.986434e+01	-4.125658e+04	1982	9	23	0
	192	89	240.000000	21.250000	9.783716e+04	2.964673e+01	-3.670629e+04	1982	9	23	6
	192	89	240.000000	21.250000	9.809980e+04	2.548473e+01	-3.670629e+04	1982	9	23	12
	191	90	238.750000	22.500000	9.866228e+04	2.354423e+01	-4.036417e+04	1982	9	23	18
	190	91	237.500000	23.750000	9.919362e+04	1.984356e+01	-4.140368e+04	1982	9	24	0
	190	91	237.500000	23.750000	9.947730e+04	1.905873e+01	-4.140368e+04	1982	9	24	6
start	21	1982	10	4	6
	112	84	140.000000	15.000000	9.823474e+04	2.554121e+01	-4.844485e+04	1982	10	4	6
	112	84	140.000000	15.000000	9.782109e+04	2.616430e+01	-4.844485e+04	1982	10	4	12
	111	85	138.750000	16.250000	9.743335e+04	2.830005e+01	-4.465948e+04	1982	10	4	18
	110	85	137.500000	16.250000	9.708352e+04	3.042091e+01	-5.427000e+04	1982	10	5	0
	110	85	137.500000	16.250000	9.680605e+04	3.215036e+01	-5.427000e+04	1982	10	5	6
	109	86	136.250000	17.500000	9.678650e+04	3.091057e+01	-4.989623e+04	1982	10	5	12
	109	86	136.250000	17.500000	9.625947e+04	3.209993e+01	-4.989623e+04	1982	10	5	18
	109	87	136.250000	18.750000	9.623867e+04	3.283489e+01	-5.144569e+04	1982	10	6	0
	109	88	136.250000	20.000000	9.641975e+04	3.027015e+01	-3.398004e+04	1982	10	6	6
	108	88	135.000000	20.000000	9.605373e+04	3.416592e+01	-5.653534e+04	1982	10	6	12
	108	89	135.000000	21.250000	9.564734e+04	3.508573e+01	-5.623133e+04	1982	10	6	18
	108	90	135.000000	22.500000	9.573477e+04	3.439571e+01	-3.461747e+04	1982	10	7	0
	109	91	136.250000	23.750000	9.598662e+04	3.404593e+01	-3.815768e+04	1982	10	7	6
	109	92	136.250000	25.000000	9.575725e+04	3.469222e+01	-4.269815e+04	1982	10	7	12
	109	93	136.250000	26.250000	9.590256e+04	3.274675e+01	-4.746419e+04	1982	10	7	18
	110	94	137.500000	27.500000	9.612884e+04	3.409279e+01	-4.528711e+04	1982	10	8	0
	111	96	138.750000	30.000000	9.614563e+04	3.356397e+01	-2.511483e+04	1982	10	8	6
	112	97	140.000000	31.250000	9.639666e+04	3.321060e+01	-7.717833e+03	1982	10	8	12
	114	98	142.500000	32.500000	9.696909e+04	3.058890e+01	-7.432460e+04	1982	10	8	18
	115	100	143.750000	35.000000	9.737041e+04	3.399911e+01	-5.566255e+04	1982	10	9	0
	117	100	146.250000	35.000000	9.779827e+04	3.267841e+01	-5.796711e+04	1982	10	9	6
start	17	1982	10	19	12
	115	89	143.750000	21.250000	9.837292e+04	2.308018e+01	-3.914815e+04	1982	10	19	12
	115	90	143.750000	22.500000	9.783355e+04	2.523124e+01	-3.708875e+04	1982	10	19	18
	115	91	143.750000	23.750000	9.768743e+04	2.750919e+01	-6.479254e+04	1982	10	20	0
	116	92	145.000000	25.000000	9.713628e+04	2.745467e+01	-4.965107e+04	1982	10	20	6
	117	93	146.250000	26.250000	9.688366e+04	2.918237e+01	-5.264210e+04	1982	10	20	12
	118	94	147.500000	27.500000	9.628428e+04	3.002323e+01	-5.679031e+04	1982	10	20	18
	119	95	148.750000	28.750000	9.619334e+04	3.210368e+01	-6.080123e+04	1982	10	21	0
	121	96	151.250000	30.000000	9.652808e+04	3.256595e+01	-5.959501e+04	1982	10	21	6
	122	97	152.500000	31.250000	9.714902e+04	2.816615e+01	-5.688838e+04	1982	10	21	12
	123	97	153.750000	31.250000	9.717473e+04	2.787006e+01	-5.784943e+04	1982	10	21	18
	124	97	155.000000	31.250000	9.769460e+04	2.471230e+01	-5.428961e+04	1982	10	22	0
	125	96	156.250000	30.000000	9.781233e+04	2.446317e+01	-5.703548e+04	1982	10	22	6
	126	95	157.500000	28.750000	9.824778e+04	2.489664e+01	-5.827111e+04	1982	10	22	12
	127	94	158.750000	27.500000	9.820400e+04	2.419132e+01	-5.862415e+04	1982	10	22	18
	127	94	158.750000	27.500000	9.863405e+04	2.353746e+01	-5.862415e+04	1982	10	23	0
	128	93	160.000000	26.250000	9.847088e+04	2.483751e+01	-5.897719e+04	1982	10	23	6
	129	93	161.250000	26.250000	9.875115e+04	1.773854e+01	-5.884971e+04	1982	10	23	12
start	10	1983	4	11	18
	169	60	211.250000	-15.000000	9.863486e+04	2.540099e+01	-1.999576e+04	1983	4	11	18
	169	60	211.250000	-15.000000	9.805813e+04	2.641945e+01	-1.999576e+04	1983	4	12	0
	169	59	211.250000	-16.250000	9.814770e+04	2.727448e+01	-4.224705e+04	1983	4	12	6
	169	58	211.250000	-17.500000	9.797805e+04	2.704816e+01	-3.323474e+04	1983	4	12	12
	169	57	211.250000	-18.750000	9.785517e+04	2.527034e+01	-3.211678e+04	1983	4	13	0
	171	56	213.750000	-20.000000	9.775840e+04	2.682847e+01	-4.414954e+04	1983	4	13	6
	173	54	216.250000	-22.500000	9.779714e+04	3.129327e+01	-4.458103e+04	1983	4	13	12
	174	53	217.500000	-23.750000	9.801877e+04	2.872225e+01	-4.626777e+04	1983	4	13	18
	175	51	218.750000	-26.250000	9.793242e+04	2.659786e+01	-4.303158e+04	1983	4	14	0
	177	49	221.250000	-28.750000	9.813672e+04	2.533952e+01	-3.491168e+04	1983	4	14	6
start	13	1983	6	13	18
	199	83	248.750000	13.750000	9.891580e+04	2.280434e+01	-3.652977e+04	1983	6	13	18
	198	83	247.500000	13.750000	9.844663e+04	2.363702e+01	-3.861859e+04	1983	6	14	0
	198	83	247.500000	13.750000	9.822927e+04	2.622614e+01	-3.861859e+04	1983	6	14	6
	198	83	247.500000	13.750000	9.798723e+04	2.685778e+01	-3.861859e+04	1983	6	14	12
	197	84	246.250000	15.000000	9.830547e+04	2.764140e+01	-3.835381e+04	1983	6	14	18
	197	84	246.250000	15.000000	9.796621e+04	2.666229e+01	-3.835381e+04	1983	6	15	0
	197	84	246.250000	15.000000	9.799427e+04	2.768920e+01	-3.835381e+04	1983	6	15	6
	197	85	246.250000	16.250000	9.840005e+04	2.608285e+01	-3.571582e+04	1983	6	15	12
	197	85	246.250000	16.250000	9.815970e+04	2.604419e+01	-3.571582e+04	1983	6	15	18
	197	86	246.250000	17.500000	9.846033e+04	2.438073e+01	-3.500974e+04	1983	6	16	0
	196	86	245.000000	17.500000	9.892837e+04	2.344652e+01	-3.688281e+04	1983	6	16	6
	197	86	246.250000	17.500000	9.917331e+04	2.184651e+01	-3.500974e+04	1983	6	16	12
	196	87	245.000000	18.750000	9.931321e+04	2.130754e+01	-3.665726e+04	1983	6	16	18
start	18	1983	7	29	18
	202	82	252.500000	12.500000	9.923570e+04	2.266916e+01	-3.473516e+04	1983	7	29	18
	200	81	250.000000	11.250000	9.889019e+04	2.695887e+01	-3.567659e+04	1983	7	30	6
	199	82	248.750000	12.500000	9.858005e+04	2.668612e+01	-3.940312e+04	1983	7	30	12
	198	81	247.500000	11.250000	9.850884e+04	2.817531e+01	-3.896182e+04	1983	7	30	18
	197	82	246.250000	12.500000	9.808352e+04	3.114320e+01	-4.065837e+04	1983	7	31	0
	195	81	243.750000	11.250000	9.836970e+04	3.073534e+01	-4.106045e+04	1983	7	31	6
	195	82	243.750000	12.500000	9.743323e+04	3.303006e+01	-3.999152e+04	1983	7	31	12
	194	82	242.500000	12.500000	9.810154e+04	3.007873e+01	-3.992287e+04	1983	7	31	18
	193	82	241.250000	12.500000	9.731126e+04	3.310189e+01	-4.295313e+04	1983	8	1	0
	192	82	240.000000	12.500000	9.793381e+04	3.295734e+01	-4.272757e+04	1983	8	1	6
	191	83	238.750000	13.750000	9.755835e+04	3.279053e+01	-4.131542e+04	1983	8	1	12
	190	83	237.500000	13.750000	9.813845e+04	3.177104e+01	-4.402205e+04	1983	8	1	18
	189	84	236.250000	15.000000	9.795286e+04	3.045592e+01	-4.134484e+04	1983	8	2	0
	188	84	235.000000	15.000000	9.825327e+04	2.950454e+01	-4.421818e+04	1983	8	2	6
	187	85	233.750000	16.250000	9.862122e+04	2.593817e+01	-4.487523e+04	1983	8	2	12
	186	85	232.500000	16.250000	9.892168e+04	2.849656e+01	-4.576764e+04	1983	8	2	18
	185	85	231.250000	16.250000	9.915712e+04	2.440260e+01	-4.861156e+04	1983	8	3	0
	184	86	230.000000	17.500000	9.945852e+04	2.294103e+01	-4.108986e+04	1983	8	3	6
start	32	1983	8	8	6
	106	85	132.500000	16.250000	9.813245e+04	2.687128e+01	-5.921255e+04	1983	8	8	6
	106	85	132.500000	16.250000	9.773821e+04	2.965732e+01	-5.921255e+04	1983	8	8	12
	105	86	131.250000	17.500000	9.717988e+04	3.306961e+01	-5.795730e+04	1983	8	8	18
	105	86	131.250000	17.500000	9.699114e+04	3.365524e+01	-5.795730e+04	1983	8	9	0
	105	87	131.250000	18.750000	9.701784e+04	3.359347e+01	-6.146808e+04	1983	8	9	6
	105	87	131.250000	18.750000	9.672231e+04	3.520161e+01	-6.146808e+04	1983	8	9	12
	104	87	130.000000	18.750000	9.639382e+04	3.142338e+01	-5.560371e+04	1983	8	9	18
	104	87	130.000000	18.750000	9.664355e+04	3.253783e+01	-5.560371e+04	1983	8	10	0
	104	88	130.000000	20.000000	9.641734e+04	3.261319e+01	-5.650592e+04	1983	8	10	6
	104	88	130.000000	20.000000	9.649158e+04	3.425257e+01	-5.650592e+04	1983	8	10	12
	104	88	130.000000	20.000000	9.645046e+04	3.332015e+01	-5.650592e+04	1983	8	10	18
	105	89	131.250000	21.250000	9.596109e+04	3.374172e+01	-5.834957e+04	1983	8	11	6
	104	89	130.000000	21.250000	9.631296e+04	3.612366e+01	-5.557429e+04	1983	8	11	12
	104	90	130.000000	22.500000	9.615400e+04	3.401656e+01	-5.210273e+04	1983	8	11	18
	104	90	130.000000	22.500000	9.597666e+04	3.486546e+01	-5.210273e+04	1983	8	12	0
	105	90	131.250000	22.500000	9.559297e+04	3.406708e+01	-5.749639e+04	1983	8	12	6
	105	91	131.250000	23.750000	9.570571e+04	3.297189e+01	-4.479678e+04	1983	8	12	12
	105	91	131.250000	23.750000	9.533038e+04	3.616448e+01	-4.479678e+04	1983	8	12	18
	105	92	131.250000	25.000000	9.606662e+04	3.535255e+01	-2.738017e+04	1983	8	13	0
	106	92	132.500000	25.000000	9.510779e+04	3.622057e+01	-5.064154e+04	1983	8	13	6
	106	92	132.500000	25.000000	9.566397e+04	3.827340e+01	-5.064154e+04	1983	8	13	12
	106	93	132.500000	26.250000	9.549568e+04	3.220656e+01	-5.280881e+04	1983	8	13	18
	107	93	133.750000	26.250000	9.599099e+04	3.166903e+01	-5.145549e+04	1983	8	14	0
	107	94	133.750000	27.500000	9.529800e+04	3.546616e+01	-4.648352e+04	1983	8	14	6
	107	94	133.750000	27.500000	9.543186e+04	3.270568e+01	-4.648352e+04	1983	8	14	12
	107	95	133.750000	28.750000	9.565866e+04	3.110207e+01	-3.535297e+04	1983	8	14	18
	107	95	133.750000	28.750000	9.552446e+04	3.350404e+01	-3.535297e+04	1983	8	15	0
	107	95	133.750000	28.750000	9.552727e+04	3.370310e+01	-3.535297e+04	1983	8	15	6
	107	96	133.750000	30.000000	9.633745e+04	3.206901e+01	-4.563034e+04	1983	8	15	12
	108	96	135.000000	30.000000	9.623069e+04	3.086691e+01	-4.601280e+04	1983	8	15	18
	108	97	135.000000	31.250000	9.652295e+04	3.101155e+01	-4.267854e+04	1983	8	16	0
	109	98	136.250000	32.500000	9.695083e+04	2.947535e+01	-4.416915e+04	1983	8	16	12
start	13	1983	9	3	0
	203	86	253.750000	17.500000	9.825100e+04	2.663947e+01	-2.874329e+04	1983	9	3	0
	202	86	252.500000	17.500000	9.821848e+04	2.819465e+01	-3.897163e+04	1983	9	3	6
	202	87	252.500000	18.750000	9.785102e+04	2.956957e+01	-1.866205e+04	1983	9	3	12
	201	87	251.250000	18.750000	9.793459e+04	2.851316e+01	-3.406830e+04	1983	9	3	18
	201	88	251.250000	20.000000	9.803169e+04	2.747181e+01	-2.745862e+04	1983	9	4	0
	200	88	250.000000	20.000000	9.777722e+04	2.857184e+01	-2.677215e+04	1983	9	4	6
	199	89	248.750000	21.250000	9.795634e+04	2.842005e+01	-3.322493e+04	1983	9	4	12
	199	88	248.750000	20.000000	9.807693e+04	2.750699e+01	-3.148915e+04	1983	9	4	18
	198	89	247.500000	21.250000	9.805486e+04	2.777296e+01	-2.729191e+04	1983	9	5	0
	198	89	247.500000	21.250000	9.814165e+04	2.699573e+01	-2.729191e+04	1983	9	5	6
	197	89	246.250000	21.250000	9.798025e+04	2.873085e+01	-3.643170e+04	1983	9	5	12
	197	89	246.250000	21.250000	9.815547e+04	2.702039e+01	-3.643170e+04	1983	9	5	18
	197	89	246.250000	21.250000	9.835015e+04	2.491533e+01	-3.643170e+04	1983	9	6	0
start	22	1983	9	23	0
	107	87	133.750000	18.750000	9.778884e+04	3.076816e+01	-5.971269e+04	1983	9	23	0
	106	87	132.500000	18.750000	9.676762e+04	3.242909e+01	-5.853589e+04	1983	9	23	6
	105	88	131.250000	20.000000	9.646702e+04	3.491798e+01	-5.822208e+04	1983	9	23	12
	105	88	131.250000	20.000000	9.597259e+04	3.783725e+01	-5.822208e+04	1983	9	23	18
	104	89	130.000000	21.250000	9.572705e+04	3.719304e+01	-5.557429e+04	1983	9	24	0
	104	89	130.000000	21.250000	9.532720e+04	3.787264e+01	-5.557429e+04	1983	9	24	6
	103	90	128.750000	22.500000	9.496662e+04	3.950159e+01	-3.668668e+04	1983	9	24	12
	102	90	127.500000	22.500000	9.525330e+04	3.734523e+01	-5.607443e+04	1983	9	24	18
	102	91	127.500000	23.750000	9.488479e+04	4.056287e+01	-5.595675e+04	1983	9	25	0
	102	92	127.500000	25.000000	9.593411e+04	3.565390e+01	-3.566679e+04	1983	9	25	6
	101	92	126.250000	25.000000	9.519898e+04	3.753083e+01	-1.010085e+04	1983	9	25	12
	101	93	126.250000	26.250000	9.605178e+04	3.636097e+01	-1.427848e+04	1983	9	25	18
	100	93	125.000000	26.250000	9.606880e+04	3.539628e+01	-1.324878e+04	1983	9	26	0
	100	94	125.000000	27.500000	9.604934e+04	3.413654e+01	-9.610517e+02	1983	9	26	6
	99	95	123.750000	28.750000	9.638186e+04	3.676411e+01	-7.943386e+02	1983	9	26	12
	99	95	123.750000	28.750000	9.641621e+04	3.456435e+01	-7.943386e+02	1983	9	26	18
	99	96	123.750000	30.000000	9.709226e+04	3.225342e+01	-6.766589e+02	1983	9	27	0
	100	96	125.000000	30.000000	9.766655e+04	2.911434e+01	-6.080123e+02	1983	9	27	6
	101	97	126.250000	31.250000	9.795210e+04	2.591134e+01	-8.139520e+02	1983	9	27	12
	102	97	127.500000	31.250000	9.823027e+04	2.502976e+01	-1.265058e+03	1983	9	27	18
	103	98	128.750000	32.500000	9.839427e+04	2.841334e+01	-1.882877e+03	1983	9	28	0
	110	99	137.500000	33.750000	9.906045e+04	2.392505e+01	-2.651718e+04	1983	9	28	12
start	17	1983	10	11	12
	191	82	238.750000	12.500000	9.853379e+04	2.371204e+01	-4.333559e+04	1983	10	11	12
	190	82	237.500000	12.500000	9.846052e+04	2.779098e+01	-4.423780e+04	1983	10	11	18
	188	82	235.000000	12.500000	9.832620e+04	2.722828e+01	-4.553228e+04	1983	10	12	0
	187	83	233.750000	13.750000	9.831243e+04	2.749370e+01	-4.563034e+04	1983	10	12	6
	186	83	232.500000	13.750000	9.826565e+04	2.958900e+01	-4.589512e+04	1983	10	12	12
	184	83	230.000000	13.750000	9.853787e+04	2.899967e+01	-4.734651e+04	1983	10	12	18
	183	84	228.750000	15.000000	9.812854e+04	2.946489e+01	-4.984720e+04	1983	10	13	0
	181	84	226.250000	15.000000	9.853052e+04	3.058256e+01	-4.867040e+04	1983	10	13	6
	180	84	225.000000	15.000000	9.843535e+04	2.733702e+01	-4.616971e+04	1983	10	13	12
	179	85	223.750000	16.250000	9.858850e+04	2.886632e+01	-4.746419e+04	1983	10	13	18
	177	85	221.250000	16.250000	9.846788e+04	3.023630e+01	-5.393657e+04	1983	10	14	0
	177	85	221.250000	16.250000	9.887183e+04	2.761857e+01	-5.393657e+04	1983	10	14	6
	175	86	218.750000	17.500000	9.843279e+04	2.719520e+01	-5.351489e+04	1983	10	14	12
	174	86	217.500000	17.500000	9.834397e+04	2.849008e+01	-5.358354e+04	1983	10	14	18
	173	86	216.250000	17.500000	9.820850e+04	2.982325e+01	-5.270094e+04	1983	10	15	0
	172	86	215.000000	17.500000	9.848987e+04	2.728791e+01	-5.465246e+04	1983	10	15	6
	172	87	215.000000	18.750000	9.841704e+04	2.677547e+01	-5.280881e+04	1983	10	15	12
start	14	1983	11	3	12
	110	86	137.500000	17.500000	9.877063e+04	2.518076e+01	-4.579705e+04	1983	11	3	12
	109	86	136.250000	17.500000	9.838581e+04	2.779241e+01	-4.989623e+04	1983	11	3	18
	108	87	135.000000	18.750000	9.851057e+04	2.724515e+01	-5.540757e+04	1983	11	4	0
	107	87	133.750000	18.750000	9.756098e+04	2.947960e+01	-5.971269e+04	1983	11	4	6
	107	87	133.750000	18.750000	9.779438e+04	2.934628e+01	-5.971269e+04	1983	11	4	12
	107	88	133.750000	20.000000	9.693030e+04	3.818699e+01	-5.818286e+04	1983	11	4	18
	107	88	133.750000	20.000000	9.744666e+04	3.272087e+01	-5.818286e+04	1983	11	5	0
	107	88	133.750000	20.000000	9.669553e+04	3.503202e+01	-5.818286e+04	1983	11	5	6
	108	90	135.000000	22.500000	9.671712e+04	3.547720e+01	-3.461747e+04	1983	11	6	0
	110	91	137.500000	23.750000	9.633157e+04	3.464788e+01	-4.869982e+04	1983	11	6	6
	112	92	140.000000	25.000000	9.691580e+04	3.878553e+01	-2.329079e+04	1983	11	6	12
	114	94	142.500000	27.500000	9.671628e+04	3.612443e+01	-1.608291e+04	1983	11	6	18
	118	96	147.500000	30.000000	9.718279e+04	3.415469e+01	-6.129156e+04	1983	11	7	0
	121	99	151.250000	33.750000	9.694907e+04	3.833144e+01	-5.883990e+04	1983	11	7	6
start	14	1983	11	21	0
	101	83	126.250000	13.750000	9.861113e+04	2.220389e+01	-5.362276e+04	1983	11	21	0
	101	83	126.250000	13.750000	9.826858e+04	2.373598e+01	-5.362276e+04	1983	11	21	6
	101	84	126.250000	15.000000	9.796191e+04	2.606790e+01	-5.375025e+04	1983	11	22	6
	101	85	126.250000	16.250000	9.807705e+04	2.677262e+01	-4.302177e+04	1983	11	22	18
	101	85	126.250000	16.250000	9.803098e+04	2.835926e+01	-4.302177e+04	1983	11	23	0
	101	85	126.250000	16.250000	9.767491e+04	2.825938e+01	-4.302177e+04	1983	11	23	6
	101	86	126.250000	17.500000	9.772317e+04	2.932025e+01	-4.658159e+04	1983	11	23	12
	101	86	126.250000	17.500000	9.769021e+04	3.082223e+01	-4.658159e+04	1983	11	23	18
	101	86	126.250000	17.500000	9.782491e+04	2.965321e+01	-4.658159e+04	1983	11	24	0
	100	86	125.000000	17.500000	9.783491e+04	3.211346e+01	-3.574524e+04	1983	11	24	6
	100	86	125.000000	17.500000	9.839402e+04	2.772448e+01	-3.574524e+04	1983	11	24	12
	100	86	125.000000	17.500000	9.840376e+04	2.902672e+01	-3.574524e+04	1983	11	24	18
	100	86	125.000000	17.500000	9.924329e+04	2.633986e+01	-3.574524e+04	1983	11	25	0
	100	87	125.000000	18.750000	9.942239e+04	2.500105e+01	-5.522125e+04	1983	11	25	6
start	27	1984	2	14	0
	69	58	86.250000	-17.500000	9.892168e+04	2.150105e+01	-4.700327e+04	1984	2	14	0
	67	57	83.750000	-18.750000	9.900720e+04	2.055828e+01	-4.977855e+04	1984	2	15	0
	66	57	82.500000	-18.750000	9.898828e+04	2.163033e+01	-5.011198e+04	1984	2	15	6
	65	56	81.250000	-20.000000	9.917993e+04	2.310575e+01	-4.390437e+04	1984	2	15	18
	65	56	81.250000	-20.000000	9.893501e+04	2.003764e+01	-4.390437e+04	1984	2	16	0
	65	56	81.250000	-20.000000	9.875627e+04	2.285624e+01	-4.390437e+04	1984	2	16	6
	64	56	80.000000	-20.000000	9.823796e+04	2.618638e+01	-4.749361e+04	1984	2	16	12
	64	56	80.000000	-20.000000	9.857830e+04	2.381214e+01	-4.749361e+04	1984	2	16	18
	63	56	78.750000	-20.000000	9.789167e+04	2.796692e+01	-4.904306e+04	1984	2	17	0
	62	56	77.500000	-20.000000	9.797634e+04	2.908512e+01	-4.796432e+04	1984	2	17	6
	62	56	77.500000	-20.000000	9.795515e+04	2.729940e+01	-4.796432e+04	1984	2	17	12
	62	56	77.500000	-20.000000	9.835173e+04	2.929783e+01	-4.796432e+04	1984	2	17	18
	61	56	76.250000	-20.000000	9.768352e+04	2.844419e+01	-4.476736e+04	1984	2	18	0
	60	56	75.000000	-20.000000	9.793848e+04	3.033947e+01	-4.501252e+04	1984	2	18	6
	60	56	75.000000	-20.000000	9.795679e+04	2.983936e+01	-4.501252e+04	1984	2	18	12
	59	56	73.750000	-20.000000	9.808442e+04	2.977137e+01	-4.351211e+04	1984	2	18	18
	58	55	72.500000	-21.250000	9.810464e+04	2.959757e+01	-4.051127e+04	1984	2	19	0
	58	55	72.500000	-21.250000	9.808366e+04	2.858240e+01	-4.051127e+04	1984	2	19	6
	57	55	71.250000	-21.250000	9.770403e+04	3.187626e+01	-4.254125e+04	1984	2	19	12
	56	55	70.000000	-21.250000	9.826436e+04	2.953735e+01	-2.937092e+04	1984	2	19	18
	56	54	70.000000	-22.500000	9.788364e+04	3.095118e+01	-2.802741e+04	1984	2	20	0
	55	53	68.750000	-23.750000	9.829937e+04	2.866166e+01	-2.688003e+04	1984	2	20	6
	55	53	68.750000	-23.750000	9.800405e+04	2.907397e+01	-2.688003e+04	1984	2	20	12
	55	53	68.750000	-23.750000	9.865493e+04	2.623731e+01	-2.688003e+04	1984	2	20	18
	54	52	67.500000	-25.000000	9.847097e+04	2.591535e+01	-4.283545e+04	1984	2	21	0
	54	51	67.500000	-26.250000	9.871067e+04	2.538990e+01	-3.397023e+04	1984	2	21	6
	54	50	67.500000	-27.500000	9.868257e+04	2.717529e+01	-3.858917e+04	1984	2	21	12
start	16	1984	6	28	12
	192	83	240.000000	13.750000	9.910794e+04	2.125956e+01	-4.329636e+04	1984	6	28	12
	191	83	238.750000	13.750000	9.918396e+04	2.316182e+01	-4.131542e+04	1984	6	28	18
	191	83	238.750000	13.750000	9.839993e+04	2.636438e+01	-4.131542e+04	1984	6	29	0
	189	83	236.250000	13.750000	9.853372e+04	2.876055e+01	-4.424761e+04	1984	6	29	6
	189	83	236.250000	13.750000	9.823767e+04	2.773803e+01	-4.424761e+04	1984	6	29	12
	188	84	235.000000	15.000000	9.812817e+04	2.949188e+01	-4.421818e+04	1984	6	29	18
	187	84	233.750000	15.000000	9.780796e+04	2.867666e+01	-4.500272e+04	1984	6	30	0
	186	84	232.500000	15.000000	9.803821e+04	3.134818e+01	-4.631681e+04	1984	6	30	6
	186	84	232.500000	15.000000	9.823830e+04	2.882942e+01	-4.631681e+04	1984	6	30	12
	185	85	231.250000	16.250000	9.852183e+04	2.774266e+01	-4.861156e+04	1984	6	30	18
	184	85	230.000000	16.250000	9.845364e+04	2.494509e+01	-4.775839e+04	1984	7	1	0
	184	85	230.000000	16.250000	9.843726e+04	2.771314e+01	-4.775839e+04	1984	7	1	6
	183	85	228.750000	16.250000	9.872470e+04	2.560892e+01	-4.913132e+04	1984	7	1	12
	183	86	228.750000	17.500000	9.889555e+04	2.525091e+01	-5.102400e+04	1984	7	1	18
	182	86	227.500000	17.500000	9.897205e+04	2.473080e+01	-5.036695e+04	1984	7	2	0
	182	86	227.500000	17.500000	9.944348e+04	2.281368e+01	-5.036695e+04	1984	7	2	6
start	16	1984	7	1	6
	199	84	248.750000	15.000000	9.895913e+04	2.116958e+01	-3.462728e+04	1984	7	1	6
	198	85	247.500000	16.250000	9.855595e+04	2.306623e+01	-3.206775e+04	1984	7	1	12
	198	85	247.500000	16.250000	9.802368e+04	2.619543e+01	-3.206775e+04	1984	7	1	18
	197	85	246.250000	16.250000	9.760330e+04	2.866878e+01	-3.571582e+04	1984	7	2	0
	197	85	246.250000	16.250000	9.837473e+04	2.738456e+01	-3.571582e+04	1984	7	2	6
	196	85	245.000000	16.250000	9.784062e+04	2.803910e+01	-3.798116e+04	1984	7	2	12
	195	85	243.750000	16.250000	9.790254e+04	2.951268e+01	-3.836361e+04	1984	7	2	18
	195	85	243.750000	16.250000	9.819126e+04	2.829025e+01	-3.836361e+04	1984	7	3	0
	194	85	242.500000	16.250000	9.828296e+04	2.735463e+01	-3.727508e+04	1984	7	3	6
	193	86	241.250000	17.500000	9.805884e+04	2.673493e+01	-3.854994e+04	1984	7	3	12
	192	86	240.000000	17.500000	9.821206e+04	2.698199e+01	-3.890298e+04	1984	7	3	18
	192	86	240.000000	17.500000	9.837866e+04	2.804755e+01	-3.890298e+04	1984	7	4	0
	191	86	238.750000	17.500000	9.852220e+04	2.897010e+01	-3.946196e+04	1984	7	4	6
	190	85	237.500000	16.250000	9.836962e+04	2.668803e+01	-4.231570e+04	1984	7	4	12
	190	85	237.500000	16.250000	9.866555e+04	2.448540e+01	-4.231570e+04	1984	7	4	18
	190	85	237.500000	16.250000	9.887917e+04	2.486121e+01	-4.231570e+04	1984	7	5	0
start	18	1984	7	28	0
	121	89	151.250000	21.250000	9.787229e+04	2.789470e+01	-5.685896e+04	1984	7	28	0
	122	89	152.500000	21.250000	9.757842e+04	2.776223e+01	-5.461323e+04	1984	7	28	6
	122	89	152.500000	21.250000	9.721673e+04	3.002909e+01	-5.461323e+04	1984	7	28	12
	123	89	153.750000	21.250000	9.707752e+04	3.196544e+01	-5.703548e+04	1984	7	28	18
	123	90	153.750000	22.500000	9.687136e+04	3.145855e+01	-5.598616e+04	1984	7	29	0
	124	91	155.000000	23.750000	9.635141e+04	3.515490e+01	-5.437788e+04	1984	7	29	6
	124	92	155.000000	25.000000	9.702593e+04	3.321726e+01	-5.563312e+04	1984	7	29	12
	124	93	155.000000	26.250000	9.641360e+04	3.492006e+01	-5.815343e+04	1984	7	29	18
	124	95	155.000000	28.750000	9.669824e+04	3.652734e+01	-5.935965e+04	1984	7	30	0
	124	96	155.000000	30.000000	9.672995e+04	3.336013e+01	-5.576061e+04	1984	7	30	6
	125	97	156.250000	31.250000	9.677632e+04	3.755509e+01	-4.462026e+04	1984	7	30	12
	125	98	156.250000	32.500000	9.733655e+04	3.180735e+01	-4.699347e+04	1984	7	30	18
	126	99	157.500000	33.750000	9.768623e+04	3.110247e+01	-4.678753e+04	1984	7	31	0
	127	101	158.750000	36.250000	9.816734e+04	3.136869e+01	-3.153819e+04	1984	7	31	6
	129	101	161.250000	36.250000	9.848433e+04	2.815823e+01	-4.720921e+04	1984	7	31	12
	131	102	163.750000	37.500000	9.864717e+04	2.664486e+01	-4.583628e+04	1984	7	31	18
	133	103	166.250000	38.750000	9.898972e+04	2.765828e+01	-5.261268e+04	1984	8	1	0
	136	104	170.000000	40.000000	9.904275e+04	2.550121e+01	-4.558131e+04	1984	8	1	6
start	17	1984	9	18	6
	198	87	247.500000	18.750000	9.845102e+04	2.377908e+01	-3.319551e+04	1984	9	18	6
	198	87	247.500000	18.750000	9.841973e+04	2.511524e+01	-3.319551e+04	1984	9	18	12
	197	87	246.250000	18.750000	9.832981e+04	2.563293e+01	-3.619634e+04	1984	9	18	18
	197	87	246.250000	18.750000	9.824370e+04	2.790122e+01	-3.619634e+04	1984	9	19	0
	196	88	245.000000	20.000000	9.832962e+04	2.740854e+01	-3.650035e+04	1984	9	19	6
	196	88	245.000000	20.000000	9.807717e+04	2.870916e+01	-3.650035e+04	1984	9	19	12
	195	88	243.750000	20.000000	9.837810e+04	2.859897e+01	-3.799096e+04	1984	9	19	18
	195	88	243.750000	20.000000	9.800677e+04	3.166669e+01	-3.799096e+04	1984	9	20	0
	195	87	243.750000	18.750000	9.771155e+04	2.872379e+01	-4.069760e+04	1984	9	20	6
	195	87	243.750000	18.750000	9.771619e+04	3.013976e+01	-4.069760e+04	1984	9	20	12
	195	86	243.750000	17.500000	9.729277e+04	3.207867e+01	-3.675532e+04	1984	9	20	18
	195	86	243.750000	17.500000	9.688902e+04	3.105013e+01	-3.675532e+04	1984	9	21	0
	196	85	245.000000	16.250000	9.776189e+04	3.053624e+01	-3.798116e+04	1984	9	21	6
	197	85	246.250000	16.250000	9.783755e+04	3.115035e+01	-3.571582e+04	1984	9	21	12
	197	85	246.250000	16.250000	9.747155e+04	3.104393e+01	-3.571582e+04	1984	9	21	18
	199	85	248.750000	16.250000	9.787752e+04	3.007686e+01	-3.042023e+04	1984	9	22	0
	201	86	251.250000	17.500000	9.802593e+04	2.521334e+01	-3.228349e+04	1984	9	23	0
start	25	1984	10	11	0
	230	95	287.500000	28.750000	9.939167e+04	2.092464e+01	-4.464968e+04	1984	10	11	0
	230	95	287.500000	28.750000	9.933694e+04	2.191281e+01	-4.464968e+04	1984	10	11	6
	230	96	287.500000	30.000000	9.898679e+04	2.325775e+01	-5.161240e+04	1984	10	11	12
	230	96	287.500000	30.000000	9.914384e+04	2.280663e+01	-5.161240e+04	1984	10	11	18
	231	97	288.750000	31.250000	9.869145e+04	2.805906e+01	-5.312262e+04	1984	10	12	0
	231	98	288.750000	32.500000	9.856448e+04	2.429895e+01	-5.298533e+04	1984	10	12	6
	231	98	288.750000	32.500000	9.838640e+04	2.884835e+01	-5.298533e+04	1984	10	12	12
	231	99	288.750000	33.750000	9.805127e+04	2.798586e+01	-5.235770e+04	1984	10	12	18
	231	99	288.750000	33.750000	9.806650e+04	2.971711e+01	-5.235770e+04	1984	10	13	0
	231	100	288.750000	35.000000	9.758923e+04	2.986089e+01	-4.335520e+04	1984	10	13	6
	231	100	288.750000	35.000000	9.762780e+04	2.994284e+01	-4.335520e+04	1984	10	13	12
	231	101	288.750000	36.250000	9.754622e+04	3.072236e+01	-4.198227e+04	1984	10	13	18
	231	101	288.750000	36.250000	9.791973e+04	2.848666e+01	-4.198227e+04	1984	10	14	0
	231	101	288.750000	36.250000	9.798101e+04	2.678751e+01	-4.198227e+04	1984	10	14	6
	231	101	288.750000	36.250000	9.796070e+04	2.980268e+01	-4.198227e+04	1984	10	14	12
	231	101	288.750000	36.250000	9.793034e+04	2.550392e+01	-4.198227e+04	1984	10	14	18
	232	101	290.000000	36.250000	9.789622e+04	2.482210e+01	-4.444374e+04	1984	10	15	0
	233	101	291.250000	36.250000	9.782048e+04	2.553481e+01	-4.524788e+04	1984	10	15	6
	235	101	293.750000	36.250000	9.786174e+04	2.447260e+01	-4.892538e+04	1984	10	15	12
	236	102	295.000000	37.500000	9.756762e+04	2.711079e+01	-4.895480e+04	1984	10	15	18
	237	103	296.250000	38.750000	9.763173e+04	2.636966e+01	-4.717979e+04	1984	10	16	0
	239	103	298.750000	38.750000	9.713698e+04	2.713518e+01	-4.974914e+04	1984	10	16	6
	240	104	300.000000	40.000000	9.687244e+04	3.470815e+01	-4.987662e+04	1984	10	16	12
	241	104	301.250000	40.000000	9.710388e+04	3.358300e+01	-5.058270e+04	1984	10	16	18
	243	105	303.750000	41.250000	9.738965e+04	3.164025e+01	-4.949416e+04	1984	10	17	0
start	10	1984	10	21	6
	115	90	143.750000	22.500000	9.816621e+04	2.212508e+01	-3.708875e+04	1984	10	21	6
	115	91	143.750000	23.750000	9.804309e+04	2.616612e+01	-6.479254e+04	1984	10	21	12
	115	92	143.750000	25.000000	9.774036e+04	2.581251e+01	-3.770657e+04	1984	10	21	18
	116	93	145.000000	26.250000	9.765141e+04	2.782034e+01	-2.260433e+04	1984	10	22	0
	118	94	147.500000	27.500000	9.746441e+04	2.698543e+01	-5.679031e+04	1984	10	22	6
	119	95	148.750000	28.750000	9.720686e+04	3.345675e+01	-6.080123e+04	1984	10	22	12
	121	96	151.250000	30.000000	9.726202e+04	3.336191e+01	-5.959501e+04	1984	10	22	18
	123	97	153.750000	31.250000	9.822454e+04	3.052041e+01	-5.784943e+04	1984	10	23	0
	124	99	155.000000	33.750000	9.825640e+04	2.847920e+01	-5.738852e+04	1984	10	23	6
	127	100	158.750000	35.000000	9.841011e+04	2.760994e+01	-4.951378e+04	1984	10	23	12
start	21	1984	10	25	18
	108	84	135.000000	15.000000	9.757761e+04	2.693662e+01	-4.445354e+04	1984	10	25	18
	107	84	133.750000	15.000000	9.723713e+04	2.918283e+01	-4.609125e+04	1984	10	26	0
	106	85	132.500000	16.250000	9.677654e+04	2.986132e+01	-5.921255e+04	1984	10	26	6
	105	85	131.250000	16.250000	9.653216e+04	3.132575e+01	-4.934706e+04	1984	10	26	12
	105	85	131.250000	16.250000	9.612041e+04	3.323619e+01	-4.934706e+04	1984	10	26	18
	104	86	130.000000	17.500000	9.633286e+04	3.476221e+01	-5.330895e+04	1984	10	27	0
	104	86	130.000000	17.500000	9.609375e+04	3.840723e+01	-5.330895e+04	1984	10	27	6
	103	87	128.750000	18.750000	9.613413e+04	3.538947e+01	-5.059251e+04	1984	10	27	12
	103	88	128.750000	20.000000	9.572688e+04	3.512206e+01	-5.608423e+04	1984	10	27	18
	104	88	130.000000	20.000000	9.627932e+04	3.398132e+01	-5.650592e+04	1984	10	28	0
	104	89	130.000000	21.250000	9.540159e+04	4.036468e+01	-5.557429e+04	1984	10	28	6
	105	90	131.250000	22.500000	9.589634e+04	3.846759e+01	-5.749639e+04	1984	10	28	12
	106	90	132.500000	22.500000	9.618611e+04	3.842409e+01	-5.560371e+04	1984	10	28	18
	107	91	133.750000	23.750000	9.641958e+04	3.655349e+01	-4.392398e+04	1984	10	29	0
	109	91	136.250000	23.750000	9.711120e+04	3.079177e+01	-3.815768e+04	1984	10	29	6
	110	92	137.500000	25.000000	9.737654e+04	3.453074e+01	-4.471832e+04	1984	10	29	12
	112	93	140.000000	26.250000	9.744458e+04	3.321352e+01	-3.676513e+04	1984	10	29	18
	114	95	142.500000	28.750000	9.776658e+04	3.361476e+01	-4.339443e+04	1984	10	30	0
	117	97	146.250000	31.250000	9.731313e+04	3.717141e+01	-6.087968e+04	1984	10	30	6
	121	99	151.250000	33.750000	9.710720e+04	3.625351e+01	-5.883990e+04	1984	10	30	12
	125	102	156.250000	37.500000	9.640295e+04	3.653566e+01	-5.644708e+04	1984	10	30	18
start	13	1985	2	21	0
	88	59	110.000000	-16.250000	9.692363e+04	2.759244e+01	-5.530951e+04	1985	2	21	0
	87	59	108.750000	-16.250000	9.673672e+04	2.650519e+01	-5.340702e+04	1985	2	21	6
	86	59	107.500000	-16.250000	9.693423e+04	2.628030e+01	-5.679031e+04	1985	2	21	12
	85	59	106.250000	-16.250000	9.671936e+04	2.868185e+01	-5.741794e+04	1985	2	21	18
	84	59	105.000000	-16.250000	9.669336e+04	2.740950e+01	-5.743755e+04	1985	2	22	0
	83	58	103.750000	-17.500000	9.669077e+04	2.849493e+01	-5.759446e+04	1985	2	22	6
	83	58	103.750000	-17.500000	9.681831e+04	2.780029e+01	-5.759446e+04	1985	2	22	12
	82	57	102.500000	-18.750000	9.696030e+04	2.609019e+01	-5.731006e+04	1985	2	22	18
	82	57	102.500000	-18.750000	9.707620e+04	2.964152e+01	-5.731006e+04	1985	2	23	0
	81	56	101.250000	-20.000000	9.727556e+04	2.645256e+01	-5.644708e+04	1985	2	23	6
	80	56	100.000000	-20.000000	9.736330e+04	2.527976e+01	-5.695702e+04	1985	2	23	12
	80	55	100.000000	-21.250000	9.776802e+04	2.703289e+01	-6.039916e+04	1985	2	23	18
	79	54	98.750000	-22.500000	9.802368e+04	2.707450e+01	-5.545661e+04	1985	2	24	0
start	17	1985	3	8	18
	69	61	86.250000	-13.750000	9.860403e+04	2.393418e+01	-4.205091e+04	1985	3	8	18
	69	61	86.250000	-13.750000	9.824573e+04	2.380033e+01	-4.205091e+04	1985	3	9	0
	68	60	85.000000	-15.000000	9.811089e+04	2.492034e+01	-4.609125e+04	1985	3	9	6
	68	60	85.000000	-15.000000	9.720735e+04	2.795232e+01	-4.609125e+04	1985	3	9	12
	68	59	85.000000	-16.250000	9.708774e+04	3.068618e+01	-5.152414e+04	1985	3	9	18
	68	59	85.000000	-16.250000	9.712683e+04	3.257690e+01	-5.152414e+04	1985	3	10	0
	68	58	85.000000	-17.500000	9.693633e+04	3.150030e+01	-4.824872e+04	1985	3	10	6
	68	58	85.000000	-17.500000	9.708391e+04	3.180269e+01	-4.824872e+04	1985	3	10	12
	68	57	85.000000	-18.750000	9.700205e+04	3.091818e+01	-4.782703e+04	1985	3	10	18
	68	57	85.000000	-18.750000	9.730202e+04	3.002120e+01	-4.782703e+04	1985	3	11	0
	68	57	85.000000	-18.750000	9.776191e+04	2.846751e+01	-4.782703e+04	1985	3	11	6
	68	56	85.000000	-20.000000	9.801106e+04	2.616738e+01	-4.899402e+04	1985	3	11	18
	68	56	85.000000	-20.000000	9.817800e+04	2.461999e+01	-4.899402e+04	1985	3	12	0
	69	55	86.250000	-21.250000	9.821130e+04	2.455193e+01	-4.079566e+04	1985	3	12	12
	69	54	86.250000	-22.500000	9.850816e+04	2.578283e+01	-3.702991e+04	1985	3	12	18
	70	53	87.500000	-23.750000	9.872962e+04	2.339390e+01	-3.067520e+04	1985	3	13	6
	71	52	88.750000	-25.000000	9.875786e+04	2.219222e+01	-4.827814e+04	1985	3	13	18
start	10	1985	3	15	18
	137	61	171.250000	-13.750000	9.734255e+04	2.947500e+01	-3.093998e+04	1985	3	15	18
	138	61	172.500000	-13.750000	9.730484e+04	2.954312e+01	-2.778224e+04	1985	3	16	0
	139	60	173.750000	-15.000000	9.653823e+04	3.211714e+01	-2.770379e+04	1985	3	16	6
	140	59	175.000000	-16.250000	9.649602e+04	3.362312e+01	-2.872368e+04	1985	3	16	12
	141	58	176.250000	-17.500000	9.630825e+04	3.744430e+01	-2.775282e+04	1985	3	16	18
	143	55	178.750000	-21.250000	9.724375e+04	2.749115e+01	-3.649054e+04	1985	3	17	6
	143	53	178.750000	-23.750000	9.790916e+04	3.089770e+01	-3.761831e+04	1985	3	17	12
	144	50	180.000000	-27.500000	9.812634e+04	2.763247e+01	-2.878252e+04	1985	3	17	18
	145	49	181.250000	-28.750000	9.842173e+04	2.749835e+01	-2.226110e+04	1985	3	18	0
	146	47	182.500000	-31.250000	9.887771e+04	2.416782e+01	-5.271074e+04	1985	3	18	6
start	10	1985	8	31	0
	219	95	273.750000	28.750000	9.938166e+04	2.457155e+01	-3.500974e+03	1985	8	31	0
	220	95	275.000000	28.750000	9.922759e+04	2.654727e+01	-5.589791e+02	1985	8	31	6
	220	95	275.000000	28.750000	9.906751e+04	2.350289e+01	-5.589791e+02	1985	8	31	12
	221	95	276.250000	28.750000	9.917886e+04	2.366080e+01	-2.353596e+02	1985	8	31	18
	221	95	276.250000	28.750000	9.936614e+04	2.150041e+01	-2.353596e+02	1985	9	1	0
	221	95	276.250000	28.750000	9.955462e+04	1.935566e+01	-2.353596e+02	1985	9	1	6
	221	95	276.250000	28.750000	9.964434e+04	1.825701e+01	-2.353596e+02	1985	9	1	12
	220	95	275.000000	28.750000	9.958997e+04	2.078878e+01	-5.589791e+02	1985	9	1	18
	219	95	273.750000	28.750000	9.985069e+04	1.801413e+01	-3.500974e+03	1985	9	2	0
	217	96	271.250000	30.000000	1.000424e+05	1.604353e+01	-1.274865e+02	1985	9	2	12
start	16	1985	9	9	0
	200	84	250.000000	15.000000	9.960595e+04	1.920300e+01	-3.713779e+04	1985	9	9	0
	200	84	250.000000	15.000000	9.904866e+04	2.348632e+01	-3.713779e+04	1985	9	9	6
	200	85	250.000000	16.250000	9.893787e+04	2.578379e+01	-3.607866e+04	1985	9	9	12
	199	85	248.750000	16.250000	9.889566e+04	2.763318e+01	-3.042023e+04	1985	9	9	18
	198	85	247.500000	16.250000	9.796992e+04	2.804399e+01	-3.206775e+04	1985	9	10	0
	198	85	247.500000	16.250000	9.833210e+04	2.714671e+01	-3.206775e+04	1985	9	10	6
	197	86	246.250000	17.500000	9.807383e+04	2.863404e+01	-3.500974e+04	1985	9	10	12
	196	86	245.000000	17.500000	9.856660e+04	2.751831e+01	-3.688281e+04	1985	9	10	18
	196	87	245.000000	18.750000	9.835417e+04	2.630986e+01	-3.665726e+04	1985	9	11	6
	196	87	245.000000	18.750000	9.839759e+04	2.612431e+01	-3.665726e+04	1985	9	11	12
	195	88	243.750000	20.000000	9.848494e+04	2.480390e+01	-3.799096e+04	1985	9	11	18
	195	88	243.750000	20.000000	9.826179e+04	2.516752e+01	-3.799096e+04	1985	9	12	0
	195	89	243.750000	21.250000	9.864759e+04	2.424009e+01	-3.705933e+04	1985	9	12	6
	194	89	242.500000	21.250000	9.842871e+04	2.530638e+01	-4.125658e+04	1985	9	12	12
	194	89	242.500000	21.250000	9.878774e+04	2.719145e+01	-4.125658e+04	1985	9	12	18
	193	89	241.250000	21.250000	9.872195e+04	2.542526e+01	-3.997191e+04	1985	9	13	0
start	15	1985	9	24	12
	234	90	292.500000	22.500000	9.899375e+04	2.614633e+01	-5.416213e+04	1985	9	24	12
	233	91	291.250000	23.750000	9.871948e+04	2.849209e+01	-5.216157e+04	1985	9	24	18
	232	91	290.000000	23.750000	9.795877e+04	2.921482e+01	-5.399541e+04	1985	9	25	0
	231	92	288.750000	25.000000	9.795588e+04	3.283910e+01	-5.415232e+04	1985	9	25	6
	230	93	287.500000	26.250000	9.772966e+04	3.031339e+01	-5.105342e+04	1985	9	25	12
	230	94	287.500000	27.500000	9.758552e+04	3.374241e+01	-4.898421e+04	1985	9	25	18
	229	94	286.250000	27.500000	9.700723e+04	3.307355e+01	-4.520866e+04	1985	9	26	0
	228	95	285.000000	28.750000	9.686033e+04	3.448756e+01	-4.814084e+04	1985	9	26	6
	227	96	283.750000	30.000000	9.746372e+04	3.105980e+01	-2.265336e+04	1985	9	26	12
	227	97	283.750000	31.250000	9.719492e+04	3.203241e+01	-3.109689e+04	1985	9	26	18
	227	99	283.750000	33.750000	9.749568e+04	3.564867e+01	-4.805258e+03	1985	9	27	0
	228	100	285.000000	35.000000	9.746411e+04	3.294292e+01	-2.359480e+04	1985	9	27	6
	229	103	286.250000	38.750000	9.767788e+04	3.115811e+01	-4.707192e+02	1985	9	27	12
	230	105	287.500000	41.250000	9.800000e+04	3.105800e+01	-3.922660e+01	1985	9	27	18
	232	108	290.000000	45.000000	9.868655e+04	2.177192e+01	3.677494e+03	1985	9	28	0
start	12	1985	10	15	18
	108	83	135.000000	13.750000	9.826067e+04	2.401742e+01	-4.830756e+04	1985	10	15	18
	107	83	133.750000	13.750000	9.790605e+04	2.803300e+01	-4.969030e+04	1985	10	16	0
	106	84	132.500000	15.000000	9.712930e+04	2.990443e+01	-4.473794e+04	1985	10	16	6
	105	84	131.250000	15.000000	9.746946e+04	3.211647e+01	-5.826131e+04	1985	10	16	12
	104	84	130.000000	15.000000	9.659480e+04	3.162696e+01	-5.506434e+04	1985	10	16	18
	103	84	128.750000	15.000000	9.698081e+04	3.441206e+01	-5.486821e+04	1985	10	17	0
	102	84	127.500000	15.000000	9.662412e+04	3.122062e+01	-5.319127e+04	1985	10	17	6
	101	84	126.250000	15.000000	9.676277e+04	3.290752e+01	-5.375025e+04	1985	10	17	12
	100	83	125.000000	13.750000	9.721025e+04	3.140752e+01	-3.904027e+04	1985	10	17	18
	99	84	123.750000	15.000000	9.724236e+04	3.139281e+01	-6.227223e+03	1985	10	18	0
	99	84	123.750000	15.000000	9.740139e+04	2.790033e+01	-6.227223e+03	1985	10	18	6
	98	84	122.500000	15.000000	9.850027e+04	2.214003e+01	-1.087558e+04	1985	10	18	12
start	12	1986	1	12	12
	65	60	81.250000	-15.000000	9.754512e+04	2.518153e+01	-4.839582e+04	1986	1	12	12
	65	60	81.250000	-15.000000	9.791087e+04	2.598205e+01	-4.839582e+04	1986	1	12	18
	65	59	81.250000	-16.250000	9.733095e+04	2.725328e+01	-5.019043e+04	1986	1	13	0
	65	58	81.250000	-17.500000	9.753184e+04	2.769364e+01	-5.071019e+04	1986	1	13	6
	65	58	81.250000	-17.500000	9.709555e+04	2.876130e+01	-5.071019e+04	1986	1	13	12
	65	57	81.250000	-18.750000	9.720967e+04	2.796989e+01	-4.936668e+04	1986	1	13	18
	65	56	81.250000	-20.000000	9.748252e+04	2.843133e+01	-4.390437e+04	1986	1	14	0
	65	56	81.250000	-20.000000	9.776423e+04	3.050957e+01	-4.390437e+04	1986	1	14	6
	65	55	81.250000	-21.250000	9.804720e+04	2.717681e+01	-4.680714e+04	1986	1	14	12
	64	54	80.000000	-22.500000	9.826584e+04	2.747846e+01	-4.627758e+04	1986	1	14	18
	64	54	80.000000	-22.500000	9.849116e+04	2.650421e+01	-4.627758e+04	1986	1	15	0
	65	51	81.250000	-26.250000	9.928152e+04	2.102998e+01	-4.250202e+04	1986	1	16	0
start	25	1986	2	3	0
	46	61	57.500000	-13.750000	9.870508e+04	2.310674e+01	-3.881472e+04	1986	2	3	0
	46	61	57.500000	-13.750000	9.868345e+04	2.426548e+01	-3.881472e+04	1986	2	3	6
	45	60	56.250000	-15.000000	9.818923e+04	2.687342e+01	-4.234511e+04	1986	2	3	12
	45	60	56.250000	-15.000000	9.811589e+04	2.805937e+01	-4.234511e+04	1986	2	3	18
	45	60	56.250000	-15.000000	9.792178e+04	2.943626e+01	-4.234511e+04	1986	2	4	0
	44	60	55.000000	-15.000000	9.816555e+04	2.768115e+01	-4.131542e+04	1986	2	4	6
	44	59	55.000000	-16.250000	9.818352e+04	2.735916e+01	-4.550286e+04	1986	2	4	12
	43	59	53.750000	-16.250000	9.780677e+04	2.819830e+01	-4.445354e+04	1986	2	4	18
	43	59	53.750000	-16.250000	9.739658e+04	3.085976e+01	-4.445354e+04	1986	2	5	0
	43	59	53.750000	-16.250000	9.773872e+04	3.009959e+01	-4.445354e+04	1986	2	5	6
	43	58	53.750000	-17.500000	9.774629e+04	2.981322e+01	-4.683656e+04	1986	2	5	12
	43	58	53.750000	-17.500000	9.804202e+04	2.973611e+01	-4.683656e+04	1986	2	5	18
	43	58	53.750000	-17.500000	9.792820e+04	2.989932e+01	-4.683656e+04	1986	2	6	0
	43	57	53.750000	-18.750000	9.806226e+04	2.800788e+01	-4.759167e+04	1986	2	6	12
	43	56	53.750000	-20.000000	9.837895e+04	2.514191e+01	-4.790548e+04	1986	2	7	0
	43	56	53.750000	-20.000000	9.837541e+04	2.617401e+01	-4.790548e+04	1986	2	7	6
	43	56	53.750000	-20.000000	9.810634e+04	2.646928e+01	-4.790548e+04	1986	2	7	12
	43	55	53.750000	-21.250000	9.818548e+04	2.663614e+01	-4.211956e+04	1986	2	8	0
	43	54	53.750000	-22.500000	9.870564e+04	2.347658e+01	-4.312965e+04	1986	2	8	6
	43	53	53.750000	-23.750000	9.855339e+04	2.520121e+01	-4.546363e+04	1986	2	8	18
	43	52	53.750000	-25.000000	9.853355e+04	2.549135e+01	-4.878808e+04	1986	2	9	0
	43	49	53.750000	-28.750000	9.854883e+04	2.630778e+01	-4.900383e+04	1986	2	9	12
	43	48	53.750000	-30.000000	9.868142e+04	2.623047e+01	-4.414954e+04	1986	2	9	18
	44	47	55.000000	-31.250000	9.890913e+04	2.261538e+01	-4.080547e+04	1986	2	10	0
	44	46	55.000000	-32.500000	9.920015e+04	2.121364e+01	-4.387495e+04	1986	2	10	6
start	11	1986	3	12	12
	47	60	58.750000	-15.000000	9.849507e+04	2.294160e+01	-3.909911e+04	1986	3	12	12
	46	60	57.500000	-15.000000	9.853882e+04	2.440835e+01	-4.221763e+04	1986	3	12	18
	45	60	56.250000	-15.000000	9.807309e+04	2.512771e+01	-4.234511e+04	1986	3	13	0
	44	59	55.000000	-16.250000	9.813848e+04	2.669386e+01	-4.550286e+04	1986	3	13	6
	44	59	55.000000	-16.250000	9.759236e+04	2.711158e+01	-4.550286e+04	1986	3	13	12
	43	59	53.750000	-16.250000	9.774744e+04	2.576374e+01	-4.445354e+04	1986	3	13	18
	43	59	53.750000	-16.250000	9.724267e+04	2.996800e+01	-4.445354e+04	1986	3	14	0
	42	59	52.500000	-16.250000	9.778442e+04	3.054613e+01	-4.514982e+04	1986	3	14	6
	42	58	52.500000	-17.500000	9.751013e+04	2.938221e+01	-4.682675e+04	1986	3	14	12
	41	58	51.250000	-17.500000	9.809924e+04	2.764333e+01	-4.516943e+04	1986	3	14	18
	41	58	51.250000	-17.500000	9.807031e+04	2.568126e+01	-4.516943e+04	1986	3	15	0
start	12	1986	3	29	6
	57	58	71.250000	-17.500000	9.888379e+04	2.401446e+01	-4.428683e+04	1986	3	29	6
	56	58	70.000000	-17.500000	9.852197e+04	2.621757e+01	-4.018765e+04	1986	3	29	12
	55	57	68.750000	-18.750000	9.879382e+04	2.576380e+01	-3.171471e+04	1986	3	29	18
	55	57	68.750000	-18.750000	9.835280e+04	2.766885e+01	-3.171471e+04	1986	3	30	0
	54	57	67.500000	-18.750000	9.844412e+04	2.832342e+01	-3.097921e+04	1986	3	30	6
	53	56	66.250000	-20.000000	9.897136e+04	3.204614e+01	-3.398985e+04	1986	3	30	18
	52	55	65.000000	-21.250000	9.858235e+04	2.877559e+01	-3.246001e+04	1986	3	31	0
	51	55	63.750000	-21.250000	9.909993e+04	2.906155e+01	-3.468612e+04	1986	3	31	6
	51	54	63.750000	-22.500000	9.901430e+04	2.535889e+01	-4.213918e+04	1986	3	31	12
	50	54	62.500000	-22.500000	9.927583e+04	2.607302e+01	-3.990326e+04	1986	3	31	18
	49	53	61.250000	-23.750000	9.932248e+04	2.514622e+01	-4.762109e+04	1986	4	1	0
	48	53	60.000000	-23.750000	9.969963e+04	2.752110e+01	-4.772896e+04	1986	4	1	6
start	16	1986	5	19	6
	126	81	157.500000	11.250000	9.785655e+04	2.427065e+01	-5.709432e+04	1986	5	19	6
	125	81	156.250000	11.250000	9.763335e+04	2.784152e+01	-5.407387e+04	1986	5	19	12
	124	82	155.000000	12.500000	9.721699e+04	2.701082e+01	-5.864377e+04	1986	5	19	18
	123	83	153.750000	13.750000	9.717930e+04	3.186172e+01	-5.937927e+04	1986	5	20	0
	123	83	153.750000	13.750000	9.720913e+04	3.065473e+01	-5.937927e+04	1986	5	20	6
	122	84	152.500000	15.000000	9.671609e+04	3.286226e+01	-5.942830e+04	1986	5	20	12
	121	85	151.250000	16.250000	9.615393e+04	3.402006e+01	-5.868299e+04	1986	5	20	18
	121	86	151.250000	17.500000	9.658262e+04	3.365742e+01	-3.826555e+04	1986	5	21	0
	120	87	150.000000	18.750000	9.655354e+04	3.224726e+01	-5.350508e+04	1986	5	21	6
	120	88	150.000000	20.000000	9.682014e+04	3.467322e+01	-2.857658e+04	1986	5	21	12
	120	90	150.000000	22.500000	9.696870e+04	3.599948e+01	-5.603520e+04	1986	5	21	18
	121	91	151.250000	23.750000	9.703216e+04	3.412088e+01	-5.629998e+04	1986	5	22	0
	122	93	152.500000	26.250000	9.770718e+04	3.336474e+01	-4.818988e+04	1986	5	22	6
	123	94	153.750000	27.500000	9.772253e+04	3.590645e+01	-5.895758e+04	1986	5	22	12
	125	96	156.250000	30.000000	9.781572e+04	3.239236e+01	-5.703548e+04	1986	5	22	18
	127	98	158.750000	32.500000	9.816059e+04	2.846915e+01	-2.613472e+04	1986	5	23	0
start	15	1986	7	5	18
	110	84	137.500000	15.000000	9.834568e+04	2.359664e+01	-4.765051e+04	1986	7	5	18
	109	84	136.250000	15.000000	9.835747e+04	2.511335e+01	-5.086709e+04	1986	7	6	0
	108	85	135.000000	16.250000	9.769759e+04	2.819296e+01	-3.576485e+04	1986	7	6	6
	106	85	132.500000	16.250000	9.747229e+04	2.850521e+01	-5.921255e+04	1986	7	6	12
	106	85	132.500000	16.250000	9.713509e+04	3.161691e+01	-5.921255e+04	1986	7	6	18
	104	85	130.000000	16.250000	9.723591e+04	3.033887e+01	-4.800355e+04	1986	7	7	0
	103	85	128.750000	16.250000	9.677861e+04	3.518163e+01	-5.669224e+04	1986	7	7	6
	102	86	127.500000	17.500000	9.635998e+04	3.381106e+01	-5.123975e+04	1986	7	7	12
	101	86	126.250000	17.500000	9.632146e+04	3.363304e+01	-4.658159e+04	1986	7	7	18
	100	86	125.000000	17.500000	9.628423e+04	3.628772e+01	-3.574524e+04	1986	7	8	0
	100	86	125.000000	17.500000	9.611702e+04	3.364782e+01	-3.574524e+04	1986	7	8	6
	99	86	123.750000	17.500000	9.637278e+04	3.259539e+01	-4.883712e+04	1986	7	8	12
	98	86	122.500000	17.500000	9.709641e+04	2.977410e+01	-2.637008e+04	1986	7	8	18
	98	86	122.500000	17.500000	9.817209e+04	2.772552e+01	-2.637008e+04	1986	7	9	0
	97	87	121.250000	18.750000	9.809019e+04	2.617458e+01	-4.442413e+03	1986	7	9	6
start	25	1986	8	22	6
	117	90	146.250000	22.500000	9.656216e+04	2.806621e+01	-6.487099e+04	1986	8	22	6
	116	90	145.000000	22.500000	9.629177e+04	2.982391e+01	-4.564996e+04	1986	8	22	12
	116	90	145.000000	22.500000	9.604006e+04	2.941464e+01	-4.564996e+04	1986	8	22	18
	115	90	143.750000	22.500000	9.613118e+04	3.089948e+01	-3.708875e+04	1986	8	23	0
	115	90	143.750000	22.500000	9.593216e+04	3.138102e+01	-3.708875e+04	1986	8	23	6
	114	90	142.500000	22.500000	9.606455e+04	3.222386e+01	-2.512464e+04	1986	8	23	12
	113	90	141.250000	22.500000	9.595525e+04	3.230257e+01	-3.958945e+04	1986	8	23	18
	112	90	140.000000	22.500000	9.633774e+04	3.273863e+01	-4.242357e+04	1986	8	24	0
	111	90	138.750000	22.500000	9.592966e+04	3.223008e+01	-4.738573e+04	1986	8	24	6
	110	91	137.500000	23.750000	9.647014e+04	3.176919e+01	-4.869982e+04	1986	8	24	12
	108	91	135.000000	23.750000	9.608474e+04	3.166388e+01	-4.772896e+04	1986	8	24	18
	107	91	133.750000	23.750000	9.602756e+04	3.148454e+01	-4.392398e+04	1986	8	25	0
	106	92	132.500000	25.000000	9.614314e+04	3.208082e+01	-5.064154e+04	1986	8	25	6
	104	92	130.000000	25.000000	9.588464e+04	3.637054e+01	-4.511059e+04	1986	8	25	12
	103	92	128.750000	25.000000	9.606890e+04	3.336095e+01	-5.352470e+04	1986	8	25	18
	102	93	127.500000	26.250000	9.578140e+04	3.193886e+01	-6.766589e+02	1986	8	26	0
	101	93	126.250000	26.250000	9.582627e+04	3.402049e+01	-1.427848e+04	1986	8	26	6
	100	94	125.000000	27.500000	9.584202e+04	3.348975e+01	-9.610517e+02	1986	8	26	12
	100	94	125.000000	27.500000	9.599502e+04	3.227819e+01	-9.610517e+02	1986	8	26	18
	99	95	123.750000	28.750000	9.630505e+04	3.329295e+01	-7.943386e+02	1986	8	27	0
	99	96	123.750000	30.000000	9.612224e+04	3.050127e+01	-6.766589e+02	1986	8	27	6
	99	97	123.750000	31.250000	9.655798e+04	2.932847e+01	-2.059397e+02	1986	8	27	12
	100	98	125.000000	32.500000	9.667608e+04	2.928424e+01	-5.785923e+02	1986	8	27	18
	100	99	125.000000	33.750000	9.674468e+04	3.002602e+01	-9.022118e+02	1986	8	28	0
	101	100	126.250000	35.000000	9.717224e+04	2.809534e+01	2.255529e+02	1986	8	28	6
start	16	1986	8	23	12
	200	83	250.000000	13.750000	9.840830e+04	2.701455e+01	-4.008959e+04	1986	8	23	12
	200	83	250.000000	13.750000	9.883025e+04	2.481750e+01	-4.008959e+04	1986	8	23	18
	200	84	250.000000	15.000000	9.846899e+04	2.757589e+01	-3.713779e+04	1986	8	24	0
	200	84	250.000000	15.000000	9.862341e+04	2.522768e+01	-3.713779e+04	1986	8	24	6
	200	85	250.000000	16.250000	9.851702e+04	2.920843e+01	-3.607866e+04	1986	8	24	12
	200	85	250.000000	16.250000	9.847537e+04	2.699663e+01	-3.607866e+04	1986	8	24	18
	199	86	248.750000	17.500000	9.808694e+04	2.641513e+01	-2.763514e+04	1986	8	25	0
	199	86	248.750000	17.500000	9.803689e+04	2.727138e+01	-2.763514e+04	1986	8	25	6
	198	87	247.500000	18.750000	9.802527e+04	2.695658e+01	-3.319551e+04	1986	8	25	12
	197	87	246.250000	18.750000	9.755015e+04	2.908731e+01	-3.619634e+04	1986	8	26	0
	196	88	245.000000	20.000000	9.775439e+04	2.850106e+01	-3.650035e+04	1986	8	26	6
	195	88	243.750000	20.000000	9.782327e+04	2.900761e+01	-3.799096e+04	1986	8	26	12
	194	88	242.500000	20.000000	9.808877e+04	2.727547e+01	-3.927563e+04	1986	8	26	18
	193	88	241.250000	20.000000	9.839568e+04	2.642044e+01	-3.819690e+04	1986	8	27	0
	192	88	240.000000	20.000000	9.904412e+04	2.724393e+01	-4.002094e+04	1986	8	27	6
	187	88	233.750000	20.000000	9.937849e+04	2.277246e+01	-4.528711e+04	1986	8	28	6
start	24	1986	9	13	12
	244	96	305.000000	30.000000	9.988821e+04	2.109757e+01	-4.972952e+04	1986	9	13	12
	244	96	305.000000	30.000000	9.964937e+04	2.256007e+01	-4.972952e+04	1986	9	13	18
	245	96	306.250000	30.000000	9.974407e+04	2.233185e+01	-4.851350e+04	1986	9	14	0
	246	96	307.500000	30.000000	9.949248e+04	2.468280e+01	-5.578023e+04	1986	9	14	6
	246	97	307.500000	31.250000	9.947803e+04	2.629437e+01	-5.558409e+04	1986	9	14	12
	247	97	308.750000	31.250000	9.927351e+04	2.447151e+01	-5.194582e+04	1986	9	14	18
	247	96	308.750000	30.000000	9.895386e+04	2.724174e+01	-5.391696e+04	1986	9	15	0
	248	96	310.000000	30.000000	9.895964e+04	2.807304e+01	-5.176930e+04	1986	9	15	6
	248	96	310.000000	30.000000	9.893999e+04	2.928214e+01	-5.176930e+04	1986	9	15	12
	248	95	310.000000	28.750000	9.917285e+04	2.888451e+01	-4.755245e+04	1986	9	15	18
	249	95	311.250000	28.750000	9.879966e+04	2.986985e+01	-4.512040e+04	1986	9	16	0
	249	95	311.250000	28.750000	9.856189e+04	2.972103e+01	-4.512040e+04	1986	9	16	6
	249	95	311.250000	28.750000	9.848616e+04	2.702086e+01	-4.512040e+04	1986	9	16	12
	249	96	311.250000	30.000000	9.888750e+04	2.987184e+01	-4.249221e+04	1986	9	16	18
	248	96	310.000000	30.000000	9.886438e+04	2.516717e+01	-5.176930e+04	1986	9	17	0
	248	96	310.000000	30.000000	9.898904e+04	2.542270e+01	-5.176930e+04	1986	9	17	6
	248	97	310.000000	31.250000	9.926775e+04	2.615279e+01	-5.260287e+04	1986	9	17	12
	247	98	308.750000	32.500000	9.893581e+04	2.504449e+01	-5.234790e+04	1986	9	17	18
	248	99	310.000000	33.750000	9.893352e+04	2.713502e+01	-4.616971e+04	1986	9	18	0
	248	101	310.000000	36.250000	9.881319e+04	2.561119e+01	-4.910190e+04	1986	9	18	6
	249	103	311.250000	38.750000	9.896209e+04	2.859340e+01	-5.322069e+04	1986	9	18	12
	250	105	312.500000	41.250000	9.882073e+04	2.934743e+01	-3.837342e+04	1986	9	18	18
	251	107	313.750000	43.750000	9.915091e+04	2.873989e+01	-2.680157e+04	1986	9	19	0
	252	109	315.000000	46.250000	9.945564e+04	2.927125e+01	-1.884838e+04	1986	9	19	6
start	27	1986	9	24	6
	114	87	142.500000	18.750000	9.824588e+04	2.308946e+01	-3.350932e+04	1986	9	24	6
	113	87	141.250000	18.750000	9.821980e+04	2.566723e+01	-4.573821e+04	1986	9	24	12
	113	88	141.250000	20.000000	9.779880e+04	2.807093e+01	-4.452219e+04	1986	9	24	18
	112	88	140.000000	20.000000	9.768730e+04	2.792213e+01	-4.693462e+04	1986	9	25	0
	112	88	140.000000	20.000000	9.720523e+04	3.044625e+01	-4.693462e+04	1986	9	25	6
	111	88	138.750000	20.000000	9.679087e+04	3.270258e+01	-4.463006e+04	1986	9	25	12
	111	89	138.750000	21.250000	9.638613e+04	3.480687e+01	-4.345327e+04	1986	9	25	18
	111	89	138.750000	21.250000	9.658694e+04	3.140024e+01	-4.345327e+04	1986	9	26	0
	111	89	138.750000	21.250000	9.618077e+04	3.336746e+01	-4.345327e+04	1986	9	26	6
	111	89	138.750000	21.250000	9.628138e+04	3.386707e+01	-4.345327e+04	1986	9	26	12
	111	89	138.750000	21.250000	9.668447e+04	3.348715e+01	-4.345327e+04	1986	9	26	18
	111	90	138.750000	22.500000	9.674348e+04	3.481978e+01	-4.738573e+04	1986	9	27	0
	112	90	140.000000	22.500000	9.650593e+04	3.412041e+01	-4.242357e+04	1986	9	27	6
	112	91	140.000000	23.750000	9.705757e+04	3.269135e+01	-4.290409e+04	1986	9	27	12
	112	91	140.000000	23.750000	9.639624e+04	3.391753e+01	-4.290409e+04	1986	9	27	18
	112	92	140.000000	25.000000	9.694297e+04	3.303302e+01	-2.329079e+04	1986	9	28	0
	113	93	141.250000	26.250000	9.629380e+04	3.714837e+01	-2.641912e+04	1986	9	28	6
	114	94	142.500000	27.500000	9.662588e+04	3.208055e+01	-1.608291e+04	1986	9	28	12
	114	95	142.500000	28.750000	9.616162e+04	3.335544e+01	-4.339443e+04	1986	9	28	18
	115	97	143.750000	31.250000	9.645022e+04	3.563233e+01	-5.731987e+04	1986	9	29	0
	116	98	145.000000	32.500000	9.645412e+04	3.356760e+01	-4.763090e+04	1986	9	29	6
	117	99	146.250000	33.750000	9.718098e+04	3.024879e+01	-5.586848e+04	1986	9	29	12
	119	101	148.750000	36.250000	9.712884e+04	3.427443e+01	-5.674128e+04	1986	9	29	18
	121	102	151.250000	37.500000	9.756645e+04	3.197877e+01	-5.747678e+04	1986	9	30	0
	123	103	153.750000	38.750000	9.769538e+04	2.769762e+01	-5.619211e+04	1986	9	30	6
	126	104	157.500000	40.000000	9.781235e+04	2.767369e+01	-5.370121e+04	1986	9	30	12
	128	105	160.000000	41.250000	9.756277e+04	2.509068e+01	-5.476033e+04	1986	9	30	18
start	10	1986	10	5	18
	111	88	138.750000	20.000000	9.875205e+04	2.481217e+01	-4.463006e+04	1986	10	5	18
	110	88	137.500000	20.000000	9.857259e+04	2.606957e+01	-3.957964e+04	1986	10	6	0
	110	89	137.500000	21.250000	9.807934e+04	2.914619e+01	-4.423780e+04	1986	10	6	6
	110	90	137.500000	22.500000	9.819102e+04	3.036641e+01	-4.242357e+04	1986	10	6	12
	110	91	137.500000	23.750000	9.804678e+04	3.038642e+01	-4.869982e+04	1986	10	6	18
	111	92	138.750000	25.000000	9.800252e+04	3.051551e+01	-4.883712e+04	1986	10	7	0
	112	93	140.000000	26.250000	9.778298e+04	2.899661e+01	-3.676513e+04	1986	10	7	6
	113	95	141.250000	28.750000	9.759905e+04	3.372828e+01	-3.943254e+04	1986	10	7	12
	114	97	142.500000	31.250000	9.711966e+04	3.374974e+01	-7.396176e+04	1986	10	7	18
	114	99	142.500000	33.750000	9.717834e+04	3.193628e+01	-6.755802e+04	1986	10	8	0
start	13	1986	10	18	12
	202	82	252.500000	12.500000	9.864121e+04	2.378439e+01	-3.473516e+04	1986	10	18	12
	201	82	251.250000	12.500000	9.838528e+04	2.547327e+01	-3.525491e+04	1986	10	18	18
	200	83	250.000000	13.750000	9.823440e+04	2.799138e+01	-4.008959e+04	1986	10	19	0
	200	83	250.000000	13.750000	9.799991e+04	2.910063e+01	-4.008959e+04	1986	10	19	6
	199	83	248.750000	13.750000	9.787578e+04	3.146733e+01	-3.652977e+04	1986	10	19	12
	199	83	248.750000	13.750000	9.766365e+04	3.138130e+01	-3.652977e+04	1986	10	19	18
	198	85	247.500000	16.250000	9.784392e+04	3.127253e+01	-3.206775e+04	1986	10	20	6
	198	86	247.500000	17.500000	9.808628e+04	3.181922e+01	-3.243059e+04	1986	10	20	12
	199	87	248.750000	18.750000	9.786641e+04	3.183047e+01	-2.978280e+04	1986	10	21	0
	200	88	250.000000	20.000000	9.825132e+04	3.050301e+01	-2.677215e+04	1986	10	21	6
	200	89	250.000000	21.250000	9.810415e+04	2.947605e+01	-2.882174e+04	1986	10	21	12
	201	89	251.250000	21.250000	9.899592e+04	2.852574e+01	-3.149896e+04	1986	10	21	18
	202	90	252.500000	22.500000	9.925866e+04	2.242052e+01	-2.744881e+04	1986	10	22	6
start	19	1986	11	30	18
	123	82	153.750000	12.500000	9.838320e+04	2.550121e+01	-5.929101e+04	1986	11	30	18
	122	83	152.500000	13.750000	9.808997e+04	2.646073e+01	-5.877125e+04	1986	12	1	6
	121	84	151.250000	15.000000	9.786653e+04	2.884060e+01	-5.882029e+04	1986	12	1	12
	121	84	151.250000	15.000000	9.792583e+04	2.914555e+01	-5.882029e+04	1986	12	1	18
	120	84	150.000000	15.000000	9.789848e+04	3.201505e+01	-5.715316e+04	1986	12	2	0
	119	85	148.750000	16.250000	9.736462e+04	2.887393e+01	-4.961184e+04	1986	12	2	6
	118	84	147.500000	15.000000	9.758687e+04	3.060936e+01	-8.318001e+04	1986	12	2	12
	118	84	147.500000	15.000000	9.755562e+04	2.874528e+01	-8.318001e+04	1986	12	2	18
	117	85	146.250000	16.250000	9.766499e+04	3.231171e+01	-2.325157e+04	1986	12	3	0
	115	84	143.750000	15.000000	9.753897e+04	2.925189e+01	-3.235214e+04	1986	12	3	12
	114	84	142.500000	15.000000	9.751421e+04	3.206751e+01	-4.126638e+04	1986	12	3	18
	113	85	141.250000	16.250000	9.734302e+04	3.343204e+01	-4.630700e+04	1986	12	4	0
	113	85	141.250000	16.250000	9.665334e+04	3.235419e+01	-4.630700e+04	1986	12	4	6
	113	86	141.250000	17.500000	9.718960e+04	2.965520e+01	-4.679733e+04	1986	12	4	12
	112	86	140.000000	17.500000	9.704937e+04	3.240173e+01	-4.791529e+04	1986	12	4	18
	112	86	140.000000	17.500000	9.711248e+04	3.399288e+01	-4.791529e+04	1986	12	5	0
	112	86	140.000000	17.500000	9.738479e+04	3.131871e+01	-4.791529e+04	1986	12	5	6
	112	86	140.000000	17.500000	9.816377e+04	3.100636e+01	-4.791529e+04	1986	12	5	12
	111	86	138.750000	17.500000	9.811980e+04	3.015300e+01	-4.484581e+04	1986	12	5	18
start	18	1987	7	11	0
	105	86	131.250000	17.500000	9.740423e+04	2.830263e+01	-5.795730e+04	1987	7	11	0
	104	86	130.000000	17.500000	9.696294e+04	2.515843e+01	-5.330895e+04	1987	7	11	6
	103	86	128.750000	17.500000	9.660891e+04	3.153568e+01	-5.144569e+04	1987	7	11	12
	102	86	127.500000	17.500000	9.582400e+04	3.390311e+01	-5.123975e+04	1987	7	12	0
	102	86	127.500000	17.500000	9.608233e+04	3.423077e+01	-5.123975e+04	1987	7	12	6
	101	87	126.250000	18.750000	9.578030e+04	3.862148e+01	-5.550564e+04	1987	7	12	12
	101	88	126.250000	20.000000	9.593798e+04	3.960898e+01	-5.191641e+04	1987	7	12	18
	101	88	126.250000	20.000000	9.549741e+04	3.644720e+01	-5.191641e+04	1987	7	13	0
	101	89	126.250000	21.250000	9.592908e+04	3.706232e+01	-5.579003e+04	1987	7	13	6
	101	90	126.250000	22.500000	9.657791e+04	3.474741e+01	-5.896739e+04	1987	7	13	12
	100	91	125.000000	23.750000	9.648774e+04	3.437288e+01	-3.027313e+04	1987	7	13	18
	100	92	125.000000	25.000000	9.669583e+04	3.736841e+01	-1.320956e+04	1987	7	14	0
	100	93	125.000000	26.250000	9.670298e+04	2.962050e+01	-1.324878e+04	1987	7	14	6
	100	94	125.000000	27.500000	9.724341e+04	2.888728e+01	-9.610517e+02	1987	7	14	12
	100	95	125.000000	28.750000	9.705000e+04	2.871154e+01	-9.610517e+02	1987	7	14	18
	100	96	125.000000	30.000000	9.722705e+04	3.049650e+01	-6.080123e+02	1987	7	15	0
	101	97	126.250000	31.250000	9.731470e+04	3.049694e+01	-8.139520e+02	1987	7	15	6
	102	99	127.500000	33.750000	9.760205e+04	2.984104e+01	-8.727919e+02	1987	7	15	12
start	12	1987	7	25	6
	120	85	150.000000	16.250000	9.928462e+04	2.392635e+01	-5.626075e+04	1987	7	25	6
	119	85	148.750000	16.250000	9.918748e+04	2.890030e+01	-4.961184e+04	1987	7	25	12
	118	86	147.500000	17.500000	9.903684e+04	2.450466e+01	-5.282842e+04	1987	7	25	18
	116	86	145.000000	17.500000	9.879568e+04	2.802230e+01	-3.332300e+04	1987	7	26	0
	115	87	143.750000	18.750000	9.863481e+04	2.939087e+01	-3.701030e+04	1987	7	26	6
	112	87	140.000000	18.750000	9.832973e+04	3.410183e+01	-4.778780e+04	1987	7	26	18
	112	88	140.000000	20.000000	9.811548e+04	3.540374e+01	-4.693462e+04	1987	7	27	0
	108	90	135.000000	22.500000	9.830552e+04	3.213365e+01	-3.461747e+04	1987	7	27	18
	108	90	135.000000	22.500000	9.835738e+04	2.841762e+01	-3.461747e+04	1987	7	28	0
	107	91	133.750000	23.750000	9.801038e+04	3.303734e+01	-4.392398e+04	1987	7	28	6
	106	92	132.500000	25.000000	9.876695e+04	3.230873e+01	-5.064154e+04	1987	7	28	12
	106	93	132.500000	26.250000	9.874153e+04	2.992862e+01	-5.280881e+04	1987	7	28	18
start	22	1987	8	26	0
	104	86	130.000000	17.500000	9.809175e+04	2.831884e+01	-5.330895e+04	1987	8	26	0
	104	87	130.000000	18.750000	9.774580e+04	2.916535e+01	-5.560371e+04	1987	8	26	6
	104	87	130.000000	18.750000	9.774375e+04	3.026740e+01	-5.560371e+04	1987	8	26	12
	104	88	130.000000	20.000000	9.790808e+04	3.032130e+01	-5.650592e+04	1987	8	26	18
	103	88	128.750000	20.000000	9.733416e+04	3.064550e+01	-5.608423e+04	1987	8	27	0
	103	88	128.750000	20.000000	9.692976e+04	3.047153e+01	-5.608423e+04	1987	8	27	6
	103	88	128.750000	20.000000	9.705044e+04	3.350326e+01	-5.608423e+04	1987	8	27	12
	102	89	127.500000	21.250000	9.675818e+04	3.434182e+01	-3.955022e+04	1987	8	27	18
	102	89	127.500000	21.250000	9.657749e+04	3.504102e+01	-3.955022e+04	1987	8	28	0
	102	89	127.500000	21.250000	9.646072e+04	3.742863e+01	-3.955022e+04	1987	8	28	6
	101	89	126.250000	21.250000	9.633845e+04	3.521843e+01	-5.579003e+04	1987	8	28	12
	101	90	126.250000	22.500000	9.609524e+04	3.704099e+01	-5.896739e+04	1987	8	28	18
	101	90	126.250000	22.500000	9.654546e+04	3.849762e+01	-5.896739e+04	1987	8	29	0
	101	91	126.250000	23.750000	9.597578e+04	3.756006e+01	-5.574100e+04	1987	8	29	6
	101	92	126.250000	25.000000	9.620913e+04	3.576236e+01	-1.010085e+04	1987	8	29	12
	101	93	126.250000	26.250000	9.628728e+04	3.399746e+01	-1.427848e+04	1987	8	29	18
	101	95	126.250000	28.750000	9.690538e+04	3.674825e+01	-1.147378e+03	1987	8	30	0
	101	96	126.250000	30.000000	9.629388e+04	3.748713e+01	-8.433719e+02	1987	8	30	6
	102	97	127.500000	31.250000	9.658077e+04	3.503093e+01	-1.265058e+03	1987	8	30	12
	103	99	128.750000	33.750000	9.643327e+04	3.405931e+01	-1.216025e+03	1987	8	30	18
	105	102	131.250000	37.500000	9.730684e+04	2.722339e+01	-2.122159e+04	1987	8	31	0
	106	104	132.500000	40.000000	9.723212e+04	3.218159e+01	-3.083211e+04	1987	8	31	6
start	25	1987	9	7	12
	129	84	161.250000	15.000000	9.863728e+04	2.271616e+01	-5.365218e+04	1987	9	7	12
	128	85	160.000000	16.250000	9.806421e+04	2.668697e+01	-5.624114e+04	1987	9	8	0
	127	85	158.750000	16.250000	9.752978e+04	2.979319e+01	-5.264210e+04	1987	9	8	6
	127	85	158.750000	16.250000	9.761294e+04	3.064052e+01	-5.264210e+04	1987	9	8	12
	126	86	157.500000	17.500000	9.698987e+04	3.309554e+01	-5.667263e+04	1987	9	8	18
	125	86	156.250000	17.500000	9.713616e+04	2.951237e+01	-5.700605e+04	1987	9	9	0
	125	87	156.250000	18.750000	9.629189e+04	3.553889e+01	-5.549583e+04	1987	9	9	6
	124	87	155.000000	18.750000	9.652055e+04	3.307114e+01	-5.558409e+04	1987	9	9	12
	125	87	156.250000	18.750000	9.577134e+04	3.483671e+01	-5.549583e+04	1987	9	9	18
	124	87	155.000000	18.750000	9.583958e+04	3.738385e+01	-5.558409e+04	1987	9	10	0
	124	88	155.000000	20.000000	9.519028e+04	3.938442e+01	-5.604500e+04	1987	9	10	6
	124	88	155.000000	20.000000	9.513667e+04	3.810075e+01	-5.604500e+04	1987	9	10	12
	125	89	156.250000	21.250000	9.497578e+04	3.838449e+01	-4.942552e+04	1987	9	10	18
	124	90	155.000000	22.500000	9.542500e+04	3.997967e+01	-5.361296e+04	1987	9	11	0
	125	90	156.250000	22.500000	9.517405e+04	3.902002e+01	-5.437788e+04	1987	9	11	6
	125	91	156.250000	23.750000	9.496265e+04	3.810889e+01	-4.479678e+04	1987	9	11	12
	125	92	156.250000	25.000000	9.489985e+04	3.592662e+01	-5.742774e+04	1987	9	11	18
	124	92	155.000000	25.000000	9.546098e+04	3.633005e+01	-5.563312e+04	1987	9	12	0
	124	93	155.000000	26.250000	9.501929e+04	3.633199e+01	-5.815343e+04	1987	9	12	6
	124	93	155.000000	26.250000	9.561111e+04	3.370168e+01	-5.815343e+04	1987	9	12	12
	124	93	155.000000	26.250000	9.615122e+04	3.088824e+01	-5.815343e+04	1987	9	12	18
	124	93	155.000000	26.250000	9.679062e+04	2.853225e+01	-5.815343e+04	1987	9	13	0
	125	94	156.250000	27.500000	9.649575e+04	2.771753e+01	-5.964405e+04	1987	9	13	6
	125	94	156.250000	27.500000	9.686494e+04	2.675010e+01	-5.964405e+04	1987	9	13	12
	126	94	157.500000	27.500000	9.702976e+04	2.670862e+01	-5.865357e+04	1987	9	13	18
start	24	1987	9	10	0
	110	86	137.500000	17.500000	9.713020e+04	3.289907e+01	-4.579705e+04	1987	9	10	0
	110	86	137.500000	17.500000	9.651216e+04	3.239269e+01	-4.579705e+04	1987	9	10	6
	110	86	137.500000	17.500000	9.623667e+04	3.569254e+01	-4.579705e+04	1987	9	10	12
	110	86	137.500000	17.500000	9.630078e+04	3.499844e+01	-4.579705e+04	1987	9	10	18
	110	86	137.500000	17.500000	9.597812e+04	3.512110e+01	-4.579705e+04	1987	9	11	0
	110	86	137.500000	17.500000	9.646155e+04	3.286235e+01	-4.579705e+04	1987	9	11	6
	110	86	137.500000	17.500000	9.627202e+04	3.474243e+01	-4.579705e+04	1987	9	11	12
	110	87	137.500000	18.750000	9.592485e+04	3.361553e+01	-5.098477e+04	1987	9	11	18
	110	87	137.500000	18.750000	9.623911e+04	3.340005e+01	-5.098477e+04	1987	9	12	0
	111	88	138.750000	20.000000	9.627986e+04	3.216199e+01	-4.463006e+04	1987	9	12	12
	111	88	138.750000	20.000000	9.628872e+04	3.275828e+01	-4.463006e+04	1987	9	12	18
	111	89	138.750000	21.250000	9.673438e+04	3.318555e+01	-4.345327e+04	1987	9	13	0
	112	90	140.000000	22.500000	9.652663e+04	2.976970e+01	-4.242357e+04	1987	9	13	18
	112	91	140.000000	23.750000	9.690755e+04	2.961545e+01	-4.290409e+04	1987	9	14	0
	112	91	140.000000	23.750000	9.662725e+04	2.883110e+01	-4.290409e+04	1987	9	14	6
	112	92	140.000000	25.000000	9.687466e+04	2.755371e+01	-2.329079e+04	1987	9	14	12
	112	95	140.000000	28.750000	9.744790e+04	2.424864e+01	-2.675254e+04	1987	9	15	12
	112	96	140.000000	30.000000	9.753930e+04	2.411308e+01	-2.914536e+04	1987	9	15	18
	112	96	140.000000	30.000000	9.770169e+04	2.219204e+01	-2.914536e+04	1987	9	16	0
	112	97	140.000000	31.250000	9.760159e+04	2.515390e+01	-7.717833e+03	1987	9	16	6
	113	97	141.250000	31.250000	9.779692e+04	2.103607e+01	-3.368584e+04	1987	9	16	12
	114	98	142.500000	32.500000	9.785369e+04	2.364797e+01	-7.432460e+04	1987	9	16	18
	115	99	143.750000	33.750000	9.816673e+04	1.812620e+01	-4.610106e+04	1987	9	17	0
	115	99	143.750000	33.750000	9.815898e+04	2.452364e+01	-4.610106e+04	1987	9	17	6
start	10	1987	9	13	0
	195	83	243.750000	13.750000	9.841562e+04	2.521906e+01	-4.143310e+04	1987	9	13	0
	195	84	243.750000	15.000000	9.805512e+04	2.937882e+01	-3.917757e+04	1987	9	13	6
	194	85	242.500000	16.250000	9.783369e+04	2.900884e+01	-3.727508e+04	1987	9	13	12
	194	85	242.500000	16.250000	9.788913e+04	3.361878e+01	-3.727508e+04	1987	9	13	18
	193	86	241.250000	17.500000	9.745442e+04	3.194781e+01	-3.854994e+04	1987	9	14	0
	193	86	241.250000	17.500000	9.781162e+04	3.310989e+01	-3.854994e+04	1987	9	14	6
	192	87	240.000000	18.750000	9.790591e+04	2.886948e+01	-3.906970e+04	1987	9	14	12
	193	87	241.250000	18.750000	9.862602e+04	2.733334e+01	-3.931486e+04	1987	9	14	18
	192	88	240.000000	20.000000	9.817058e+04	2.867715e+01	-4.002094e+04	1987	9	15	0
	191	88	238.750000	20.000000	9.878911e+04	2.857807e+01	-4.077605e+04	1987	9	15	6
start	29	1987	9	25	12
	145	86	181.250000	17.500000	9.857598e+04	2.900193e+01	-4.937648e+04	1987	9	25	12
	145	86	181.250000	17.500000	9.856575e+04	2.753399e+01	-4.937648e+04	1987	9	25	18
	145	87	181.250000	18.750000	9.859546e+04	2.758322e+01	-2.430088e+04	1987	9	26	0
	145	87	181.250000	18.750000	9.839021e+04	2.764764e+01	-2.430088e+04	1987	9	26	6
	146	88	182.500000	20.000000	9.861502e+04	2.763215e+01	-5.212234e+04	1987	9	26	12
	145	88	181.250000	20.000000	9.853330e+04	2.987079e+01	-4.318849e+04	1987	9	26	18
	146	89	182.500000	21.250000	9.830137e+04	2.817923e+01	-5.520163e+04	1987	9	27	0
	145	90	181.250000	22.500000	9.833430e+04	2.952342e+01	-4.746419e+04	1987	9	27	6
	145	91	181.250000	23.750000	9.852429e+04	2.775725e+01	-5.555467e+04	1987	9	27	12
	145	91	181.250000	23.750000	9.818789e+04	2.905527e+01	-5.555467e+04	1987	9	27	18
	144	91	180.000000	23.750000	9.842339e+04	3.057141e+01	-5.512318e+04	1987	9	28	0
	144	91	180.000000	23.750000	9.848811e+04	2.532153e+01	-5.512318e+04	1987	9	28	6
	144	91	180.000000	23.750000	9.862346e+04	2.808626e+01	-5.512318e+04	1987	9	28	12
	143	92	178.750000	25.000000	9.844859e+04	2.720181e+01	-5.562332e+04	1987	9	28	18
	142	92	177.500000	25.000000	9.872476e+04	2.961925e+01	-5.733948e+04	1987	9	29	0
	141	92	176.250000	25.000000	9.868327e+04	2.911352e+01	-5.770233e+04	1987	9	29	6
	140	93	175.000000	26.250000	9.840283e+04	3.234766e+01	-5.776117e+04	1987	9	29	12
	139	94	173.750000	27.500000	9.827827e+04	3.091681e+01	-5.947733e+04	1987	9	29	18
	138	95	172.500000	28.750000	9.861777e+04	3.022410e+01	-5.570177e+04	1987	9	30	0
	137	96	171.250000	30.000000	9.841165e+04	3.200627e+01	-5.375025e+04	1987	9	30	6
	136	96	170.000000	30.000000	9.822027e+04	2.988987e+01	-5.459362e+04	1987	9	30	12
	136	97	170.000000	31.250000	9.844683e+04	2.728510e+01	-5.612346e+04	1987	9	30	18
	135	97	168.750000	31.250000	9.807251e+04	2.821079e+01	-5.679031e+04	1987	10	1	0
	135	97	168.750000	31.250000	9.817622e+04	2.763308e+01	-5.679031e+04	1987	10	1	6
	135	98	168.750000	32.500000	9.837849e+04	2.532834e+01	-5.747678e+04	1987	10	1	12
	136	97	170.000000	31.250000	9.818484e+04	2.450919e+01	-5.612346e+04	1987	10	1	18
	136	97	170.000000	31.250000	9.821404e+04	2.407605e+01	-5.612346e+04	1987	10	2	0
	137	96	171.250000	30.000000	9.829199e+04	2.466278e+01	-5.375025e+04	1987	10	2	12
	138	95	172.500000	28.750000	9.849234e+04	2.255780e+01	-5.570177e+04	1987	10	2	18
start	23	1987	9	26	6
	112	89	140.000000	21.250000	9.815584e+04	2.482714e+01	-4.628739e+04	1987	9	26	6
	112	90	140.000000	22.500000	9.830252e+04	2.688989e+01	-4.242357e+04	1987	9	26	12
	111	90	138.750000	22.500000	9.754892e+04	3.019893e+01	-4.738573e+04	1987	9	26	18
	111	90	138.750000	22.500000	9.790449e+04	3.014123e+01	-4.738573e+04	1987	9	27	0
	111	91	138.750000	23.750000	9.773743e+04	2.844682e+01	-5.364238e+04	1987	9	27	6
	110	91	137.500000	23.750000	9.794616e+04	2.876915e+01	-4.869982e+04	1987	9	27	12
	110	91	137.500000	23.750000	9.803164e+04	2.723556e+01	-4.869982e+04	1987	9	27	18
	110	91	137.500000	23.750000	9.794527e+04	2.839832e+01	-4.869982e+04	1987	9	28	0
	110	91	137.500000	23.750000	9.758811e+04	3.005353e+01	-4.869982e+04	1987	9	28	6
	110	91	137.500000	23.750000	9.786409e+04	2.755824e+01	-4.869982e+04	1987	9	28	12
	110	91	137.500000	23.750000	9.768921e+04	2.874306e+01	-4.869982e+04	1987	9	28	18
	110	91	137.500000	23.750000	9.778101e+04	3.033825e+01	-4.869982e+04	1987	9	29	0
	110	91	137.500000	23.750000	9.763327e+04	2.861414e+01	-4.869982e+04	1987	9	29	6
	110	91	137.500000	23.750000	9.812783e+04	2.966910e+01	-4.869982e+04	1987	9	29	12
	110	91	137.500000	23.750000	9.806890e+04	2.580342e+01	-4.869982e+04	1987	9	29	18
	110	91	137.500000	23.750000	9.853340e+04	2.546852e+01	-4.869982e+04	1987	9	30	0
	109	92	136.250000	25.000000	9.843352e+04	2.340770e+01	-4.269815e+04	1987	9	30	6
	109	92	136.250000	25.000000	9.845777e+04	2.386028e+01	-4.269815e+04	1987	9	30	12
	110	92	137.500000	25.000000	9.831245e+04	2.385736e+01	-4.471832e+04	1987	9	30	18
	110	93	137.500000	26.250000	9.858188e+04	2.738449e+01	-4.949416e+04	1987	10	1	0
	111	94	138.750000	27.500000	9.860037e+04	2.482306e+01	-4.430645e+04	1987	10	1	12
	112	94	140.000000	27.500000	9.851921e+04	2.338588e+01	-3.785367e+04	1987	10	1	18
	113	95	141.250000	28.750000	9.895779e+04	2.463738e+01	-3.943254e+04	1987	10	2	0
start	14	1987	10	8	12
	198	84	247.500000	15.000000	9.889462e+04	2.132506e+01	-3.775560e+04	1987	10	8	12
	197	84	246.250000	15.000000	9.817693e+04	2.590062e+01	-3.835381e+04	1987	10	9	0
	196	84	245.000000	15.000000	9.824512e+04	2.956003e+01	-3.921679e+04	1987	10	9	6
	196	84	245.000000	15.000000	9.746875e+04	3.033342e+01	-3.921679e+04	1987	10	9	12
	195	85	243.750000	16.250000	9.803584e+04	3.152732e+01	-3.836361e+04	1987	10	9	18
	195	85	243.750000	16.250000	9.735256e+04	2.993078e+01	-3.836361e+04	1987	10	10	0
	194	85	242.500000	16.250000	9.777314e+04	3.468283e+01	-3.727508e+04	1987	10	10	6
	193	85	241.250000	16.250000	9.793081e+04	2.974232e+01	-3.879511e+04	1987	10	10	12
	193	86	241.250000	17.500000	9.774809e+04	3.136011e+01	-3.854994e+04	1987	10	10	18
	192	87	240.000000	18.750000	9.771402e+04	2.903425e+01	-3.906970e+04	1987	10	11	0
	192	88	240.000000	20.000000	9.856621e+04	2.762576e+01	-4.002094e+04	1987	10	11	6
	192	88	240.000000	20.000000	9.862420e+04	2.568163e+01	-4.002094e+04	1987	10	11	12
	192	89	240.000000	21.250000	9.928159e+04	2.240298e+01	-3.670629e+04	1987	10	11	18
	191	90	238.750000	22.500000	9.949065e+04	2.156154e+01	-4.036417e+04	1987	10	12	0
start	15	1987	10	12	18
	110	86	137.500000	17.500000	9.865959e+04	2.373408e+01	-4.579705e+04	1987	10	12	18
	109	87	136.250000	18.750000	9.807571e+04	2.435539e+01	-5.144569e+04	1987	10	13	6
	109	88	136.250000	20.000000	9.834991e+04	2.639769e+01	-3.398004e+04	1987	10	13	12
	109	88	136.250000	20.000000	9.798704e+04	2.766054e+01	-3.398004e+04	1987	10	13	18
	108	89	135.000000	21.250000	9.800449e+04	2.837501e+01	-5.623133e+04	1987	10	14	0
	107	90	133.750000	22.500000	9.825439e+04	2.655324e+01	-5.449555e+04	1987	10	14	12
	106	91	132.500000	23.750000	9.809434e+04	2.747208e+01	-3.348971e+04	1987	10	14	18
	106	92	132.500000	25.000000	9.803789e+04	2.835092e+01	-5.064154e+04	1987	10	15	0
	105	93	131.250000	26.250000	9.821213e+04	2.515185e+01	-3.107727e+04	1987	10	15	6
	105	93	131.250000	26.250000	9.818841e+04	2.704419e+01	-3.107727e+04	1987	10	15	12
	105	94	131.250000	27.500000	9.797278e+04	2.788121e+01	-5.623133e+04	1987	10	15	18
	106	95	132.500000	28.750000	9.757127e+04	3.034937e+01	-4.430645e+04	1987	10	16	0
	106	97	132.500000	31.250000	9.758913e+04	2.641400e+01	-2.797837e+04	1987	10	16	6
	107	98	133.750000	32.500000	9.723613e+04	2.595605e+01	-1.065983e+04	1987	10	16	12
	108	100	135.000000	35.000000	9.825989e+04	1.956354e+01	6.864655e+02	1987	10	16	18
start	20	1987	10	19	12
	114	85	142.500000	16.250000	9.770312e+04	2.533257e+01	-3.808903e+04	1987	10	19	12
	113	86	141.250000	17.500000	9.725696e+04	2.751141e+01	-4.679733e+04	1987	10	20	0
	112	86	140.000000	17.500000	9.674265e+04	2.751970e+01	-4.791529e+04	1987	10	20	6
	111	86	138.750000	17.500000	9.660425e+04	3.106610e+01	-4.484581e+04	1987	10	20	12
	111	86	138.750000	17.500000	9.681736e+04	3.105110e+01	-4.484581e+04	1987	10	20	18
	109	86	136.250000	17.500000	9.645564e+04	3.197110e+01	-4.989623e+04	1987	10	21	0
	108	86	135.000000	17.500000	9.619288e+04	3.216291e+01	-3.872646e+04	1987	10	21	6
	107	86	133.750000	17.500000	9.605964e+04	3.380114e+01	-4.340423e+04	1987	10	21	12
	106	86	132.500000	17.500000	9.587688e+04	3.458776e+01	-5.831034e+04	1987	10	21	18
	105	86	131.250000	17.500000	9.625286e+04	3.808922e+01	-5.795730e+04	1987	10	22	0
	103	86	128.750000	17.500000	9.629021e+04	3.568771e+01	-5.144569e+04	1987	10	22	6
	102	86	127.500000	17.500000	9.626699e+04	3.569574e+01	-5.123975e+04	1987	10	22	12
	101	87	126.250000	18.750000	9.588272e+04	3.703135e+01	-5.550564e+04	1987	10	22	18
	100	87	125.000000	18.750000	9.613628e+04	3.777251e+01	-5.522125e+04	1987	10	23	0
	99	87	123.750000	18.750000	9.592205e+04	3.601065e+01	-5.274997e+04	1987	10	23	6
	98	87	122.500000	18.750000	9.679348e+04	3.116650e+01	-1.695570e+04	1987	10	23	12
	97	87	121.250000	18.750000	9.742732e+04	2.608344e+01	-4.442413e+03	1987	10	23	18
	97	88	121.250000	20.000000	9.795469e+04	2.713065e+01	-3.608847e+04	1987	10	24	0
	96	88	120.000000	20.000000	9.770320e+04	2.791957e+01	-3.554911e+04	1987	10	24	6
	95	89	118.750000	21.250000	9.889189e+04	2.544354e+01	-2.488928e+04	1987	10	25	6
start	11	1988	1	30	6
	31	54	38.750000	-22.500000	9.769993e+04	2.743524e+01	-3.224427e+04	1988	1	30	6
	31	53	38.750000	-23.750000	9.740847e+04	3.139220e+01	-2.992009e+04	1988	1	30	12
	31	52	38.750000	-25.000000	9.729988e+04	3.158490e+01	-3.499993e+04	1988	1	30	18
	31	51	38.750000	-26.250000	9.698728e+04	2.903030e+01	-4.149194e+04	1988	1	31	0
	31	50	38.750000	-27.500000	9.687055e+04	3.072692e+01	-4.653255e+04	1988	1	31	6
	31	49	38.750000	-28.750000	9.680244e+04	3.061410e+01	-4.755245e+04	1988	1	31	12
	32	48	40.000000	-30.000000	9.706262e+04	3.211096e+01	-4.847427e+04	1988	1	31	18
	33	47	41.250000	-31.250000	9.728071e+04	3.089149e+01	-4.465948e+04	1988	2	1	0
	34	46	42.500000	-32.500000	9.772390e+04	2.788581e+01	-3.936389e+04	1988	2	1	6
	36	44	45.000000	-35.000000	9.791692e+04	2.671601e+01	-2.209438e+04	1988	2	1	12
	37	43	46.250000	-36.250000	9.801799e+04	2.383597e+01	-3.270518e+04	1988	2	1	18
start	11	1988	3	20	0
	53	59	66.250000	-16.250000	9.753377e+04	3.381221e+01	-3.432327e+04	1988	3	20	0
	54	58	67.500000	-17.500000	9.741487e+04	3.870243e+01	-3.084191e+04	1988	3	20	6
	55	58	68.750000	-17.500000	9.742114e+04	3.090068e+01	-3.013584e+04	1988	3	20	12
	56	57	70.000000	-18.750000	9.760120e+04	3.103402e+01	-3.268556e+04	1988	3	20	18
	57	55	71.250000	-21.250000	9.778205e+04	2.865433e+01	-4.254125e+04	1988	3	21	6
	57	54	71.250000	-22.500000	9.763579e+04	2.844026e+01	-4.057011e+04	1988	3	21	12
	57	54	71.250000	-22.500000	9.812119e+04	2.791088e+01	-4.057011e+04	1988	3	21	18
	57	54	71.250000	-22.500000	9.814575e+04	2.323103e+01	-4.057011e+04	1988	3	22	0
	57	54	71.250000	-22.500000	9.844319e+04	2.212216e+01	-4.057011e+04	1988	3	22	6
	57	53	71.250000	-23.750000	9.815498e+04	2.439944e+01	-3.679455e+04	1988	3	22	12
	58	52	72.500000	-25.000000	9.863835e+04	2.389166e+01	-3.508820e+04	1988	3	22	18
start	22	1988	8	16	12
	132	89	165.000000	21.250000	9.973720e+04	2.032919e+01	-5.515260e+04	1988	8	16	12
	131	89	163.750000	21.250000	9.923245e+04	2.189802e+01	-5.156337e+04	1988	8	16	18
	131	90	163.750000	22.500000	9.894075e+04	2.515944e+01	-5.366199e+04	1988	8	17	0
	131	91	163.750000	23.750000	9.860071e+04	2.851514e+01	-5.616268e+04	1988	8	17	6
	131	91	163.750000	23.750000	9.820423e+04	2.850163e+01	-5.616268e+04	1988	8	17	12
	132	92	165.000000	25.000000	9.779761e+04	3.116394e+01	-5.791807e+04	1988	8	17	18
	132	93	165.000000	26.250000	9.777776e+04	3.034500e+01	-5.689818e+04	1988	8	18	0
	133	94	166.250000	27.500000	9.803403e+04	3.197871e+01	-2.818431e+04	1988	8	18	6
	133	94	166.250000	27.500000	9.838247e+04	2.839045e+01	-2.818431e+04	1988	8	18	12
	134	95	167.500000	28.750000	9.810378e+04	3.066440e+01	-5.632940e+04	1988	8	18	18
	135	96	168.750000	30.000000	9.844405e+04	2.884547e+01	-5.627056e+04	1988	8	19	0
	136	96	170.000000	30.000000	9.850784e+04	2.791356e+01	-5.459362e+04	1988	8	19	6
	136	97	170.000000	31.250000	9.851755e+04	2.864412e+01	-5.612346e+04	1988	8	19	12
	137	97	171.250000	31.250000	9.835056e+04	2.798549e+01	-5.431904e+04	1988	8	19	18
	137	97	171.250000	31.250000	9.862248e+04	2.532840e+01	-5.431904e+04	1988	8	20	0
	138	98	172.500000	32.500000	9.860549e+04	2.609109e+01	-3.964829e+04	1988	8	20	6
	138	98	172.500000	32.500000	9.839409e+04	2.645162e+01	-3.964829e+04	1988	8	20	12
	139	99	173.750000	33.750000	9.870085e+04	2.848123e+01	-4.346307e+04	1988	8	20	18
	139	100	173.750000	35.000000	9.892693e+04	2.892822e+01	-3.939331e+04	1988	8	21	0
	139	100	173.750000	35.000000	9.914089e+04	2.393728e+01	-3.939331e+04	1988	8	21	6
	138	101	172.500000	36.250000	9.943938e+04	2.279536e+01	-5.119071e+04	1988	8	21	12
	138	101	172.500000	36.250000	9.936191e+04	2.192871e+01	-5.119071e+04	1988	8	21	18
start	10	1988	9	1	12
	161	84	201.250000	15.000000	9.881599e+04	2.246033e+01	-5.513298e+04	1988	9	1	12
	160	84	200.000000	15.000000	9.889184e+04	2.586104e+01	-5.528009e+04	1988	9	1	18
	160	84	200.000000	15.000000	9.863498e+04	2.514552e+01	-5.528009e+04	1988	9	2	0
	160	85	200.000000	16.250000	9.869011e+04	2.770744e+01	-5.581945e+04	1988	9	2	6
	159	85	198.750000	16.250000	9.892148e+04	2.351708e+01	-5.558409e+04	1988	9	2	12
	160	85	200.000000	16.250000	9.870708e+04	2.477881e+01	-5.581945e+04	1988	9	2	18
	160	85	200.000000	16.250000	9.920532e+04	2.521036e+01	-5.581945e+04	1988	9	3	0
	160	85	200.000000	16.250000	9.887647e+04	2.463885e+01	-5.581945e+04	1988	9	3	6
	160	85	200.000000	16.250000	9.892637e+04	2.547636e+01	-5.581945e+04	1988	9	3	12
	160	86	200.000000	17.500000	9.936851e+04	2.457012e+01	-5.387773e+04	1988	9	4	0
start	22	1988	9	6	6
	154	88	192.500000	20.000000	9.949968e+04	2.367711e+01	-4.548324e+04	1988	9	6	6
	150	90	187.500000	22.500000	9.952019e+04	2.270682e+01	-4.894499e+04	1988	9	7	0
	149	91	186.250000	23.750000	9.972239e+04	2.073352e+01	-4.826833e+04	1988	9	7	6
	148	91	185.000000	23.750000	9.974985e+04	2.435255e+01	-4.948436e+04	1988	9	7	12
	146	92	182.500000	25.000000	9.967346e+04	2.426208e+01	-5.147511e+04	1988	9	7	18
	146	92	182.500000	25.000000	9.950510e+04	2.365022e+01	-5.147511e+04	1988	9	8	0
	144	92	180.000000	25.000000	9.925330e+04	2.729268e+01	-5.425039e+04	1988	9	8	6
	143	92	178.750000	25.000000	9.931521e+04	2.792099e+01	-5.562332e+04	1988	9	8	12
	142	93	177.500000	26.250000	9.896382e+04	2.647355e+01	-5.543699e+04	1988	9	8	18
	141	93	176.250000	26.250000	9.921966e+04	2.798784e+01	-5.743755e+04	1988	9	9	0
	140	94	175.000000	27.500000	9.889888e+04	2.602074e+01	-5.675108e+04	1988	9	9	6
	140	94	175.000000	27.500000	9.873188e+04	2.815408e+01	-5.675108e+04	1988	9	9	12
	139	94	173.750000	27.500000	9.846858e+04	2.824732e+01	-5.947733e+04	1988	9	9	18
	138	94	172.500000	27.500000	9.820986e+04	2.828872e+01	-5.981076e+04	1988	9	10	0
	138	94	172.500000	27.500000	9.822424e+04	2.913604e+01	-5.981076e+04	1988	9	10	6
	137	94	171.250000	27.500000	9.835616e+04	2.946298e+01	-5.883990e+04	1988	9	10	12
	137	95	171.250000	28.750000	9.791157e+04	3.120520e+01	-5.690799e+04	1988	9	10	18
	136	95	170.000000	28.750000	9.828279e+04	2.909209e+01	-5.505453e+04	1988	9	11	0
	136	96	170.000000	30.000000	9.794912e+04	3.165927e+01	-5.459362e+04	1988	9	11	6
	135	96	168.750000	30.000000	9.838359e+04	2.971332e+01	-5.627056e+04	1988	9	11	12
	135	96	168.750000	30.000000	9.879629e+04	2.923081e+01	-5.627056e+04	1988	9	11	18
	135	97	168.750000	31.250000	9.895764e+04	2.826260e+01	-5.679031e+04	1988	9	12	0
start	24	1988	9	11	6
	117	88	146.250000	20.000000	9.785850e+04	2.201554e+01	-3.495090e+04	1988	9	11	6
	117	88	146.250000	20.000000	9.761484e+04	2.580268e+01	-3.495090e+04	1988	9	11	12
	116	88	145.000000	20.000000	9.704316e+04	2.930524e+01	-2.906691e+04	1988	9	11	18
	116	88	145.000000	20.000000	9.664514e+04	2.977809e+01	-2.906691e+04	1988	9	12	0
	116	89	145.000000	21.250000	9.654666e+04	3.766885e+01	-1.999576e+04	1988	9	12	6
	116	89	145.000000	21.250000	9.640332e+04	3.369741e+01	-1.999576e+04	1988	9	12	12
	116	90	145.000000	22.500000	9.609023e+04	3.530767e+01	-4.564996e+04	1988	9	12	18
	116	91	145.000000	23.750000	9.649351e+04	3.421922e+01	-5.510357e+04	1988	9	13	0
	115	91	143.750000	23.750000	9.615696e+04	3.284875e+01	-6.479254e+04	1988	9	13	6
	115	92	143.750000	25.000000	9.585386e+04	3.466931e+01	-3.770657e+04	1988	9	13	12
	115	93	143.750000	26.250000	9.593169e+04	3.578344e+01	-3.154799e+04	1988	9	13	18
	115	94	143.750000	27.500000	9.642161e+04	3.328451e+01	-6.713633e+04	1988	9	14	0
	115	95	143.750000	28.750000	9.633355e+04	3.338649e+01	-6.086988e+04	1988	9	14	6
	114	96	142.500000	30.000000	9.660493e+04	3.200861e+01	-8.422932e+04	1988	9	14	12
	114	96	142.500000	30.000000	9.660091e+04	3.084485e+01	-8.422932e+04	1988	9	14	18
	114	97	142.500000	31.250000	9.682571e+04	3.111561e+01	-7.396176e+04	1988	9	15	0
	114	98	142.500000	32.500000	9.675130e+04	3.118568e+01	-7.432460e+04	1988	9	15	6
	114	98	142.500000	32.500000	9.728970e+04	2.854538e+01	-7.432460e+04	1988	9	15	12
	115	99	143.750000	33.750000	9.717856e+04	3.192342e+01	-4.610106e+04	1988	9	15	18
	116	100	145.000000	35.000000	9.742981e+04	2.916018e+01	-5.675108e+04	1988	9	16	0
	117	102	146.250000	37.500000	9.747591e+04	2.759544e+01	-5.446613e+04	1988	9	16	6
	119	103	148.750000	38.750000	9.769288e+04	2.695112e+01	-5.658437e+04	1988	9	16	12
	121	104	151.250000	40.000000	9.787468e+04	2.692706e+01	-5.467207e+04	1988	9	16	18
	124	105	155.000000	41.250000	9.811977e+04	2.578528e+01	-5.540757e+04	1988	9	17	0
start	20	1988	10	3	18
	101	86	126.250000	17.500000	9.823525e+04	2.545856e+01	-4.658159e+04	1988	10	3	18
	101	87	126.250000	18.750000	9.838255e+04	2.537457e+01	-5.550564e+04	1988	10	4	0
	100	88	125.000000	20.000000	9.785638e+04	2.924118e+01	-5.751600e+04	1988	10	4	6
	100	88	125.000000	20.000000	9.741280e+04	2.868141e+01	-5.751600e+04	1988	10	4	12
	100	89	125.000000	21.250000	9.738904e+04	2.956599e+01	-5.620191e+04	1988	10	4	18
	99	89	123.750000	21.250000	9.676223e+04	3.164854e+01	-4.935687e+04	1988	10	5	0
	100	90	125.000000	22.500000	9.658038e+04	3.330489e+01	-5.426020e+04	1988	10	5	6
	100	90	125.000000	22.500000	9.612652e+04	3.653938e+01	-5.426020e+04	1988	10	5	12
	101	91	126.250000	23.750000	9.675002e+04	3.329855e+01	-5.574100e+04	1988	10	5	18
	102	91	127.500000	23.750000	9.723616e+04	3.218645e+01	-5.595675e+04	1988	10	6	0
	102	92	127.500000	25.000000	9.669941e+04	3.253324e+01	-3.566679e+04	1988	10	6	6
	103	92	128.750000	25.000000	9.685755e+04	2.966045e+01	-5.352470e+04	1988	10	6	12
	104	93	130.000000	26.250000	9.726062e+04	2.932899e+01	-5.542719e+04	1988	10	6	18
	105	93	131.250000	26.250000	9.751103e+04	3.003887e+01	-3.107727e+04	1988	10	7	0
	106	94	132.500000	27.500000	9.717898e+04	2.872313e+01	-5.063173e+04	1988	10	7	6
	107	95	133.750000	28.750000	9.767520e+04	3.018148e+01	-3.535297e+04	1988	10	7	12
	108	96	135.000000	30.000000	9.798003e+04	2.876665e+01	-4.601280e+04	1988	10	7	18
	112	98	140.000000	32.500000	9.877998e+04	2.718484e+01	-9.747811e+03	1988	10	8	12
	115	99	143.750000	33.750000	9.880979e+04	3.001007e+01	-4.610106e+04	1988	10	8	18
	118	100	147.500000	35.000000	9.893005e+04	2.775057e+01	-5.727084e+04	1988	10	9	0
start	16	1989	2	13	6
	128	56	160.000000	-20.000000	9.773335e+04	2.434532e+01	-1.638691e+04	1989	2	13	6
	128	56	160.000000	-20.000000	9.819045e+04	2.504443e+01	-1.638691e+04	1989	2	13	12
	128	57	160.000000	-18.750000	9.780012e+04	2.443607e+01	-3.170490e+04	1989	2	13	18
	127	57	158.750000	-18.750000	9.767361e+04	2.673342e+01	-1.673995e+04	1989	2	14	0
	127	57	158.750000	-18.750000	9.722671e+04	2.899246e+01	-1.673995e+04	1989	2	14	6
	126	57	157.500000	-18.750000	9.736333e+04	2.770865e+01	-2.831180e+04	1989	2	14	12
	126	57	157.500000	-18.750000	9.693010e+04	2.972395e+01	-2.831180e+04	1989	2	14	18
	126	57	157.500000	-18.750000	9.679805e+04	3.095967e+01	-2.831180e+04	1989	2	15	0
	126	56	157.500000	-20.000000	9.665193e+04	3.272388e+01	-2.566400e+04	1989	2	15	6
	126	57	157.500000	-18.750000	9.707046e+04	3.172791e+01	-2.831180e+04	1989	2	15	12
	126	56	157.500000	-20.000000	9.667392e+04	3.123074e+01	-2.566400e+04	1989	2	15	18
	126	56	157.500000	-20.000000	9.667500e+04	3.084408e+01	-2.566400e+04	1989	2	16	0
	126	56	157.500000	-20.000000	9.692383e+04	3.103101e+01	-2.566400e+04	1989	2	16	6
	126	56	157.500000	-20.000000	9.718391e+04	3.106868e+01	-2.566400e+04	1989	2	16	12
	127	56	158.750000	-20.000000	9.691543e+04	2.882702e+01	-2.941995e+03	1989	2	16	18
	129	55	161.250000	-21.250000	9.776655e+04	2.698229e+01	-1.048331e+04	1989	2	17	12
start	28	1989	2	20	18
	68	62	85.000000	-12.500000	9.927495e+04	2.043860e+01	-5.216157e+04	1989	2	20	18
	67	62	83.750000	-12.500000	9.879641e+04	2.329746e+01	-4.177633e+04	1989	2	21	0
	67	62	83.750000	-12.500000	9.860215e+04	2.382129e+01	-4.177633e+04	1989	2	21	6
	67	62	83.750000	-12.500000	9.851997e+04	2.582316e+01	-4.177633e+04	1989	2	21	12
	67	62	83.750000	-12.500000	9.842088e+04	2.486754e+01	-4.177633e+04	1989	2	21	18
	66	61	82.500000	-13.750000	9.780234e+04	2.734788e+01	-4.745438e+04	1989	2	22	0
	66	61	82.500000	-13.750000	9.771118e+04	2.876766e+01	-4.745438e+04	1989	2	22	6
	66	61	82.500000	-13.750000	9.728538e+04	3.025773e+01	-4.745438e+04	1989	2	22	12
	66	61	82.500000	-13.750000	9.735950e+04	2.965040e+01	-4.745438e+04	1989	2	22	18
	66	60	82.500000	-15.000000	9.737576e+04	3.035948e+01	-4.789568e+04	1989	2	23	0
	65	60	81.250000	-15.000000	9.679055e+04	3.204817e+01	-4.839582e+04	1989	2	23	6
	65	60	81.250000	-15.000000	9.666098e+04	3.274239e+01	-4.839582e+04	1989	2	23	12
	64	59	80.000000	-16.250000	9.700666e+04	3.194590e+01	-4.925880e+04	1989	2	23	18
	64	59	80.000000	-16.250000	9.650498e+04	3.278947e+01	-4.925880e+04	1989	2	24	0
	63	59	78.750000	-16.250000	9.677173e+04	3.393631e+01	-4.756225e+04	1989	2	24	6
	63	59	78.750000	-16.250000	9.717917e+04	3.123920e+01	-4.756225e+04	1989	2	24	12
	62	58	77.500000	-17.500000	9.690345e+04	3.354021e+01	-4.568918e+04	1989	2	24	18
	61	58	76.250000	-17.500000	9.706677e+04	3.166223e+01	-4.341404e+04	1989	2	25	0
	61	57	76.250000	-18.750000	9.687341e+04	3.219733e+01	-5.032773e+04	1989	2	25	6
	60	57	75.000000	-18.750000	9.702188e+04	3.267880e+01	-4.534595e+04	1989	2	25	12
	60	56	75.000000	-20.000000	9.708511e+04	3.025579e+01	-4.501252e+04	1989	2	25	18
	59	56	73.750000	-20.000000	9.715256e+04	3.165054e+01	-4.351211e+04	1989	2	26	0
	59	55	73.750000	-21.250000	9.732470e+04	3.154036e+01	-4.178614e+04	1989	2	26	6
	58	54	72.500000	-22.500000	9.739241e+04	3.035622e+01	-4.222743e+04	1989	2	26	12
	58	53	72.500000	-23.750000	9.788056e+04	2.965031e+01	-3.902066e+04	1989	2	26	18
	57	52	71.250000	-25.000000	9.800002e+04	2.987782e+01	-3.372507e+04	1989	2	27	0
	57	51	71.250000	-26.250000	9.815059e+04	3.053993e+01	-2.630144e+04	1989	2	27	6
	57	50	71.250000	-27.500000	9.842227e+04	2.600946e+01	-3.840284e+04	1989	2	27	12
start	16	1989	4	1	12
	56	61	70.000000	-13.750000	9.828913e+04	2.616889e+01	-3.826555e+04	1989	4	1	12
	56	61	70.000000	-13.750000	9.856502e+04	2.471726e+01	-3.826555e+04	1989	4	1	18
	56	60	70.000000	-15.000000	9.789334e+04	2.893871e+01	-4.024649e+04	1989	4	2	0
	56	60	70.000000	-15.000000	9.782454e+04	3.023544e+01	-4.024649e+04	1989	4	2	6
	56	60	70.000000	-15.000000	9.789790e+04	2.862100e+01	-4.024649e+04	1989	4	2	12
	56	59	70.000000	-16.250000	9.785337e+04	3.017747e+01	-4.072702e+04	1989	4	2	18
	56	59	70.000000	-16.250000	9.792756e+04	2.936182e+01	-4.072702e+04	1989	4	3	0
	56	59	70.000000	-16.250000	9.823777e+04	3.097198e+01	-4.072702e+04	1989	4	3	6
	56	58	70.000000	-17.500000	9.782991e+04	2.802857e+01	-4.018765e+04	1989	4	3	12
	56	58	70.000000	-17.500000	9.834345e+04	2.856835e+01	-4.018765e+04	1989	4	3	18
	54	58	67.500000	-17.500000	9.840855e+04	2.857558e+01	-3.084191e+04	1989	4	4	0
	54	58	67.500000	-17.500000	9.859248e+04	2.526627e+01	-3.084191e+04	1989	4	4	6
	53	58	66.250000	-17.500000	9.843045e+04	2.608067e+01	-2.099604e+04	1989	4	4	12
	52	58	65.000000	-17.500000	9.870974e+04	2.669429e+01	-3.954041e+04	1989	4	4	18
	52	57	65.000000	-18.750000	9.869641e+04	2.507609e+01	-2.781166e+04	1989	4	5	0
	51	57	63.750000	-18.750000	9.884841e+04	2.655665e+01	-2.742920e+04	1989	4	5	6
start	12	1989	4	20	18
	116	82	145.000000	12.500000	9.807102e+04	2.463006e+01	-6.994103e+04	1989	4	20	18
	117	82	146.250000	12.500000	9.782031e+04	2.873976e+01	-6.856809e+04	1989	4	21	0
	118	83	147.500000	13.750000	9.769616e+04	2.503146e+01	-6.373342e+04	1989	4	21	6
	120	84	150.000000	15.000000	9.711413e+04	3.011945e+01	-5.715316e+04	1989	4	21	18
	120	85	150.000000	16.250000	9.715066e+04	3.205133e+01	-5.626075e+04	1989	4	22	0
	121	86	151.250000	17.500000	9.680439e+04	3.254175e+01	-3.826555e+04	1989	4	22	6
	122	87	152.500000	18.750000	9.708489e+04	3.138450e+01	-5.440729e+04	1989	4	22	12
	123	88	153.750000	20.000000	9.733112e+04	2.923782e+01	-5.034734e+04	1989	4	22	18
	123	89	153.750000	21.250000	9.805498e+04	2.952355e+01	-5.703548e+04	1989	4	23	0
	124	89	155.000000	21.250000	9.799570e+04	2.931209e+01	-4.089373e+04	1989	4	23	6
	125	90	156.250000	22.500000	9.827507e+04	2.623729e+01	-5.437788e+04	1989	4	23	12
	125	91	156.250000	23.750000	9.822112e+04	2.592182e+01	-4.479678e+04	1989	4	23	18
start	10	1989	7	14	6
	104	85	130.000000	16.250000	9.861948e+04	2.462946e+01	-4.800355e+04	1989	7	14	6
	102	85	127.500000	16.250000	9.771721e+04	2.745774e+01	-4.936668e+04	1989	7	14	18
	101	85	126.250000	16.250000	9.759614e+04	2.882426e+01	-4.302177e+04	1989	7	15	0
	100	86	125.000000	17.500000	9.725334e+04	3.083969e+01	-3.574524e+04	1989	7	15	6
	99	86	123.750000	17.500000	9.678152e+04	3.046970e+01	-4.883712e+04	1989	7	15	12
	98	86	122.500000	17.500000	9.727168e+04	3.030775e+01	-2.637008e+04	1989	7	15	18
	97	87	121.250000	18.750000	9.764800e+04	2.658710e+01	-4.442413e+03	1989	7	16	0
	96	87	120.000000	18.750000	9.748611e+04	2.519684e+01	-2.693887e+04	1989	7	16	6
	93	87	116.250000	18.750000	9.759995e+04	2.845380e+01	-3.102824e+04	1989	7	17	0
	93	88	116.250000	20.000000	9.761975e+04	2.753956e+01	-1.135610e+04	1989	7	17	6
start	12	1989	8	18	12
	200	86	250.000000	17.500000	9.910254e+04	2.195548e+01	-3.361720e+04	1989	8	18	12
	196	87	245.000000	18.750000	9.874658e+04	2.377246e+01	-3.665726e+04	1989	8	19	12
	194	87	242.500000	18.750000	9.894583e+04	2.580254e+01	-3.853033e+04	1989	8	19	18
	194	87	242.500000	18.750000	9.849089e+04	2.479245e+01	-3.853033e+04	1989	8	20	0
	193	87	241.250000	18.750000	9.898386e+04	2.796258e+01	-3.931486e+04	1989	8	20	6
	192	87	240.000000	18.750000	9.853184e+04	2.544009e+01	-3.906970e+04	1989	8	20	12
	191	87	238.750000	18.750000	9.888511e+04	2.438996e+01	-3.984442e+04	1989	8	20	18
	190	87	237.500000	18.750000	9.876067e+04	2.406925e+01	-4.063876e+04	1989	8	21	0
	189	87	236.250000	18.750000	9.919109e+04	2.337465e+01	-4.228627e+04	1989	8	21	6
	189	87	236.250000	18.750000	9.898366e+04	2.193041e+01	-4.228627e+04	1989	8	21	12
	188	87	235.000000	18.750000	9.924820e+04	2.337553e+01	-4.200188e+04	1989	8	21	18
	187	86	233.750000	17.500000	9.911079e+04	2.354138e+01	-4.371805e+04	1989	8	22	0
start	17	1989	9	6	18
	240	92	300.000000	25.000000	9.852732e+04	2.348847e+01	-5.647650e+04	1989	9	6	18
	240	93	300.000000	26.250000	9.820696e+04	2.555139e+01	-5.852609e+04	1989	9	7	0
	240	94	300.000000	27.500000	9.782637e+04	2.938698e+01	-6.161518e+04	1989	9	7	6
	240	95	300.000000	28.750000	9.768997e+04	2.838943e+01	-5.737871e+04	1989	9	7	12
	240	96	300.000000	30.000000	9.763127e+04	3.162376e+01	-5.294610e+04	1989	9	7	18
	240	98	300.000000	32.500000	9.756198e+04	2.443116e+01	-4.960204e+04	1989	9	8	0
	240	99	300.000000	33.750000	9.724148e+04	2.564804e+01	-4.821930e+04	1989	9	8	6
	240	100	300.000000	35.000000	9.724746e+04	2.684336e+01	-4.482620e+04	1989	9	8	12
	240	101	300.000000	36.250000	9.712046e+04	2.677533e+01	-5.001391e+04	1989	9	8	18
	240	102	300.000000	37.500000	9.718015e+04	2.681063e+01	-3.455863e+04	1989	9	9	0
	240	102	300.000000	37.500000	9.736658e+04	2.571346e+01	-3.455863e+04	1989	9	9	6
	240	103	300.000000	38.750000	9.750825e+04	2.781507e+01	-5.056309e+04	1989	9	9	12
	240	103	300.000000	38.750000	9.754519e+04	2.760674e+01	-5.056309e+04	1989	9	9	18
	240	103	300.000000	38.750000	9.785261e+04	2.467509e+01	-5.056309e+04	1989	9	10	0
	240	103	300.000000	38.750000	9.813691e+04	2.382145e+01	-5.056309e+04	1989	9	10	6
	239	103	298.750000	38.750000	9.853645e+04	2.333457e+01	-4.974914e+04	1989	9	10	12
	239	103	298.750000	38.750000	9.869382e+04	2.207857e+01	-4.974914e+04	1989	9	10	18
start	18	1989	9	30	0
	200	85	250.000000	16.250000	9.878843e+04	2.192674e+01	-3.607866e+04	1989	9	30	0
	200	85	250.000000	16.250000	9.863142e+04	2.407722e+01	-3.607866e+04	1989	9	30	6
	199	85	248.750000	16.250000	9.821455e+04	2.588348e+01	-3.042023e+04	1989	9	30	12
	198	85	247.500000	16.250000	9.837956e+04	2.695774e+01	-3.206775e+04	1989	9	30	18
	197	86	246.250000	17.500000	9.788965e+04	2.853413e+01	-3.500974e+04	1989	10	1	0
	197	86	246.250000	17.500000	9.762158e+04	2.936729e+01	-3.500974e+04	1989	10	1	6
	196	86	245.000000	17.500000	9.754319e+04	2.977355e+01	-3.688281e+04	1989	10	1	12
	195	86	243.750000	17.500000	9.735745e+04	3.076655e+01	-3.675532e+04	1989	10	1	18
	195	87	243.750000	18.750000	9.695095e+04	3.168492e+01	-4.069760e+04	1989	10	2	0
	194	87	242.500000	18.750000	9.726298e+04	3.067693e+01	-3.853033e+04	1989	10	2	6
	194	87	242.500000	18.750000	9.725630e+04	3.069570e+01	-3.853033e+04	1989	10	2	12
	194	87	242.500000	18.750000	9.805508e+04	2.921242e+01	-3.853033e+04	1989	10	2	18
	194	88	242.500000	20.000000	9.823919e+04	2.836266e+01	-3.927563e+04	1989	10	3	0
	193	88	241.250000	20.000000	9.833462e+04	2.761177e+01	-3.819690e+04	1989	10	3	6
	194	88	242.500000	20.000000	9.823601e+04	2.688400e+01	-3.927563e+04	1989	10	3	12
	194	89	242.500000	21.250000	9.891006e+04	2.666291e+01	-4.125658e+04	1989	10	3	18
	195	90	243.750000	22.500000	9.896836e+04	2.422661e+01	-3.797135e+04	1989	10	4	6
	196	91	245.000000	23.750000	9.905261e+04	2.521479e+01	-3.716720e+04	1989	10	4	12
start	11	1989	10	5	6
	115	89	143.750000	21.250000	9.864998e+04	2.248427e+01	-3.914815e+04	1989	10	5	6
	114	91	142.500000	23.750000	9.845332e+04	2.814499e+01	-3.130283e+04	1989	10	6	0
	113	92	141.250000	25.000000	9.837978e+04	2.730409e+01	-1.501398e+04	1989	10	6	12
	112	93	140.000000	26.250000	9.826321e+04	2.525884e+01	-3.676513e+04	1989	10	6	18
	112	94	140.000000	27.500000	9.819988e+04	2.299543e+01	-3.785367e+04	1989	10	7	0
	113	95	141.250000	28.750000	9.762058e+04	3.109510e+01	-3.943254e+04	1989	10	7	6
	114	97	142.500000	31.250000	9.750925e+04	3.028724e+01	-7.396176e+04	1989	10	7	12
	116	99	145.000000	33.750000	9.734641e+04	3.421402e+01	-5.666282e+04	1989	10	7	18
	119	101	148.750000	36.250000	9.714680e+04	3.539222e+01	-5.674128e+04	1989	10	8	0
	122	104	152.500000	40.000000	9.704202e+04	3.507800e+01	-5.482898e+04	1989	10	8	6
	126	107	157.500000	43.750000	9.716614e+04	3.280092e+01	-5.408368e+04	1989	10	8	12
start	22	1989	12	20	6
	46	63	57.500000	-11.250000	9.868362e+04	2.348648e+01	-4.093296e+04	1989	12	20	6
	45	63	56.250000	-11.250000	9.781430e+04	2.515199e+01	-4.161942e+04	1989	12	20	12
	44	63	55.000000	-11.250000	9.779522e+04	2.981287e+01	-4.368862e+04	1989	12	21	0
	44	63	55.000000	-11.250000	9.741530e+04	2.951200e+01	-4.368862e+04	1989	12	21	6
	44	63	55.000000	-11.250000	9.756404e+04	3.339499e+01	-4.368862e+04	1989	12	21	12
	44	62	55.000000	-12.500000	9.748081e+04	3.250408e+01	-4.024649e+04	1989	12	21	18
	44	62	55.000000	-12.500000	9.705144e+04	3.396938e+01	-4.024649e+04	1989	12	22	0
	44	62	55.000000	-12.500000	9.727456e+04	3.308175e+01	-4.024649e+04	1989	12	22	6
	44	61	55.000000	-13.750000	9.710002e+04	3.231944e+01	-4.333559e+04	1989	12	22	12
	44	61	55.000000	-13.750000	9.777298e+04	3.364543e+01	-4.333559e+04	1989	12	22	18
	44	61	55.000000	-13.750000	9.773481e+04	3.079295e+01	-4.333559e+04	1989	12	23	0
	44	61	55.000000	-13.750000	9.760905e+04	3.060196e+01	-4.333559e+04	1989	12	23	6
	45	61	56.250000	-13.750000	9.743162e+04	2.977615e+01	-4.325713e+04	1989	12	23	12
	45	61	56.250000	-13.750000	9.774802e+04	2.930153e+01	-4.325713e+04	1989	12	23	18
	45	61	56.250000	-13.750000	9.761198e+04	2.796384e+01	-4.325713e+04	1989	12	24	0
	45	61	56.250000	-13.750000	9.793980e+04	2.719067e+01	-4.325713e+04	1989	12	24	6
	45	61	56.250000	-13.750000	9.827905e+04	2.563537e+01	-4.325713e+04	1989	12	24	18
	46	61	57.500000	-13.750000	9.842370e+04	2.675165e+01	-3.881472e+04	1989	12	25	0
	46	61	57.500000	-13.750000	9.841523e+04	2.484933e+01	-3.881472e+04	1989	12	25	6
	46	61	57.500000	-13.750000	9.844009e+04	2.535291e+01	-3.881472e+04	1989	12	25	12
	46	61	57.500000	-13.750000	9.863425e+04	2.431558e+01	-3.881472e+04	1989	12	25	18
	46	61	57.500000	-13.750000	9.820818e+04	2.487717e+01	-3.881472e+04	1989	12	26	0
start	19	1990	3	16	6
	67	61	83.750000	-13.750000	9.910388e+04	2.219378e+01	-4.467910e+04	1990	3	16	6
	67	60	83.750000	-15.000000	9.913911e+04	2.314874e+01	-5.082787e+04	1990	3	16	18
	66	60	82.500000	-15.000000	9.871152e+04	2.441231e+01	-4.789568e+04	1990	3	17	0
	67	60	83.750000	-15.000000	9.895859e+04	2.594634e+01	-5.082787e+04	1990	3	17	6
	66	59	82.500000	-16.250000	9.832441e+04	2.763907e+01	-5.429942e+04	1990	3	17	12
	66	59	82.500000	-16.250000	9.868850e+04	2.476801e+01	-5.429942e+04	1990	3	17	18
	66	59	82.500000	-16.250000	9.830905e+04	2.900188e+01	-5.429942e+04	1990	3	18	0
	65	58	81.250000	-17.500000	9.844729e+04	2.777591e+01	-5.071019e+04	1990	3	18	6
	64	58	80.000000	-17.500000	9.792383e+04	2.924820e+01	-4.950397e+04	1990	3	18	12
	64	58	80.000000	-17.500000	9.823123e+04	3.133158e+01	-4.950397e+04	1990	3	18	18
	63	57	78.750000	-18.750000	9.812725e+04	2.902206e+01	-4.930784e+04	1990	3	19	0
	63	57	78.750000	-18.750000	9.810427e+04	2.920918e+01	-4.930784e+04	1990	3	19	6
	62	57	77.500000	-18.750000	9.861428e+04	2.708952e+01	-4.533614e+04	1990	3	19	12
	62	56	77.500000	-20.000000	9.850230e+04	2.725654e+01	-4.796432e+04	1990	3	19	18
	62	55	77.500000	-21.250000	9.865981e+04	2.456825e+01	-4.432606e+04	1990	3	20	0
	61	55	76.250000	-21.250000	9.903286e+04	2.481525e+01	-4.199207e+04	1990	3	20	6
	62	54	77.500000	-22.500000	9.911319e+04	2.243018e+01	-4.409070e+04	1990	3	20	12
	61	54	76.250000	-22.500000	9.915002e+04	2.253448e+01	-4.177633e+04	1990	3	20	18
	61	54	76.250000	-22.500000	9.932044e+04	2.185734e+01	-4.177633e+04	1990	3	21	0
start	14	1990	3	19	12
	83	59	103.750000	-16.250000	9.819553e+04	2.397941e+01	-5.864377e+04	1990	3	19	12
	81	58	101.250000	-17.500000	9.828667e+04	2.934794e+01	-5.898700e+04	1990	3	19	18
	80	59	100.000000	-16.250000	9.813169e+04	2.971736e+01	-5.781020e+04	1990	3	20	0
	79	58	98.750000	-17.500000	9.802036e+04	2.842655e+01	-5.679031e+04	1990	3	20	6
	78	57	97.500000	-18.750000	9.843194e+04	2.859486e+01	-5.366199e+04	1990	3	20	12
	77	57	96.250000	-18.750000	9.855940e+04	2.673458e+01	-5.509376e+04	1990	3	20	18
	76	56	95.000000	-20.000000	9.861731e+04	2.748923e+01	-5.139665e+04	1990	3	21	0
	75	56	93.750000	-20.000000	9.904077e+04	2.828664e+01	-5.135743e+04	1990	3	21	6
	75	55	93.750000	-21.250000	9.905364e+04	2.439105e+01	-5.241654e+04	1990	3	21	12
	74	54	92.500000	-22.500000	9.942981e+04	2.498798e+01	-4.699347e+04	1990	3	21	18
	73	54	91.250000	-22.500000	9.927298e+04	2.377709e+01	-4.474774e+04	1990	3	22	0
	73	53	91.250000	-23.750000	9.951323e+04	2.530240e+01	-5.071019e+04	1990	3	22	6
	73	53	91.250000	-23.750000	9.945673e+04	2.413297e+01	-5.071019e+04	1990	3	22	12
	73	52	91.250000	-25.000000	9.975989e+04	2.204842e+01	-4.967068e+04	1990	3	22	18
start	18	1990	7	28	6
	116	90	145.000000	22.500000	9.796653e+04	2.396922e+01	-4.564996e+04	1990	7	28	6
	116	91	145.000000	23.750000	9.774514e+04	2.676044e+01	-5.510357e+04	1990	7	28	12
	116	91	145.000000	23.750000	9.716931e+04	2.838711e+01	-5.510357e+04	1990	7	28	18
	116	92	145.000000	25.000000	9.757493e+04	2.714287e+01	-4.965107e+04	1990	7	29	0
	116	92	145.000000	25.000000	9.687546e+04	3.156841e+01	-4.965107e+04	1990	7	29	6
	116	92	145.000000	25.000000	9.758408e+04	3.284655e+01	-4.965107e+04	1990	7	29	12
	117	93	146.250000	26.250000	9.695466e+04	3.151700e+01	-5.264210e+04	1990	7	29	18
	117	93	146.250000	26.250000	9.708294e+04	3.407539e+01	-5.264210e+04	1990	7	30	0
	118	93	147.500000	26.250000	9.676343e+04	3.197492e+01	-5.456420e+04	1990	7	30	6
	118	93	147.500000	26.250000	9.737459e+04	3.419604e+01	-5.456420e+04	1990	7	30	12
	119	94	148.750000	27.500000	9.693105e+04	3.683569e+01	-5.638824e+04	1990	7	30	18
	120	94	150.000000	27.500000	9.775598e+04	3.551095e+01	-5.865357e+04	1990	7	31	0
	122	95	152.500000	28.750000	9.707524e+04	3.412970e+01	-5.657456e+04	1990	7	31	6
	122	95	152.500000	28.750000	9.783845e+04	2.950111e+01	-5.657456e+04	1990	7	31	12
	124	96	155.000000	30.000000	9.787173e+04	2.859393e+01	-5.576061e+04	1990	7	31	18
	126	98	157.500000	32.500000	9.794212e+04	3.086626e+01	-2.976318e+04	1990	8	1	0
	126	100	157.500000	35.000000	9.834944e+04	3.009243e+01	-4.991585e+04	1990	8	1	6
	126	101	157.500000	36.250000	9.872146e+04	2.556366e+01	-4.544402e+04	1990	8	1	12
start	13	1990	7	31	6
	235	102	293.750000	37.500000	9.809712e+04	2.569353e+01	-4.879789e+04	1990	7	31	6
	235	102	293.750000	37.500000	9.829783e+04	2.728453e+01	-4.879789e+04	1990	7	31	12
	236	103	295.000000	38.750000	9.810610e+04	2.731297e+01	-4.794471e+04	1990	7	31	18
	237	104	296.250000	40.000000	9.844524e+04	2.504490e+01	-4.781723e+04	1990	8	1	0
	237	104	296.250000	40.000000	9.818069e+04	2.354901e+01	-4.781723e+04	1990	8	1	6
	238	105	297.500000	41.250000	9.846834e+04	2.404506e+01	-4.076624e+04	1990	8	1	12
	239	106	298.750000	42.500000	9.840278e+04	2.319773e+01	-2.970434e+04	1990	8	1	18
	240	107	300.000000	43.750000	9.822019e+04	2.275787e+01	-5.589791e+02	1990	8	2	0
	240	109	300.000000	46.250000	9.791558e+04	2.364144e+01	-1.961330e+02	1990	8	2	6
	240	111	300.000000	48.750000	9.804905e+04	2.048112e+01	-3.255808e+03	1990	8	2	12
	240	111	300.000000	48.750000	9.848916e+04	2.159932e+01	-3.255808e+03	1990	8	2	18
	239	112	298.750000	50.000000	9.905159e+04	1.594182e+01	-1.372931e+03	1990	8	3	0
	239	111	298.750000	48.750000	9.918413e+04	1.629030e+01	-3.314648e+03	1990	8	3	6
start	12	1990	8	28	6
	107	90	133.750000	22.500000	9.822683e+04	2.349814e+01	-5.449555e+04	1990	8	28	6
	106	90	132.500000	22.500000	9.820857e+04	2.360162e+01	-5.560371e+04	1990	8	28	12
	103	91	128.750000	23.750000	9.802969e+04	2.465891e+01	-5.602539e+04	1990	8	29	0
	102	91	127.500000	23.750000	9.760903e+04	2.668010e+01	-5.595675e+04	1990	8	29	6
	101	91	126.250000	23.750000	9.758184e+04	2.661151e+01	-5.574100e+04	1990	8	29	12
	100	92	125.000000	25.000000	9.755933e+04	2.659950e+01	-1.320956e+04	1990	8	29	18
	100	92	125.000000	25.000000	9.731907e+04	2.897169e+01	-1.320956e+04	1990	8	30	0
	99	93	123.750000	26.250000	9.694267e+04	2.756987e+01	-1.343511e+03	1990	8	30	6
	98	93	122.500000	26.250000	9.701511e+04	2.898057e+01	-9.806650e+02	1990	8	30	12
	98	94	122.500000	27.500000	9.678166e+04	2.872466e+01	-9.022118e+02	1990	8	30	18
	97	95	121.250000	28.750000	9.766875e+04	2.597722e+01	4.412993e+02	1990	8	31	0
	97	95	121.250000	28.750000	9.820449e+04	2.334367e+01	4.412993e+02	1990	8	31	6
start	16	1990	9	16	0
	105	90	131.250000	22.500000	9.859414e+04	2.045676e+01	-5.749639e+04	1990	9	16	0
	104	91	130.000000	23.750000	9.835950e+04	2.264888e+01	-3.875588e+04	1990	9	16	6
	104	91	130.000000	23.750000	9.780796e+04	2.632723e+01	-3.875588e+04	1990	9	16	12
	104	91	130.000000	23.750000	9.789341e+04	2.691004e+01	-3.875588e+04	1990	9	16	18
	103	92	128.750000	25.000000	9.763218e+04	2.699057e+01	-5.352470e+04	1990	9	17	0
	103	92	128.750000	25.000000	9.746064e+04	2.724013e+01	-5.352470e+04	1990	9	17	6
	103	93	128.750000	26.250000	9.742029e+04	2.821062e+01	-2.635047e+04	1990	9	17	12
	103	94	128.750000	27.500000	9.764373e+04	2.616843e+01	-1.043428e+04	1990	9	17	18
	104	94	130.000000	27.500000	9.722483e+04	2.734784e+01	-1.838747e+04	1990	9	18	0
	104	95	130.000000	28.750000	9.695139e+04	3.054197e+01	-3.667687e+03	1990	9	18	6
	105	96	131.250000	30.000000	9.737088e+04	3.037752e+01	-1.626923e+04	1990	9	18	12
	105	96	131.250000	30.000000	9.709114e+04	3.306254e+01	-1.626923e+04	1990	9	18	18
	106	97	132.500000	31.250000	9.696958e+04	3.004767e+01	-2.797837e+04	1990	9	19	0
	107	98	133.750000	32.500000	9.701128e+04	2.828504e+01	-1.065983e+04	1990	9	19	6
	109	99	136.250000	33.750000	9.753584e+04	2.911135e+01	-1.671053e+04	1990	9	19	12
	110	101	137.500000	36.250000	9.844412e+04	1.927248e+01	7.698220e+03	1990	9	19	18
start	11	1990	10	19	18
	114	89	142.500000	21.250000	9.844851e+04	2.419228e+01	-3.457825e+04	1990	10	19	18
	114	90	142.500000	22.500000	9.864519e+04	2.419940e+01	-2.512464e+04	1990	10	20	0
	114	90	142.500000	22.500000	9.797876e+04	2.641861e+01	-2.512464e+04	1990	10	20	6
	114	91	142.500000	23.750000	9.819531e+04	2.780741e+01	-3.130283e+04	1990	10	20	12
	115	91	143.750000	23.750000	9.771091e+04	2.807067e+01	-6.479254e+04	1990	10	20	18
	116	92	145.000000	25.000000	9.781345e+04	3.010871e+01	-4.965107e+04	1990	10	21	0
	117	93	146.250000	26.250000	9.752222e+04	2.971911e+01	-5.264210e+04	1990	10	21	6
	118	94	147.500000	27.500000	9.748616e+04	3.141399e+01	-5.679031e+04	1990	10	21	12
	119	96	148.750000	30.000000	9.691411e+04	3.281016e+01	-6.087968e+04	1990	10	21	18
	120	98	150.000000	32.500000	9.742370e+04	3.187191e+01	-5.685896e+04	1990	10	22	0
	121	99	151.250000	33.750000	9.732578e+04	3.171143e+01	-5.883990e+04	1990	10	22	6
start	16	1990	11	25	12
	106	81	132.500000	11.250000	9.844345e+04	2.315594e+01	-5.751600e+04	1990	11	25	12
	105	82	131.250000	12.500000	9.787197e+04	2.612334e+01	-5.637843e+04	1990	11	25	18
	105	82	131.250000	12.500000	9.790386e+04	2.865577e+01	-5.637843e+04	1990	11	26	0
	104	82	130.000000	12.500000	9.709419e+04	2.936139e+01	-5.525067e+04	1990	11	26	6
	103	82	128.750000	12.500000	9.759878e+04	2.965166e+01	-5.586848e+04	1990	11	26	12
	103	83	128.750000	13.750000	9.736387e+04	2.863581e+01	-5.389735e+04	1990	11	26	18
	102	84	127.500000	15.000000	9.745478e+04	3.058402e+01	-5.319127e+04	1990	11	27	0
	101	84	126.250000	15.000000	9.707139e+04	3.381240e+01	-5.375025e+04	1990	11	27	6
	101	85	126.250000	16.250000	9.678557e+04	3.422289e+01	-4.302177e+04	1990	11	27	12
	101	86	126.250000	17.500000	9.698533e+04	3.187350e+01	-4.658159e+04	1990	11	27	18
	101	87	126.250000	18.750000	9.729158e+04	3.306009e+01	-5.550564e+04	1990	11	28	0
	101	88	126.250000	20.000000	9.744162e+04	3.477535e+01	-5.191641e+04	1990	11	28	6
	102	89	127.500000	21.250000	9.758562e+04	3.091572e+01	-3.955022e+04	1990	11	28	12
	103	90	128.750000	22.500000	9.750152e+04	2.984862e+01	-3.668668e+04	1990	11	28	18
	104	91	130.000000	23.750000	9.788396e+04	2.753365e+01	-3.875588e+04	1990	11	29	0
	105	93	131.250000	26.250000	9.797727e+04	2.803840e+01	-3.107727e+04	1990	11	29	6
start	14	1990	12	19	12
	119	81	148.750000	11.250000	9.781628e+04	2.622078e+01	-5.672166e+04	1990	12	19	12
	118	81	147.500000	11.250000	9.812873e+04	2.305337e+01	-5.629998e+04	1990	12	19	18
	118	82	147.500000	12.500000	9.819277e+04	2.456255e+01	-4.958242e+04	1990	12	20	0
	115	82	143.750000	12.500000	9.817615e+04	2.606514e+01	-3.690243e+04	1990	12	20	18
	113	83	141.250000	13.750000	9.790659e+04	2.666593e+01	-4.613048e+04	1990	12	21	6
	112	83	140.000000	13.750000	9.839522e+04	2.626058e+01	-4.849388e+04	1990	12	21	12
	111	84	138.750000	15.000000	9.812988e+04	2.445151e+01	-4.841543e+04	1990	12	21	18
	110	85	137.500000	16.250000	9.831116e+04	2.831495e+01	-5.427000e+04	1990	12	22	0
	110	86	137.500000	17.500000	9.770833e+04	2.746763e+01	-4.579705e+04	1990	12	22	6
	110	87	137.500000	18.750000	9.799416e+04	2.646094e+01	-5.098477e+04	1990	12	22	12
	110	88	137.500000	20.000000	9.805989e+04	2.813431e+01	-3.957964e+04	1990	12	22	18
	111	89	138.750000	21.250000	9.784753e+04	2.963211e+01	-4.345327e+04	1990	12	23	0
	112	90	140.000000	22.500000	9.816645e+04	2.922069e+01	-4.242357e+04	1990	12	23	6
	114	91	142.500000	23.750000	9.857984e+04	2.627193e+01	-3.130283e+04	1990	12	23	12
start	17	1991	1	29	6
	50	58	62.500000	-17.500000	9.825473e+04	2.421388e+01	-3.648074e+04	1991	1	29	6
	50	58	62.500000	-17.500000	9.769455e+04	2.450330e+01	-3.648074e+04	1991	1	29	12
	49	58	61.250000	-17.500000	9.764362e+04	2.844519e+01	-3.074385e+04	1991	1	29	18
	49	58	61.250000	-17.500000	9.741762e+04	2.787104e+01	-3.074385e+04	1991	1	30	0
	49	57	61.250000	-18.750000	9.721775e+04	2.918470e+01	-3.765754e+04	1991	1	30	6
	49	57	61.250000	-18.750000	9.690686e+04	2.999169e+01	-3.765754e+04	1991	1	30	12
	50	57	62.500000	-18.750000	9.663574e+04	3.059704e+01	-3.320532e+04	1991	1	30	18
	51	56	63.750000	-20.000000	9.697415e+04	3.078236e+01	-3.100863e+04	1991	1	31	0
	51	56	63.750000	-20.000000	9.693181e+04	3.046809e+01	-3.100863e+04	1991	1	31	6
	51	55	63.750000	-21.250000	9.658401e+04	3.122943e+01	-3.468612e+04	1991	1	31	12
	51	55	63.750000	-21.250000	9.734963e+04	2.989238e+01	-3.468612e+04	1991	1	31	18
	51	54	63.750000	-22.500000	9.716899e+04	2.932550e+01	-4.213918e+04	1991	2	1	0
	51	53	63.750000	-23.750000	9.791052e+04	2.610707e+01	-3.529413e+04	1991	2	1	6
	51	53	63.750000	-23.750000	9.784343e+04	2.658840e+01	-3.529413e+04	1991	2	1	12
	50	52	62.500000	-25.000000	9.817588e+04	2.553936e+01	-4.962165e+04	1991	2	1	18
	49	52	61.250000	-25.000000	9.843562e+04	2.303456e+01	-5.125936e+04	1991	2	2	0
	49	51	61.250000	-26.250000	9.860610e+04	2.297858e+01	-4.016804e+04	1991	2	2	6
start	23	1991	2	26	0
	30	51	37.500000	-26.250000	9.951497e+04	1.932787e+01	-3.925602e+04	1991	2	26	0
	30	52	37.500000	-25.000000	9.927727e+04	2.359199e+01	-3.517645e+04	1991	2	26	6
	31	52	38.750000	-25.000000	9.878655e+04	2.666919e+01	-3.499993e+04	1991	2	27	0
	31	53	38.750000	-23.750000	9.865305e+04	2.831052e+01	-2.992009e+04	1991	2	27	6
	31	53	38.750000	-23.750000	9.839475e+04	2.964997e+01	-2.992009e+04	1991	2	27	12
	31	52	38.750000	-25.000000	9.864312e+04	2.774629e+01	-3.499993e+04	1991	2	28	0
	31	52	38.750000	-25.000000	9.866658e+04	2.520201e+01	-3.499993e+04	1991	2	28	6
	31	52	38.750000	-25.000000	9.869707e+04	2.509275e+01	-3.499993e+04	1991	2	28	12
	31	51	38.750000	-26.250000	9.893972e+04	2.386560e+01	-4.149194e+04	1991	2	28	18
	31	51	38.750000	-26.250000	9.869851e+04	2.330402e+01	-4.149194e+04	1991	3	1	0
	31	51	38.750000	-26.250000	9.890124e+04	2.312298e+01	-4.149194e+04	1991	3	1	6
	31	51	38.750000	-26.250000	9.910098e+04	2.301035e+01	-4.149194e+04	1991	3	1	12
	31	51	38.750000	-26.250000	9.912346e+04	2.254713e+01	-4.149194e+04	1991	3	1	18
	31	50	38.750000	-27.500000	9.918581e+04	2.681441e+01	-4.653255e+04	1991	3	2	0
	30	50	37.500000	-27.500000	9.941948e+04	2.357629e+01	-4.538518e+04	1991	3	2	6
	30	49	37.500000	-28.750000	9.916606e+04	2.078132e+01	-4.854292e+04	1991	3	2	12
	30	49	37.500000	-28.750000	9.950002e+04	2.179268e+01	-4.854292e+04	1991	3	2	18
	30	47	37.500000	-31.250000	9.945300e+04	2.423971e+01	-5.010218e+04	1991	3	3	0
	30	46	37.500000	-32.500000	9.962710e+04	2.529143e+01	-4.918035e+04	1991	3	3	6
	31	44	38.750000	-35.000000	9.941055e+04	2.239250e+01	-5.212234e+04	1991	3	3	12
	32	42	40.000000	-37.500000	9.933994e+04	2.578438e+01	-4.649333e+04	1991	3	3	18
	34	39	42.500000	-41.250000	9.899336e+04	3.010838e+01	-2.192767e+04	1991	3	4	0
	37	36	46.250000	-45.000000	9.869983e+04	3.022025e+01	-1.571025e+04	1991	3	4	6
start	15	1991	3	29	0
	66	58	82.500000	-17.500000	9.846202e+04	2.404265e+01	-5.021005e+04	1991	3	29	0
	65	57	81.250000	-18.750000	9.860352e+04	2.448313e+01	-4.936668e+04	1991	3	29	12
	65	57	81.250000	-18.750000	9.893936e+04	2.304122e+01	-4.936668e+04	1991	3	29	18
	64	57	80.000000	-18.750000	9.861033e+04	2.390857e+01	-5.154375e+04	1991	3	30	0
	64	57	80.000000	-18.750000	9.864075e+04	2.415948e+01	-5.154375e+04	1991	3	30	6
	64	57	80.000000	-18.750000	9.867715e+04	2.394318e+01	-5.154375e+04	1991	3	30	12
	64	56	80.000000	-20.000000	9.866514e+04	2.585947e+01	-4.749361e+04	1991	3	30	18
	64	55	80.000000	-21.250000	9.859030e+04	2.445490e+01	-4.648352e+04	1991	3	31	0
	64	54	80.000000	-22.500000	9.859934e+04	2.653675e+01	-4.627758e+04	1991	3	31	6
	64	53	80.000000	-23.750000	9.849831e+04	2.602240e+01	-4.382592e+04	1991	3	31	12
	65	52	81.250000	-25.000000	9.853010e+04	2.637376e+01	-4.222743e+04	1991	3	31	18
	66	51	82.500000	-26.250000	9.847127e+04	2.659486e+01	-4.254125e+04	1991	4	1	0
	67	49	83.750000	-28.750000	9.833667e+04	2.970803e+01	-4.246279e+04	1991	4	1	6
	69	47	86.250000	-31.250000	9.847331e+04	2.944425e+01	-3.373488e+04	1991	4	1	12
	71	46	88.750000	-32.500000	9.857903e+04	3.086723e+01	-3.545104e+04	1991	4	1	18
start	10	1991	8	20	0
	107	94	133.750000	27.500000	9.755623e+04	1.885944e+01	-4.648352e+04	1991	8	20	0
	106	95	132.500000	28.750000	9.731806e+04	2.141084e+01	-4.430645e+04	1991	8	20	12
	105	95	131.250000	28.750000	9.713684e+04	2.165842e+01	-4.022688e+04	1991	8	20	18
	104	95	130.000000	28.750000	9.713245e+04	2.223015e+01	-3.667687e+03	1991	8	21	6
	104	95	130.000000	28.750000	9.740237e+04	2.340258e+01	-3.667687e+03	1991	8	21	12
	104	96	130.000000	30.000000	9.744531e+04	2.271743e+01	-5.923217e+03	1991	8	21	18
	103	96	128.750000	30.000000	9.755371e+04	2.081724e+01	-9.404577e+03	1991	8	22	0
	103	97	128.750000	31.250000	9.749314e+04	2.033453e+01	-6.864655e+03	1991	8	22	6
	103	97	128.750000	31.250000	9.781902e+04	2.194627e+01	-6.864655e+03	1991	8	22	12
	103	98	128.750000	32.500000	9.789568e+04	2.177691e+01	-1.882877e+03	1991	8	22	18
start	25	1991	9	7	18
	110	95	137.500000	28.750000	9.779956e+04	2.407259e+01	-4.620893e+04	1991	9	7	18
	110	95	137.500000	28.750000	9.788667e+04	2.783147e+01	-4.620893e+04	1991	9	8	0
	110	96	137.500000	30.000000	9.771165e+04	2.582332e+01	-4.432606e+04	1991	9	8	6
	111	97	138.750000	31.250000	9.789187e+04	2.788965e+01	-2.943956e+04	1991	9	8	12
	111	98	138.750000	32.500000	9.769327e+04	2.928825e+01	-2.008402e+04	1991	9	8	18
	112	98	140.000000	32.500000	9.753950e+04	2.901927e+01	-9.747811e+03	1991	9	9	0
	114	99	142.500000	33.750000	9.700901e+04	3.311900e+01	-6.755802e+04	1991	9	9	6
	116	100	145.000000	35.000000	9.711181e+04	3.181772e+01	-5.675108e+04	1991	9	9	12
	119	100	148.750000	35.000000	9.736013e+04	3.506848e+01	-5.965385e+04	1991	9	9	18
	121	101	151.250000	36.250000	9.717778e+04	3.191061e+01	-5.781020e+04	1991	9	10	0
	124	102	155.000000	37.500000	9.680532e+04	3.411658e+01	-5.668244e+04	1991	9	10	6
	127	103	158.750000	38.750000	9.658184e+04	3.223857e+01	-5.447594e+04	1991	9	10	12
	129	104	161.250000	40.000000	9.615400e+04	3.290036e+01	-5.407387e+04	1991	9	10	18
	136	106	170.000000	42.500000	9.625017e+04	3.074911e+01	-4.348269e+04	1991	9	11	6
	139	107	173.750000	43.750000	9.635286e+04	3.051838e+01	-5.009237e+04	1991	9	11	12
	141	108	176.250000	45.000000	9.618240e+04	2.862349e+01	-5.710412e+04	1991	9	11	18
	144	109	180.000000	46.250000	9.633757e+04	2.616520e+01	-5.423077e+04	1991	9	12	0
	146	109	182.500000	46.250000	9.661181e+04	2.503179e+01	-5.344624e+04	1991	9	12	6
	148	109	185.000000	46.250000	9.705620e+04	2.393880e+01	-5.623133e+04	1991	9	12	12
	151	110	188.750000	47.500000	9.726955e+04	2.016842e+01	-5.602539e+04	1991	9	12	18
	153	111	191.250000	48.750000	9.730520e+04	1.780529e+01	-5.328934e+04	1991	9	13	0
	155	112	193.750000	50.000000	9.733598e+04	1.440172e+01	-5.086709e+04	1991	9	13	6
	157	112	196.250000	50.000000	9.725788e+04	1.651887e+01	-4.840562e+04	1991	9	13	12
	158	113	197.500000	51.250000	9.726101e+04	1.282811e+01	-4.573821e+04	1991	9	13	18
	160	114	200.000000	52.500000	9.752314e+04	1.423749e+01	-4.532634e+04	1991	9	14	0
start	10	1991	9	25	0
	102	89	127.500000	21.250000	9.818679e+04	2.540628e+01	-3.955022e+04	1991	9	25	0
	101	91	126.250000	23.750000	9.794441e+04	2.514482e+01	-5.574100e+04	1991	9	25	18
	101	92	126.250000	25.000000	9.824453e+04	2.620693e+01	-1.010085e+04	1991	9	26	0
	101	92	126.250000	25.000000	9.789497e+04	2.630630e+01	-1.010085e+04	1991	9	26	6
	101	93	126.250000	26.250000	9.776284e+04	2.827747e+01	-1.427848e+04	1991	9	26	12
	101	94	126.250000	27.500000	9.766888e+04	2.664517e+01	-1.104229e+04	1991	9	26	18
	102	96	127.500000	30.000000	9.765833e+04	2.965781e+01	-1.461191e+03	1991	9	27	0
	103	98	128.750000	32.500000	9.699370e+04	2.753698e+01	-1.882877e+03	1991	9	27	6
	106	100	132.500000	35.000000	9.761402e+04	1.894702e+01	4.805258e+02	1991	9	27	12
	109	103	136.250000	38.750000	9.703538e+04	3.429609e+01	-2.633086e+04	1991	9	27	18
start	22	1991	10	7	18
	121	86	151.250000	17.500000	9.862634e+04	2.274651e+01	-3.826555e+04	1991	10	7	18
	121	86	151.250000	17.500000	9.852842e+04	2.687367e+01	-3.826555e+04	1991	10	8	0
	121	87	151.250000	18.750000	9.786592e+04	2.858035e+01	-5.446613e+04	1991	10	8	6
	121	87	151.250000	18.750000	9.761853e+04	2.997612e+01	-5.446613e+04	1991	10	8	12
	121	88	151.250000	20.000000	9.731248e+04	3.081831e+01	-5.326972e+04	1991	10	8	18
	120	88	150.000000	20.000000	9.716934e+04	3.199106e+01	-2.857658e+04	1991	10	9	0
	120	89	150.000000	21.250000	9.677539e+04	3.258783e+01	-5.613327e+04	1991	10	9	6
	120	89	150.000000	21.250000	9.651743e+04	3.371415e+01	-5.613327e+04	1991	10	9	12
	120	89	150.000000	21.250000	9.681372e+04	3.361320e+01	-5.613327e+04	1991	10	9	18
	120	90	150.000000	22.500000	9.676514e+04	3.271149e+01	-5.603520e+04	1991	10	10	0
	120	90	150.000000	22.500000	9.662448e+04	3.221452e+01	-5.603520e+04	1991	10	10	6
	120	91	150.000000	23.750000	9.700484e+04	3.247250e+01	-5.435826e+04	1991	10	10	12
	120	91	150.000000	23.750000	9.723108e+04	3.344684e+01	-5.435826e+04	1991	10	10	18
	120	92	150.000000	25.000000	9.740510e+04	2.990854e+01	-5.630979e+04	1991	10	11	0
	121	93	151.250000	26.250000	9.705930e+04	3.042189e+01	-5.833976e+04	1991	10	11	6
	121	94	151.250000	27.500000	9.737202e+04	2.956973e+01	-5.871241e+04	1991	10	11	12
	122	96	152.500000	30.000000	9.777934e+04	2.724492e+01	-5.851628e+04	1991	10	11	18
	121	97	151.250000	31.250000	9.776443e+04	3.042361e+01	-5.505453e+04	1991	10	12	0
	122	99	152.500000	33.750000	9.772727e+04	2.777967e+01	-5.913410e+04	1991	10	12	6
	122	101	152.500000	36.250000	9.782077e+04	2.836343e+01	-5.575080e+04	1991	10	12	12
	124	104	155.000000	40.000000	9.779505e+04	2.682048e+01	-5.462304e+04	1991	10	13	0
	126	106	157.500000	42.500000	9.765664e+04	2.731129e+01	-5.531931e+04	1991	10	13	6
start	23	1991	10	7	18
	104	88	130.000000	20.000000	9.783259e+04	2.290833e+01	-5.650592e+04	1991	10	7	18
	104	89	130.000000	21.250000	9.796280e+04	2.316091e+01	-5.557429e+04	1991	10	8	0
	104	89	130.000000	21.250000	9.759092e+04	2.687493e+01	-5.557429e+04	1991	10	8	6
	105	90	131.250000	22.500000	9.767166e+04	2.583225e+01	-5.749639e+04	1991	10	8	12
	105	91	131.250000	23.750000	9.755623e+04	2.776001e+01	-4.479678e+04	1991	10	8	18
	105	91	131.250000	23.750000	9.751621e+04	2.740480e+01	-4.479678e+04	1991	10	9	0
	106	92	132.500000	25.000000	9.698477e+04	2.869518e+01	-5.064154e+04	1991	10	9	6
	107	93	133.750000	26.250000	9.717368e+04	2.591659e+01	-5.145549e+04	1991	10	9	12
	107	93	133.750000	26.250000	9.681059e+04	2.708223e+01	-5.145549e+04	1991	10	9	18
	108	94	135.000000	27.500000	9.704327e+04	2.794767e+01	-3.554911e+04	1991	10	10	0
	108	94	135.000000	27.500000	9.674011e+04	2.632132e+01	-3.554911e+04	1991	10	10	6
	109	95	136.250000	28.750000	9.702984e+04	2.400585e+01	-4.666004e+04	1991	10	10	12
	109	95	136.250000	28.750000	9.648420e+04	2.644888e+01	-4.666004e+04	1991	10	10	18
	109	96	136.250000	30.000000	9.673010e+04	2.770393e+01	-4.295313e+04	1991	10	11	0
	109	96	136.250000	30.000000	9.650618e+04	3.112425e+01	-4.295313e+04	1991	10	11	6
	110	96	137.500000	30.000000	9.678140e+04	2.640251e+01	-4.432606e+04	1991	10	11	12
	110	97	137.500000	31.250000	9.684184e+04	2.598999e+01	-4.089373e+04	1991	10	11	18
	110	97	137.500000	31.250000	9.714568e+04	2.452958e+01	-4.089373e+04	1991	10	12	0
	111	97	138.750000	31.250000	9.712415e+04	2.610108e+01	-2.943956e+04	1991	10	12	6
	112	98	140.000000	32.500000	9.736452e+04	2.370075e+01	-9.747811e+03	1991	10	12	12
	113	98	141.250000	32.500000	9.717114e+04	2.567122e+01	-2.719384e+04	1991	10	12	18
	114	99	142.500000	33.750000	9.732630e+04	2.891293e+01	-6.755802e+04	1991	10	13	0
	116	100	145.000000	35.000000	9.719414e+04	2.732613e+01	-5.675108e+04	1991	10	13	6
start	10	1991	10	25	6
	104	85	130.000000	16.250000	9.743720e+04	2.342926e+01	-4.800355e+04	1991	10	25	6
	104	85	130.000000	16.250000	9.740093e+04	2.490755e+01	-4.800355e+04	1991	10	25	12
	103	85	128.750000	16.250000	9.716284e+04	2.675213e+01	-5.669224e+04	1991	10	25	18
	102	86	127.500000	17.500000	9.694060e+04	2.770087e+01	-5.123975e+04	1991	10	26	0
	101	86	126.250000	17.500000	9.703425e+04	2.726119e+01	-4.658159e+04	1991	10	26	6
	100	87	125.000000	18.750000	9.735788e+04	2.695228e+01	-5.522125e+04	1991	10	26	12
	100	87	125.000000	18.750000	9.696562e+04	2.861134e+01	-5.522125e+04	1991	10	26	18
	99	87	123.750000	18.750000	9.694026e+04	2.875674e+01	-5.274997e+04	1991	10	27	0
	98	87	122.500000	18.750000	9.714790e+04	2.814521e+01	-1.695570e+04	1991	10	27	6
	98	86	122.500000	17.500000	9.756206e+04	2.209602e+01	-2.637008e+04	1991	10	27	12
start	19	1991	12	7	12
	150	62	187.500000	-12.500000	9.822188e+04	2.401715e+01	-4.705231e+04	1991	12	7	12
	150	61	187.500000	-13.750000	9.789702e+04	2.539060e+01	2.079010e+03	1991	12	7	18
	150	61	187.500000	-13.750000	9.745720e+04	2.802463e+01	2.079010e+03	1991	12	8	0
	150	61	187.500000	-13.750000	9.721326e+04	2.985199e+01	2.079010e+03	1991	12	8	6
	150	61	187.500000	-13.750000	9.715325e+04	2.941141e+01	2.079010e+03	1991	12	8	18
	150	60	187.500000	-15.000000	9.701194e+04	2.945734e+01	-6.437085e+04	1991	12	9	0
	150	61	187.500000	-13.750000	9.708672e+04	2.639790e+01	2.079010e+03	1991	12	9	6
	151	61	188.750000	-13.750000	9.741643e+04	2.679100e+01	-4.353172e+04	1991	12	9	12
	151	61	188.750000	-13.750000	9.721064e+04	2.705854e+01	-4.353172e+04	1991	12	9	18
	153	60	191.250000	-15.000000	9.681250e+04	2.851777e+01	-5.019043e+04	1991	12	10	18
	154	59	192.500000	-16.250000	9.712454e+04	2.646901e+01	-5.407387e+04	1991	12	11	0
	154	59	192.500000	-16.250000	9.687070e+04	2.723317e+01	-5.407387e+04	1991	12	11	6
	155	58	193.750000	-17.500000	9.677822e+04	2.753358e+01	-5.310301e+04	1991	12	11	12
	156	57	195.000000	-18.750000	9.711109e+04	2.623843e+01	-5.148491e+04	1991	12	11	18
	156	56	195.000000	-20.000000	9.719362e+04	2.520494e+01	-4.518904e+04	1991	12	12	0
	157	54	196.250000	-22.500000	9.735930e+04	2.736981e+01	-4.954320e+04	1991	12	12	6
	157	53	196.250000	-23.750000	9.739934e+04	2.461883e+01	-5.286765e+04	1991	12	12	12
	158	51	197.500000	-26.250000	9.750169e+04	2.527236e+01	-5.427981e+04	1991	12	12	18
	158	49	197.500000	-28.750000	9.760940e+04	2.306340e+01	-5.122013e+04	1991	12	13	0
start	11	1991	12	8	12
	161	61	201.250000	-13.750000	9.746643e+04	2.711113e+01	-5.040618e+04	1991	12	8	12
	161	61	201.250000	-13.750000	9.761575e+04	2.882132e+01	-5.040618e+04	1991	12	8	18
	162	61	202.500000	-13.750000	9.712756e+04	2.941719e+01	-5.089651e+04	1991	12	9	0
	162	61	202.500000	-13.750000	9.746172e+04	2.995069e+01	-5.089651e+04	1991	12	9	6
	163	60	203.750000	-15.000000	9.721643e+04	2.947835e+01	-4.869982e+04	1991	12	9	12
	164	60	205.000000	-15.000000	9.755752e+04	3.108513e+01	-4.444374e+04	1991	12	9	18
	164	60	205.000000	-15.000000	9.731399e+04	3.120979e+01	-4.444374e+04	1991	12	10	0
	165	59	206.250000	-16.250000	9.735833e+04	2.890136e+01	-4.433586e+04	1991	12	10	12
	165	59	206.250000	-16.250000	9.778438e+04	2.766442e+01	-4.433586e+04	1991	12	10	18
	166	58	207.500000	-17.500000	9.799329e+04	2.690158e+01	-4.273738e+04	1991	12	11	0
	166	57	207.500000	-18.750000	9.826758e+04	2.350990e+01	-3.054771e+04	1991	12	11	6
start	10	1992	2	28	12
	61	57	76.250000	-18.750000	9.847530e+04	2.289164e+01	-5.032773e+04	1992	2	28	12
	60	57	75.000000	-18.750000	9.824555e+04	2.437344e+01	-4.534595e+04	1992	2	29	0
	60	56	75.000000	-20.000000	9.844724e+04	2.579056e+01	-4.501252e+04	1992	2	29	6
	60	56	75.000000	-20.000000	9.810264e+04	2.431491e+01	-4.501252e+04	1992	2	29	12
	59	56	73.750000	-20.000000	9.826458e+04	2.681095e+01	-4.351211e+04	1992	2	29	18
	59	55	73.750000	-21.250000	9.820009e+04	2.510610e+01	-4.178614e+04	1992	3	1	0
	58	55	72.500000	-21.250000	9.829800e+04	2.896903e+01	-4.051127e+04	1992	3	1	6
	57	54	71.250000	-22.500000	9.829778e+04	2.602183e+01	-4.057011e+04	1992	3	1	12
	56	54	70.000000	-22.500000	9.851023e+04	2.858857e+01	-2.802741e+04	1992	3	1	18
	55	54	68.750000	-22.500000	9.879985e+04	2.569190e+01	-3.097921e+04	1992	3	2	0
start	25	1992	3	1	6
	72	60	90.000000	-15.000000	9.885738e+04	2.282049e+01	-4.113890e+04	1992	3	1	6
	72	60	90.000000	-15.000000	9.881341e+04	2.363190e+01	-4.113890e+04	1992	3	1	12
	71	60	88.750000	-15.000000	9.851335e+04	2.576253e+01	-3.526471e+04	1992	3	1	18
	71	60	88.750000	-15.000000	9.840298e+04	2.755169e+01	-3.526471e+04	1992	3	2	0
	70	60	87.500000	-15.000000	9.816384e+04	2.606317e+01	-2.356538e+04	1992	3	2	6
	70	60	87.500000	-15.000000	9.775686e+04	2.797669e+01	-2.356538e+04	1992	3	2	12
	70	60	87.500000	-15.000000	9.802512e+04	2.651252e+01	-2.356538e+04	1992	3	2	18
	70	60	87.500000	-15.000000	9.803335e+04	2.827671e+01	-2.356538e+04	1992	3	3	0
	69	60	86.250000	-15.000000	9.774519e+04	2.792451e+01	-2.833141e+04	1992	3	3	6
	69	60	86.250000	-15.000000	9.806577e+04	2.757779e+01	-2.833141e+04	1992	3	3	18
	68	59	85.000000	-16.250000	9.817019e+04	2.625250e+01	-5.152414e+04	1992	3	4	6
	68	58	85.000000	-17.500000	9.837324e+04	2.720618e+01	-4.824872e+04	1992	3	4	18
	68	58	85.000000	-17.500000	9.819490e+04	2.625732e+01	-4.824872e+04	1992	3	5	0
	68	58	85.000000	-17.500000	9.848049e+04	2.647819e+01	-4.824872e+04	1992	3	5	6
	68	57	85.000000	-18.750000	9.818435e+04	2.594178e+01	-4.782703e+04	1992	3	5	12
	68	57	85.000000	-18.750000	9.867700e+04	2.500342e+01	-4.782703e+04	1992	3	5	18
	69	56	86.250000	-20.000000	9.829968e+04	2.425868e+01	-4.328655e+04	1992	3	6	0
	69	55	86.250000	-21.250000	9.830974e+04	2.633651e+01	-4.079566e+04	1992	3	6	6
	70	54	87.500000	-22.500000	9.824021e+04	2.661465e+01	-2.350654e+04	1992	3	6	12
	70	54	87.500000	-22.500000	9.838045e+04	2.769403e+01	-2.350654e+04	1992	3	6	18
	72	53	90.000000	-23.750000	9.840881e+04	2.774002e+01	-5.012179e+04	1992	3	7	0
	73	51	91.250000	-26.250000	9.819173e+04	2.800310e+01	-4.770935e+04	1992	3	7	6
	74	49	92.500000	-28.750000	9.887122e+04	2.821849e+01	-4.131542e+04	1992	3	7	12
	76	48	95.000000	-30.000000	9.891477e+04	2.821746e+01	-2.143734e+04	1992	3	7	18
	79	46	98.750000	-32.500000	9.891660e+04	2.660222e+01	-4.641488e+04	1992	3	8	0
start	30	1992	3	8	6
	139	59	173.750000	-16.250000	9.772749e+04	2.434330e+01	-2.580130e+04	1992	3	8	6
	138	59	172.500000	-16.250000	9.788855e+04	2.689435e+01	-3.111650e+04	1992	3	8	12
	137	58	171.250000	-17.500000	9.688452e+04	2.839525e+01	-3.056733e+04	1992	3	8	18
	135	58	168.750000	-17.500000	9.761697e+04	3.138286e+01	-1.405293e+04	1992	3	9	0
	135	57	168.750000	-18.750000	9.726436e+04	2.826623e+01	-1.158165e+04	1992	3	9	6
	134	57	167.500000	-18.750000	9.709580e+04	2.941832e+01	-5.764349e+04	1992	3	9	12
	133	57	166.250000	-18.750000	9.712900e+04	2.857301e+01	-4.248241e+04	1992	3	9	18
	132	56	165.000000	-20.000000	9.786198e+04	2.696894e+01	-2.880213e+04	1992	3	10	0
	131	56	163.750000	-20.000000	9.741570e+04	2.580783e+01	-3.138128e+02	1992	3	10	6
	130	56	162.500000	-20.000000	9.759014e+04	2.983232e+01	-3.476457e+04	1992	3	10	12
	129	56	161.250000	-20.000000	9.749583e+04	2.591998e+01	-1.661246e+04	1992	3	10	18
	128	56	160.000000	-20.000000	9.814444e+04	2.547758e+01	-1.638691e+04	1992	3	11	0
	128	56	160.000000	-20.000000	9.795623e+04	2.567456e+01	-1.638691e+04	1992	3	11	6
	127	56	158.750000	-20.000000	9.819748e+04	2.741115e+01	-2.941995e+03	1992	3	11	12
	126	56	157.500000	-20.000000	9.788284e+04	2.687746e+01	-2.566400e+04	1992	3	11	18
	125	56	156.250000	-20.000000	9.826233e+04	2.737505e+01	-2.911594e+04	1992	3	12	0
	125	56	156.250000	-20.000000	9.791809e+04	2.684203e+01	-2.911594e+04	1992	3	12	6
	125	56	156.250000	-20.000000	9.818472e+04	2.842341e+01	-2.911594e+04	1992	3	12	12
	125	56	156.250000	-20.000000	9.796316e+04	2.838834e+01	-2.911594e+04	1992	3	12	18
	124	56	155.000000	-20.000000	9.820508e+04	2.901292e+01	-3.101843e+04	1992	3	13	0
	124	56	155.000000	-20.000000	9.796487e+04	2.773816e+01	-3.101843e+04	1992	3	13	6
	124	55	155.000000	-21.250000	9.832183e+04	2.935490e+01	-3.134205e+04	1992	3	13	12
	124	55	155.000000	-21.250000	9.799409e+04	2.659152e+01	-3.134205e+04	1992	3	13	18
	124	55	155.000000	-21.250000	9.853327e+04	2.455914e+01	-3.134205e+04	1992	3	14	0
	123	55	153.750000	-21.250000	9.816655e+04	2.316405e+01	-1.228773e+04	1992	3	14	6
	123	55	153.750000	-21.250000	9.821675e+04	2.777439e+01	-1.228773e+04	1992	3	14	12
	123	55	153.750000	-21.250000	9.839783e+04	2.611421e+01	-1.228773e+04	1992	3	14	18
	122	54	152.500000	-22.500000	9.886475e+04	2.449149e+01	-1.049312e+03	1992	3	15	0
	122	54	152.500000	-22.500000	9.869985e+04	2.564557e+01	-1.049312e+03	1992	3	15	6
	122	52	152.500000	-25.000000	9.957759e+04	1.688867e+01	9.806650e+00	1992	3	16	6
start	13	1992	8	29	18
	112	84	140.000000	15.000000	9.782693e+04	2.444958e+01	-4.844485e+04	1992	8	29	18
	112	84	140.000000	15.000000	9.765473e+04	2.686731e+01	-4.844485e+04	1992	8	30	0
	111	85	138.750000	16.250000	9.763567e+04	2.752052e+01	-4.465948e+04	1992	8	30	12
	111	85	138.750000	16.250000	9.745464e+04	2.916472e+01	-4.465948e+04	1992	8	30	18
	110	86	137.500000	17.500000	9.746003e+04	2.976435e+01	-4.579705e+04	1992	8	31	6
	109	86	136.250000	17.500000	9.739753e+04	3.046668e+01	-4.989623e+04	1992	8	31	12
	108	86	135.000000	17.500000	9.695970e+04	3.301492e+01	-3.872646e+04	1992	8	31	18
	107	87	133.750000	18.750000	9.755325e+04	2.924094e+01	-5.971269e+04	1992	9	1	6
	106	88	132.500000	20.000000	9.733681e+04	3.058850e+01	-5.946753e+04	1992	9	1	12
	105	89	131.250000	21.250000	9.727163e+04	3.189190e+01	-5.834957e+04	1992	9	1	18
	104	89	130.000000	21.250000	9.774195e+04	3.032771e+01	-5.557429e+04	1992	9	2	0
	103	90	128.750000	22.500000	9.797732e+04	2.650234e+01	-3.668668e+04	1992	9	2	6
	102	90	127.500000	22.500000	9.841921e+04	2.652195e+01	-5.607443e+04	1992	9	2	12
start	12	1992	9	9	0
	118	95	147.500000	28.750000	9.808118e+04	2.205932e+01	-5.971269e+04	1992	9	9	0
	117	95	146.250000	28.750000	9.799915e+04	2.285818e+01	-5.861435e+04	1992	9	9	6
	116	96	145.000000	30.000000	9.799538e+04	2.274224e+01	-5.843783e+04	1992	9	9	18
	116	97	145.000000	31.250000	9.808320e+04	2.185514e+01	-5.798672e+04	1992	9	10	0
	115	98	143.750000	32.500000	9.774273e+04	2.364143e+01	-5.447594e+04	1992	9	10	6
	115	99	143.750000	33.750000	9.752222e+04	2.291714e+01	-4.610106e+04	1992	9	10	12
	116	100	145.000000	35.000000	9.724714e+04	2.729595e+01	-5.675108e+04	1992	9	10	18
	116	102	145.000000	37.500000	9.730459e+04	2.701325e+01	-5.581945e+04	1992	9	11	0
	117	104	146.250000	40.000000	9.698713e+04	3.070514e+01	-5.087690e+04	1992	9	11	6
	118	106	147.500000	42.500000	9.686999e+04	3.266749e+01	-6.186035e+04	1992	9	11	12
	118	109	147.500000	46.250000	9.642708e+04	2.579159e+01	-3.207755e+04	1992	9	11	18
	118	111	147.500000	48.750000	9.614509e+04	2.702710e+01	-1.255251e+04	1992	9	12	0
start	11	1992	10	3	12
	128	91	160.000000	23.750000	9.902652e+04	2.049254e+01	-5.453478e+04	1992	10	3	12
	127	93	158.750000	26.250000	9.865298e+04	1.935369e+01	-5.357373e+04	1992	10	4	6
	127	94	158.750000	27.500000	9.878772e+04	1.981764e+01	-5.862415e+04	1992	10	4	12
	127	95	158.750000	28.750000	9.871070e+04	2.146574e+01	-5.828092e+04	1992	10	4	18
	127	95	158.750000	28.750000	9.890764e+04	2.124593e+01	-5.828092e+04	1992	10	5	0
	127	96	158.750000	30.000000	9.879873e+04	2.087117e+01	-5.719238e+04	1992	10	5	6
	127	97	158.750000	31.250000	9.891699e+04	2.095081e+01	-4.045243e+04	1992	10	5	12
	127	99	158.750000	33.750000	9.897522e+04	2.106123e+01	-3.204813e+04	1992	10	5	18
	127	100	158.750000	35.000000	9.894976e+04	1.875661e+01	-4.951378e+04	1992	10	6	0
	128	101	160.000000	36.250000	9.888377e+04	2.306760e+01	-4.587551e+04	1992	10	6	6
	129	103	161.250000	38.750000	9.905757e+04	2.523809e+01	-5.180853e+04	1992	10	6	12
start	10	1992	11	5	0
	109	86	136.250000	17.500000	9.874384e+04	2.701917e+01	-4.989623e+04	1992	11	5	0
	108	86	135.000000	17.500000	9.831636e+04	2.782364e+01	-3.872646e+04	1992	11	5	6
	107	87	133.750000	18.750000	9.829499e+04	2.743058e+01	-5.971269e+04	1992	11	5	12
	107	88	133.750000	20.000000	9.787998e+04	2.749068e+01	-5.818286e+04	1992	11	5	18
	107	89	133.750000	21.250000	9.804223e+04	2.922528e+01	-5.766310e+04	1992	11	6	0
	107	91	133.750000	23.750000	9.786938e+04	2.959532e+01	-4.392398e+04	1992	11	6	6
	109	92	136.250000	25.000000	9.796348e+04	3.001739e+01	-4.269815e+04	1992	11	6	12
	110	94	137.500000	27.500000	9.750415e+04	3.184496e+01	-4.528711e+04	1992	11	6	18
	111	96	138.750000	30.000000	9.765176e+04	3.113218e+01	-2.511483e+04	1992	11	7	0
	112	97	140.000000	31.250000	9.747812e+04	3.358159e+01	-7.717833e+03	1992	11	7	6
start	15	1993	1	25	12
	52	59	65.000000	-16.250000	9.851934e+04	2.331336e+01	-3.255808e+04	1993	1	25	12
	51	59	63.750000	-16.250000	9.873374e+04	2.395882e+01	-3.692204e+04	1993	1	25	18
	51	59	63.750000	-16.250000	9.850478e+04	2.512030e+01	-3.692204e+04	1993	1	26	0
	50	58	62.500000	-17.500000	9.876443e+04	2.684822e+01	-3.648074e+04	1993	1	26	6
	49	58	61.250000	-17.500000	9.834370e+04	2.590092e+01	-3.074385e+04	1993	1	26	12
	49	57	61.250000	-18.750000	9.876565e+04	2.609145e+01	-3.765754e+04	1993	1	26	18
	48	57	60.000000	-18.750000	9.821433e+04	2.585217e+01	-2.967492e+04	1993	1	27	0
	48	56	60.000000	-20.000000	9.826028e+04	2.768330e+01	-3.959925e+04	1993	1	27	6
	48	55	60.000000	-21.250000	9.812173e+04	2.656094e+01	-4.356114e+04	1993	1	27	12
	48	54	60.000000	-22.500000	9.867100e+04	2.532698e+01	-3.847149e+04	1993	1	27	18
	48	53	60.000000	-23.750000	9.840137e+04	2.494007e+01	-4.772896e+04	1993	1	28	0
	47	51	58.750000	-26.250000	9.825996e+04	2.351155e+01	-5.162221e+04	1993	1	28	12
	47	50	58.750000	-27.500000	9.858008e+04	2.721080e+01	-5.779059e+04	1993	1	28	18
	47	48	58.750000	-30.000000	9.855278e+04	2.411339e+01	-4.093296e+04	1993	1	29	0
	47	45	58.750000	-33.750000	9.870889e+04	2.583027e+01	-4.194304e+04	1993	1	29	12
start	13	1993	2	27	18
	128	57	160.000000	-18.750000	9.830456e+04	2.063889e+01	-3.170490e+04	1993	2	27	18
	128	57	160.000000	-18.750000	9.836494e+04	2.273563e+01	-3.170490e+04	1993	2	28	0
	128	57	160.000000	-18.750000	9.800573e+04	2.388256e+01	-3.170490e+04	1993	2	28	6
	128	56	160.000000	-20.000000	9.810449e+04	2.505878e+01	-1.638691e+04	1993	2	28	12
	128	56	160.000000	-20.000000	9.756888e+04	2.530026e+01	-1.638691e+04	1993	2	28	18
	128	55	160.000000	-21.250000	9.797541e+04	2.714550e+01	-2.005460e+04	1993	3	1	0
	130	54	162.500000	-22.500000	9.791809e+04	2.588742e+01	-1.979963e+04	1993	3	1	12
	131	53	163.750000	-23.750000	9.790334e+04	2.429390e+01	-2.621318e+04	1993	3	1	18
	132	52	165.000000	-25.000000	9.824072e+04	2.709311e+01	-3.147935e+04	1993	3	2	0
	134	51	167.500000	-26.250000	9.795905e+04	2.727773e+01	-9.316317e+03	1993	3	2	6
	136	50	170.000000	-27.500000	9.799839e+04	2.516196e+01	-3.869704e+04	1993	3	2	12
	137	49	171.250000	-28.750000	9.792576e+04	2.586473e+01	-3.279344e+04	1993	3	2	18
	139	48	173.750000	-30.000000	9.823318e+04	2.247085e+01	-2.467353e+04	1993	3	3	0
start	13	1993	4	5	18
	61	58	76.250000	-17.500000	9.868652e+04	2.398828e+01	-4.341404e+04	1993	4	5	18
	61	58	76.250000	-17.500000	9.847554e+04	2.527467e+01	-4.341404e+04	1993	4	6	0
	60	57	75.000000	-18.750000	9.805022e+04	2.629905e+01	-4.534595e+04	1993	4	6	6
	60	57	75.000000	-18.750000	9.769336e+04	2.935161e+01	-4.534595e+04	1993	4	6	12
	60	57	75.000000	-18.750000	9.764929e+04	2.884288e+01	-4.534595e+04	1993	4	6	18
	60	56	75.000000	-20.000000	9.776003e+04	2.853829e+01	-4.501252e+04	1993	4	7	0
	60	56	75.000000	-20.000000	9.744720e+04	2.885669e+01	-4.501252e+04	1993	4	7	6
	61	56	76.250000	-20.000000	9.745798e+04	2.897451e+01	-4.476736e+04	1993	4	7	12
	60	56	75.000000	-20.000000	9.759616e+04	2.878520e+01	-4.501252e+04	1993	4	7	18
	61	56	76.250000	-20.000000	9.747527e+04	2.796379e+01	-4.476736e+04	1993	4	8	0
	61	56	76.250000	-20.000000	9.780723e+04	2.916398e+01	-4.476736e+04	1993	4	8	6
	61	56	76.250000	-20.000000	9.781990e+04	2.711534e+01	-4.476736e+04	1993	4	8	12
	61	56	76.250000	-20.000000	9.848755e+04	2.549251e+01	-4.476736e+04	1993	4	8	18
start	15	1993	8	7	0
	107	87	133.750000	18.750000	9.774680e+04	2.685410e+01	-5.971269e+04	1993	8	7	0
	106	88	132.500000	20.000000	9.714048e+04	2.526845e+01	-5.946753e+04	1993	8	7	6
	106	89	132.500000	21.250000	9.726033e+04	2.732700e+01	-5.731987e+04	1993	8	7	12
	105	90	131.250000	22.500000	9.688017e+04	2.925847e+01	-5.749639e+04	1993	8	7	18
	105	91	131.250000	23.750000	9.714907e+04	2.864898e+01	-4.479678e+04	1993	8	8	0
	104	91	130.000000	23.750000	9.676148e+04	2.960079e+01	-3.875588e+04	1993	8	8	6
	104	92	130.000000	25.000000	9.672847e+04	3.048690e+01	-4.511059e+04	1993	8	8	12
	103	93	128.750000	26.250000	9.686321e+04	2.686495e+01	-2.635047e+04	1993	8	8	18
	103	94	128.750000	27.500000	9.677827e+04	2.982859e+01	-1.043428e+04	1993	8	9	0
	103	95	128.750000	28.750000	9.662639e+04	3.022173e+01	-7.923773e+03	1993	8	9	6
	103	96	128.750000	30.000000	9.689775e+04	2.928805e+01	-9.404577e+03	1993	8	9	12
	103	98	128.750000	32.500000	9.721843e+04	2.903368e+01	-1.882877e+03	1993	8	9	18
	104	99	130.000000	33.750000	9.761316e+04	2.138067e+01	-4.118793e+02	1993	8	10	0
	105	101	131.250000	36.250000	9.790205e+04	2.046105e+01	-1.861302e+04	1993	8	10	6
	106	102	132.500000	37.500000	9.821755e+04	2.027175e+01	-1.435694e+04	1993	8	10	12
start	38	1993	8	16	18
	151	84	188.750000	15.000000	9.882795e+04	2.494406e+01	-4.964126e+04	1993	8	16	18
	150	85	187.500000	16.250000	9.869038e+04	2.590119e+01	-5.773175e+04	1993	8	17	6
	150	85	187.500000	16.250000	9.872095e+04	2.878375e+01	-5.773175e+04	1993	8	17	12
	149	86	186.250000	17.500000	9.866741e+04	2.765551e+01	-4.932745e+04	1993	8	17	18
	149	86	186.250000	17.500000	9.828628e+04	2.697231e+01	-4.932745e+04	1993	8	18	0
	148	86	185.000000	17.500000	9.851506e+04	2.810975e+01	-4.351211e+04	1993	8	18	6
	148	87	185.000000	18.750000	9.875183e+04	2.485109e+01	-2.920420e+04	1993	8	18	12
	147	87	183.750000	18.750000	9.845957e+04	2.820449e+01	-4.028572e+04	1993	8	18	18
	146	87	182.500000	18.750000	9.914419e+04	2.677134e+01	-4.738573e+04	1993	8	19	0
	146	88	182.500000	20.000000	9.884631e+04	2.589007e+01	-5.212234e+04	1993	8	19	6
	145	88	181.250000	20.000000	9.897580e+04	2.522329e+01	-4.318849e+04	1993	8	19	12
	144	88	180.000000	20.000000	9.903523e+04	2.460784e+01	-3.796154e+04	1993	8	19	18
	143	88	178.750000	20.000000	9.919805e+04	2.488231e+01	-4.901364e+04	1993	8	20	0
	142	90	177.500000	22.500000	9.910312e+04	2.477885e+01	-5.307359e+04	1993	8	20	12
	141	90	176.250000	22.500000	9.855534e+04	2.669753e+01	-4.171749e+04	1993	8	20	18
	140	90	175.000000	22.500000	9.895501e+04	2.697811e+01	-3.655919e+04	1993	8	21	0
	139	91	173.750000	23.750000	9.825520e+04	2.777843e+01	-5.631959e+04	1993	8	21	6
	138	92	172.500000	25.000000	9.830766e+04	2.945357e+01	-5.680012e+04	1993	8	21	12
	138	92	172.500000	25.000000	9.843054e+04	2.930725e+01	-5.680012e+04	1993	8	21	18
	137	93	171.250000	26.250000	9.815532e+04	3.000327e+01	-5.929101e+04	1993	8	22	0
	136	93	170.000000	26.250000	9.826070e+04	2.981379e+01	-5.600578e+04	1993	8	22	6
	136	94	170.000000	27.500000	9.803105e+04	3.089315e+01	-5.719238e+04	1993	8	22	12
	135	94	168.750000	27.500000	9.833652e+04	3.066439e+01	-5.739832e+04	1993	8	22	18
	135	95	168.750000	28.750000	9.824851e+04	3.129287e+01	-5.672166e+04	1993	8	23	0
	134	95	167.500000	28.750000	9.832195e+04	2.991930e+01	-5.632940e+04	1993	8	23	6
	133	95	166.250000	28.750000	9.846494e+04	2.848227e+01	-5.506434e+04	1993	8	23	12
	132	95	165.000000	28.750000	9.851726e+04	2.911218e+01	-5.745716e+04	1993	8	23	18
	131	96	163.750000	30.000000	9.928149e+04	2.506721e+01	-5.853589e+04	1993	8	24	0
	130	96	162.500000	30.000000	9.882773e+04	2.649131e+01	-5.916352e+04	1993	8	24	6
	129	97	161.250000	31.250000	9.903962e+04	2.641655e+01	-5.675108e+04	1993	8	24	12
	129	97	161.250000	31.250000	9.879561e+04	2.547747e+01	-5.675108e+04	1993	8	24	18
	128	98	160.000000	32.500000	9.901159e+04	2.484773e+01	-4.542440e+04	1993	8	25	0
	128	98	160.000000	32.500000	9.869846e+04	2.416228e+01	-4.542440e+04	1993	8	25	6
	128	98	160.000000	32.500000	9.889988e+04	2.571587e+01	-4.542440e+04	1993	8	25	12
	127	98	158.750000	32.500000	9.878477e+04	2.468365e+01	-2.613472e+04	1993	8	25	18
	127	98	158.750000	32.500000	9.896599e+04	2.507271e+01	-2.613472e+04	1993	8	26	0
	127	99	158.750000	33.750000	9.929915e+04	2.750972e+01	-3.204813e+04	1993	8	26	6
	127	100	158.750000	35.000000	9.979358e+04	2.458088e+01	-4.951378e+04	1993	8	26	12
start	10	1993	9	25	18
	116	90	145.000000	22.500000	9.811328e+04	2.464624e+01	-4.564996e+04	1993	9	25	18
	116	91	145.000000	23.750000	9.793770e+04	2.559123e+01	-5.510357e+04	1993	9	26	0
	116	92	145.000000	25.000000	9.737771e+04	2.710639e+01	-4.965107e+04	1993	9	26	6
	117	93	146.250000	26.250000	9.738181e+04	2.814934e+01	-5.264210e+04	1993	9	26	12
	118	94	147.500000	27.500000	9.686599e+04	3.041006e+01	-5.679031e+04	1993	9	26	18
	119	95	148.750000	28.750000	9.663052e+04	3.145539e+01	-6.080123e+04	1993	9	27	0
	121	97	151.250000	31.250000	9.687520e+04	3.350657e+01	-5.505453e+04	1993	9	27	6
	122	98	152.500000	32.500000	9.677788e+04	3.300679e+01	-5.470149e+04	1993	9	27	12
	124	100	155.000000	35.000000	9.692820e+04	3.209386e+01	-5.554487e+04	1993	9	27	18
	127	102	158.750000	37.500000	9.713291e+04	3.300312e+01	-4.988643e+04	1993	9	28	0
start	10	1994	1	2	12
	123	58	153.750000	-17.500000	9.823594e+04	2.763057e+01	-2.095681e+04	1994	1	2	12
	123	58	153.750000	-17.500000	9.790566e+04	2.822414e+01	-2.095681e+04	1994	1	2	18
	123	57	153.750000	-18.750000	9.785280e+04	2.762201e+01	-2.419301e+04	1994	1	3	0
	124	56	155.000000	-20.000000	9.777617e+04	3.169828e+01	-3.101843e+04	1994	1	3	6
	125	55	156.250000	-21.250000	9.749446e+04	3.032132e+01	-2.085874e+04	1994	1	3	18
	126	55	157.500000	-21.250000	9.779966e+04	2.743958e+01	-1.143455e+04	1994	1	4	0
	127	54	158.750000	-22.500000	9.784366e+04	2.813443e+01	-2.431069e+04	1994	1	4	6
	128	54	160.000000	-22.500000	9.802573e+04	2.841832e+01	-2.192767e+04	1994	1	4	12
	130	54	162.500000	-22.500000	9.784575e+04	2.757276e+01	-1.979963e+04	1994	1	4	18
	131	54	163.750000	-22.500000	9.845508e+04	2.457270e+01	-2.906691e+04	1994	1	5	0
start	13	1994	1	30	12
	48	61	60.000000	-13.750000	9.805642e+04	2.605122e+01	-3.662784e+04	1994	1	30	12
	47	61	58.750000	-13.750000	9.795395e+04	2.610176e+01	-3.972674e+04	1994	1	30	18
	46	60	57.500000	-15.000000	9.757524e+04	2.936193e+01	-4.221763e+04	1994	1	31	0
	46	61	57.500000	-13.750000	9.747764e+04	2.886643e+01	-3.881472e+04	1994	1	31	6
	45	60	56.250000	-15.000000	9.672591e+04	3.437823e+01	-4.234511e+04	1994	1	31	12
	44	60	55.000000	-15.000000	9.713118e+04	3.209277e+01	-4.131542e+04	1994	1	31	18
	44	60	55.000000	-15.000000	9.668782e+04	3.460628e+01	-4.131542e+04	1994	2	1	0
	43	60	53.750000	-15.000000	9.687727e+04	3.485609e+01	-4.560092e+04	1994	2	1	6
	43	59	53.750000	-16.250000	9.664514e+04	3.612101e+01	-4.445354e+04	1994	2	1	12
	41	59	51.250000	-16.250000	9.741448e+04	3.626378e+01	-4.052108e+04	1994	2	1	18
	41	58	51.250000	-17.500000	9.674238e+04	3.484890e+01	-4.516943e+04	1994	2	2	0
	40	58	50.000000	-17.500000	9.788611e+04	3.354424e+01	-2.419301e+04	1994	2	2	6
	40	57	50.000000	-18.750000	9.839228e+04	2.403857e+01	-3.477438e+04	1994	2	2	12
start	10	1994	2	1	6
	146	47	182.500000	-31.250000	9.827102e+04	2.445303e+01	-5.271074e+04	1994	2	1	6
	146	46	182.500000	-32.500000	9.813889e+04	2.480326e+01	-9.018195e+04	1994	2	1	12
	146	45	182.500000	-33.750000	9.801448e+04	2.622827e+01	-6.330193e+04	1994	2	1	18
	147	44	183.750000	-35.000000	9.790176e+04	2.731506e+01	-5.302455e+04	1994	2	2	0
	147	43	183.750000	-36.250000	9.753923e+04	2.814984e+01	-5.459362e+04	1994	2	2	6
	148	42	185.000000	-37.500000	9.762978e+04	3.023886e+01	-5.333837e+04	1994	2	2	12
	149	40	186.250000	-40.000000	9.751797e+04	2.958282e+01	-4.781723e+04	1994	2	2	18
	150	38	187.500000	-42.500000	9.776228e+04	2.510755e+01	-1.684782e+04	1994	2	3	0
	152	37	190.000000	-43.750000	9.768609e+04	2.601177e+01	-4.656197e+04	1994	2	3	6
	155	35	193.750000	-46.250000	9.758333e+04	2.544418e+01	-5.235770e+04	1994	2	3	12
start	10	1994	2	10	12
	47	57	58.750000	-18.750000	9.871013e+04	2.249435e+01	-1.567103e+04	1994	2	10	12
	46	56	57.500000	-20.000000	9.847305e+04	2.471293e+01	-1.468055e+04	1994	2	10	18
	45	55	56.250000	-21.250000	9.862700e+04	2.504394e+01	-2.945918e+04	1994	2	11	0
	45	55	56.250000	-21.250000	9.833550e+04	2.292896e+01	-2.945918e+04	1994	2	11	6
	45	54	56.250000	-22.500000	9.821829e+04	2.755764e+01	-4.129580e+04	1994	2	11	12
	44	54	55.000000	-22.500000	9.826734e+04	2.757413e+01	-4.170768e+04	1994	2	11	18
	43	53	53.750000	-23.750000	9.775903e+04	2.718967e+01	-4.546363e+04	1994	2	12	0
	43	52	53.750000	-25.000000	9.821475e+04	2.909491e+01	-4.878808e+04	1994	2	12	6
	43	51	53.750000	-26.250000	9.848748e+04	2.414240e+01	-5.218118e+04	1994	2	12	12
	42	50	52.500000	-27.500000	9.858574e+04	2.397005e+01	-5.251461e+04	1994	2	13	0
start	12	1994	7	20	6
	109	92	136.250000	25.000000	9.692734e+04	3.179960e+01	-4.269815e+04	1994	7	20	6
	110	92	137.500000	25.000000	9.674509e+04	3.324844e+01	-4.471832e+04	1994	7	20	12
	110	93	137.500000	26.250000	9.607571e+04	3.627645e+01	-4.949416e+04	1994	7	20	18
	110	94	137.500000	27.500000	9.698762e+04	3.359100e+01	-4.528711e+04	1994	7	21	0
	110	94	137.500000	27.500000	9.625454e+04	3.260523e+01	-4.528711e+04	1994	7	21	6
	110	95	137.500000	28.750000	9.667666e+04	3.213368e+01	-4.620893e+04	1994	7	21	12
	110	95	137.500000	28.750000	9.686897e+04	3.340816e+01	-4.620893e+04	1994	7	21	18
	109	95	136.250000	28.750000	9.727302e+04	3.075483e+01	-4.666004e+04	1994	7	22	0
	108	96	135.000000	30.000000	9.723040e+04	2.724950e+01	-4.601280e+04	1994	7	22	6
	107	96	133.750000	30.000000	9.773311e+04	2.498938e+01	-4.563034e+04	1994	7	22	12
	106	96	132.500000	30.000000	9.792278e+04	2.429837e+01	-3.449979e+04	1994	7	23	6
	106	97	132.500000	31.250000	9.850681e+04	1.995463e+01	-2.797837e+04	1994	7	24	6
start	19	1994	8	4	12
	107	84	133.750000	15.000000	9.909058e+04	2.086216e+01	-4.609125e+04	1994	8	4	12
	107	84	133.750000	15.000000	9.862515e+04	2.310953e+01	-4.609125e+04	1994	8	4	18
	106	84	132.500000	15.000000	9.830798e+04	2.557129e+01	-4.473794e+04	1994	8	5	0
	105	85	131.250000	16.250000	9.785098e+04	2.829892e+01	-4.934706e+04	1994	8	5	6
	104	85	130.000000	16.250000	9.753093e+04	2.919150e+01	-4.800355e+04	1994	8	5	12
	103	85	128.750000	16.250000	9.739214e+04	3.164306e+01	-5.669224e+04	1994	8	5	18
	102	86	127.500000	17.500000	9.686140e+04	3.400153e+01	-5.123975e+04	1994	8	6	0
	101	87	126.250000	18.750000	9.661923e+04	3.386270e+01	-5.550564e+04	1994	8	6	6
	100	87	125.000000	18.750000	9.649245e+04	3.703036e+01	-5.522125e+04	1994	8	6	12
	100	88	125.000000	20.000000	9.662031e+04	3.495300e+01	-5.751600e+04	1994	8	6	18
	99	89	123.750000	21.250000	9.655684e+04	3.686353e+01	-4.935687e+04	1994	8	7	0
	99	90	123.750000	22.500000	9.644297e+04	3.717119e+01	-5.497608e+04	1994	8	7	6
	98	91	122.500000	23.750000	9.721262e+04	3.505784e+01	-3.025352e+04	1994	8	7	12
	98	92	122.500000	25.000000	9.724678e+04	3.196923e+01	-1.443539e+04	1994	8	7	18
	98	92	122.500000	25.000000	9.783059e+04	3.070225e+01	-1.443539e+04	1994	8	8	0
	98	93	122.500000	26.250000	9.803042e+04	2.893354e+01	-9.806650e+02	1994	8	8	6
	98	94	122.500000	27.500000	9.805032e+04	2.490818e+01	-9.022118e+02	1994	8	8	12
	98	95	122.500000	28.750000	9.823054e+04	2.225345e+01	-4.903325e+02	1994	8	8	18
	98	95	122.500000	28.750000	9.843704e+04	2.290654e+01	-4.903325e+02	1994	8	9	0
start	18	1994	8	17	6
	107	86	133.750000	17.500000	9.812214e+04	2.290211e+01	-4.340423e+04	1994	8	17	6
	106	87	132.500000	18.750000	9.809573e+04	2.251393e+01	-5.853589e+04	1994	8	17	12
	106	87	132.500000	18.750000	9.743684e+04	2.514817e+01	-5.853589e+04	1994	8	17	18
	105	87	131.250000	18.750000	9.739709e+04	2.618257e+01	-6.146808e+04	1994	8	18	0
	104	88	130.000000	20.000000	9.748926e+04	2.434035e+01	-5.650592e+04	1994	8	18	6
	104	88	130.000000	20.000000	9.722827e+04	2.681118e+01	-5.650592e+04	1994	8	18	12
	103	89	128.750000	21.250000	9.716784e+04	2.777337e+01	-5.026889e+04	1994	8	18	18
	102	89	127.500000	21.250000	9.693743e+04	2.780360e+01	-3.955022e+04	1994	8	19	0
	101	89	126.250000	21.250000	9.695850e+04	2.900515e+01	-5.579003e+04	1994	8	19	6
	101	90	126.250000	22.500000	9.656530e+04	3.165151e+01	-5.896739e+04	1994	8	19	12
	100	90	125.000000	22.500000	9.622505e+04	3.411403e+01	-5.426020e+04	1994	8	19	18
	100	90	125.000000	22.500000	9.637573e+04	3.569853e+01	-5.426020e+04	1994	8	20	0
	100	91	125.000000	23.750000	9.619338e+04	3.382897e+01	-3.027313e+04	1994	8	20	6
	100	92	125.000000	25.000000	9.681138e+04	3.299121e+01	-1.320956e+04	1994	8	20	12
	99	93	123.750000	26.250000	9.680950e+04	3.422846e+01	-1.343511e+03	1994	8	20	18
	98	93	122.500000	26.250000	9.683477e+04	3.076931e+01	-9.806650e+02	1994	8	21	0
	98	94	122.500000	27.500000	9.732937e+04	2.936889e+01	-9.022118e+02	1994	8	21	6
	97	94	121.250000	27.500000	9.774245e+04	2.537910e+01	-2.647795e+02	1994	8	21	12
start	20	1994	9	14	18
	128	85	160.000000	16.250000	9.721521e+04	2.634790e+01	-5.624114e+04	1994	9	14	18
	128	86	160.000000	17.500000	9.674358e+04	2.863112e+01	-5.545661e+04	1994	9	15	0
	128	87	160.000000	18.750000	9.606665e+04	3.060615e+01	-5.606462e+04	1994	9	15	6
	128	88	160.000000	20.000000	9.605766e+04	3.134628e+01	-4.320810e+04	1994	9	15	12
	127	89	158.750000	21.250000	9.549477e+04	3.572102e+01	-4.934706e+04	1994	9	15	18
	127	90	158.750000	22.500000	9.531538e+04	3.550476e+01	-5.370121e+04	1994	9	16	0
	126	91	157.500000	23.750000	9.542964e+04	3.690028e+01	-4.752303e+04	1994	9	16	6
	125	92	156.250000	25.000000	9.561402e+04	3.536933e+01	-5.742774e+04	1994	9	16	12
	125	94	156.250000	27.500000	9.553040e+04	3.672215e+01	-5.964405e+04	1994	9	16	18
	124	95	155.000000	28.750000	9.583362e+04	3.456902e+01	-5.935965e+04	1994	9	17	0
	123	96	153.750000	30.000000	9.560647e+04	3.394816e+01	-5.715316e+04	1994	9	17	6
	122	97	152.500000	31.250000	9.609780e+04	3.286560e+01	-5.688838e+04	1994	9	17	12
	121	99	151.250000	33.750000	9.655439e+04	3.258658e+01	-5.883990e+04	1994	9	17	18
	120	100	150.000000	35.000000	9.667652e+04	2.845454e+01	-5.974211e+04	1994	9	18	0
	119	101	148.750000	36.250000	9.677266e+04	2.476761e+01	-5.674128e+04	1994	9	18	6
	119	102	148.750000	37.500000	9.706172e+04	2.639715e+01	-5.688838e+04	1994	9	18	12
	119	103	148.750000	38.750000	9.730974e+04	2.435014e+01	-5.658437e+04	1994	9	18	18
	119	104	148.750000	40.000000	9.756636e+04	2.127490e+01	-5.325992e+04	1994	9	19	0
	119	105	148.750000	41.250000	9.770777e+04	2.420987e+01	-5.199486e+04	1994	9	19	6
	119	106	148.750000	42.500000	9.819238e+04	2.264488e+01	-5.471130e+04	1994	9	19	12
start	23	1994	9	24	0
	110	87	137.500000	18.750000	9.734688e+04	2.535297e+01	-5.098477e+04	1994	9	24	0
	109	87	136.250000	18.750000	9.684050e+04	3.052938e+01	-5.144569e+04	1994	9	24	12
	109	88	136.250000	20.000000	9.627966e+04	3.057887e+01	-3.398004e+04	1994	9	24	18
	109	88	136.250000	20.000000	9.584282e+04	3.300262e+01	-3.398004e+04	1994	9	25	0
	109	89	136.250000	21.250000	9.530981e+04	3.439934e+01	-4.870963e+04	1994	9	25	6
	109	89	136.250000	21.250000	9.489590e+04	3.569356e+01	-4.870963e+04	1994	9	25	12
	109	90	136.250000	22.500000	9.546202e+04	3.417709e+01	-5.133781e+04	1994	9	25	18
	108	90	135.000000	22.500000	9.507534e+04	3.798222e+01	-3.461747e+04	1994	9	26	0
	108	91	135.000000	23.750000	9.473323e+04	3.736550e+01	-4.772896e+04	1994	9	26	6
	107	91	133.750000	23.750000	9.532136e+04	3.694003e+01	-4.392398e+04	1994	9	26	12
	107	92	133.750000	25.000000	9.529575e+04	3.565233e+01	-4.338462e+04	1994	9	26	18
	106	92	132.500000	25.000000	9.587002e+04	3.661559e+01	-5.064154e+04	1994	9	27	0
	106	93	132.500000	26.250000	9.599809e+04	3.569497e+01	-5.280881e+04	1994	9	27	6
	106	93	132.500000	26.250000	9.602356e+04	3.394088e+01	-5.280881e+04	1994	9	27	12
	106	94	132.500000	27.500000	9.636938e+04	3.171512e+01	-5.063173e+04	1994	9	27	18
	106	94	132.500000	27.500000	9.637988e+04	3.330503e+01	-5.063173e+04	1994	9	28	0
	106	95	132.500000	28.750000	9.674768e+04	3.367857e+01	-4.430645e+04	1994	9	28	6
	106	95	132.500000	28.750000	9.676609e+04	3.131137e+01	-4.430645e+04	1994	9	28	12
	107	96	133.750000	30.000000	9.659614e+04	3.339605e+01	-4.563034e+04	1994	9	28	18
	107	97	133.750000	31.250000	9.704148e+04	3.243304e+01	-4.541460e+04	1994	9	29	0
	108	98	135.000000	32.500000	9.705640e+04	3.238980e+01	-4.339443e+04	1994	9	29	6
	109	99	136.250000	33.750000	9.783401e+04	3.001064e+01	-1.671053e+04	1994	9	29	12
	110	102	137.500000	37.500000	9.846311e+04	2.033752e+01	-5.001392e+03	1994	9	29	18
start	18	1994	10	7	0
	104	85	130.000000	16.250000	9.867588e+04	2.579381e+01	-4.800355e+04	1994	10	7	0
	103	86	128.750000	17.500000	9.835498e+04	2.515902e+01	-5.144569e+04	1994	10	7	6
	102	86	127.500000	17.500000	9.799722e+04	2.891377e+01	-5.123975e+04	1994	10	7	12
	101	87	126.250000	18.750000	9.751814e+04	3.055746e+01	-5.550564e+04	1994	10	7	18
	100	87	125.000000	18.750000	9.764641e+04	2.964105e+01	-5.522125e+04	1994	10	8	0
	100	88	125.000000	20.000000	9.675249e+04	3.315635e+01	-5.751600e+04	1994	10	8	6
	100	88	125.000000	20.000000	9.709236e+04	3.280896e+01	-5.751600e+04	1994	10	8	12
	99	89	123.750000	21.250000	9.672495e+04	3.392531e+01	-4.935687e+04	1994	10	8	18
	99	90	123.750000	22.500000	9.716142e+04	3.375785e+01	-5.497608e+04	1994	10	9	0
	99	91	123.750000	23.750000	9.720896e+04	3.626604e+01	-3.409772e+04	1994	10	9	6
	99	91	123.750000	23.750000	9.710452e+04	3.204273e+01	-3.409772e+04	1994	10	9	12
	98	92	122.500000	25.000000	9.765085e+04	2.725780e+01	-1.443539e+04	1994	10	9	18
	98	92	122.500000	25.000000	9.805625e+04	2.396969e+01	-1.443539e+04	1994	10	10	0
	98	93	122.500000	26.250000	9.800745e+04	2.449299e+01	-9.806650e+02	1994	10	10	6
	99	94	123.750000	27.500000	9.871946e+04	2.280094e+01	-9.512451e+02	1994	10	10	18
	99	95	123.750000	28.750000	9.882541e+04	2.251582e+01	-7.943386e+02	1994	10	11	0
	99	97	123.750000	31.250000	9.880925e+04	2.396159e+01	-2.059397e+02	1994	10	11	6
	100	98	125.000000	32.500000	9.884253e+04	2.314330e+01	-5.785923e+02	1994	10	11	12
start	24	1994	10	21	12
	106	86	132.500000	17.500000	9.863843e+04	2.216757e+01	-5.831034e+04	1994	10	21	12
	106	86	132.500000	17.500000	9.865039e+04	2.124161e+01	-5.831034e+04	1994	10	21	18
	105	87	131.250000	18.750000	9.818706e+04	2.415645e+01	-6.146808e+04	1994	10	22	18
	104	87	130.000000	18.750000	9.813120e+04	2.807895e+01	-5.560371e+04	1994	10	23	0
	104	87	130.000000	18.750000	9.772468e+04	2.842410e+01	-5.560371e+04	1994	10	23	6
	104	87	130.000000	18.750000	9.789644e+04	2.719623e+01	-5.560371e+04	1994	10	23	12
	104	86	130.000000	17.500000	9.754331e+04	2.851076e+01	-5.330895e+04	1994	10	23	18
	104	86	130.000000	17.500000	9.730933e+04	2.912184e+01	-5.330895e+04	1994	10	24	0
	104	86	130.000000	17.500000	9.679741e+04	2.966786e+01	-5.330895e+04	1994	10	24	6
	104	86	130.000000	17.500000	9.705901e+04	3.054913e+01	-5.330895e+04	1994	10	24	12
	104	85	130.000000	16.250000	9.703559e+04	2.924439e+01	-4.800355e+04	1994	10	24	18
	104	85	130.000000	16.250000	9.697856e+04	3.050109e+01	-4.800355e+04	1994	10	25	0
	104	85	130.000000	16.250000	9.705139e+04	3.045851e+01	-4.800355e+04	1994	10	25	6
	104	85	130.000000	16.250000	9.753084e+04	3.028627e+01	-4.800355e+04	1994	10	25	12
	103	85	128.750000	16.250000	9.753762e+04	2.789928e+01	-5.669224e+04	1994	10	25	18
	103	84	128.750000	15.000000	9.760920e+04	2.963135e+01	-5.486821e+04	1994	10	26	0
	103	84	128.750000	15.000000	9.717122e+04	2.958080e+01	-5.486821e+04	1994	10	26	6
	103	84	128.750000	15.000000	9.728062e+04	3.342986e+01	-5.486821e+04	1994	10	26	12
	104	84	130.000000	15.000000	9.749053e+04	3.075702e+01	-5.506434e+04	1994	10	26	18
	104	84	130.000000	15.000000	9.785552e+04	2.861643e+01	-5.506434e+04	1994	10	27	0
	104	85	130.000000	16.250000	9.750254e+04	2.914785e+01	-4.800355e+04	1994	10	27	6
	104	85	130.000000	16.250000	9.784434e+04	2.960225e+01	-4.800355e+04	1994	10	27	12
	104	86	130.000000	17.500000	9.823823e+04	2.754385e+01	-5.330895e+04	1994	10	27	18
	105	86	131.250000	17.500000	9.839655e+04	2.745446e+01	-5.795730e+04	1994	10	28	0
start	30	1994	10	23	18
	120	85	150.000000	16.250000	9.718706e+04	2.901557e+01	-5.626075e+04	1994	10	23	18
	119	85	148.750000	16.250000	9.686558e+04	3.121000e+01	-4.961184e+04	1994	10	24	0
	119	85	148.750000	16.250000	9.628491e+04	3.273729e+01	-4.961184e+04	1994	10	24	6
	118	84	147.500000	15.000000	9.682151e+04	3.439111e+01	-8.318001e+04	1994	10	24	12
	118	85	147.500000	16.250000	9.631997e+04	3.276441e+01	-3.717701e+04	1994	10	24	18
	118	84	147.500000	15.000000	9.706294e+04	3.297699e+01	-8.318001e+04	1994	10	25	0
	118	85	147.500000	16.250000	9.625452e+04	3.666740e+01	-3.717701e+04	1994	10	25	6
	118	85	147.500000	16.250000	9.656521e+04	3.636428e+01	-3.717701e+04	1994	10	25	12
	118	85	147.500000	16.250000	9.690325e+04	3.337761e+01	-3.717701e+04	1994	10	25	18
	119	86	148.750000	17.500000	9.722795e+04	3.460760e+01	-3.768696e+04	1994	10	26	0
	119	86	148.750000	17.500000	9.682434e+04	3.416094e+01	-3.768696e+04	1994	10	26	6
	119	87	148.750000	18.750000	9.720874e+04	3.322477e+01	-3.126360e+04	1994	10	26	12
	120	87	150.000000	18.750000	9.702491e+04	3.258466e+01	-5.350508e+04	1994	10	26	18
	120	88	150.000000	20.000000	9.683677e+04	3.145864e+01	-2.857658e+04	1994	10	27	0
	121	89	151.250000	21.250000	9.695371e+04	3.115633e+01	-5.685896e+04	1994	10	27	12
	121	89	151.250000	21.250000	9.681636e+04	3.121226e+01	-5.685896e+04	1994	10	27	18
	121	90	151.250000	22.500000	9.707155e+04	3.093534e+01	-5.525067e+04	1994	10	28	0
	121	91	151.250000	23.750000	9.718796e+04	2.836686e+01	-5.629998e+04	1994	10	28	12
	121	92	151.250000	25.000000	9.734880e+04	2.885714e+01	-5.619211e+04	1994	10	29	0
	121	92	151.250000	25.000000	9.725166e+04	2.876319e+01	-5.619211e+04	1994	10	29	6
	120	92	150.000000	25.000000	9.765505e+04	2.822578e+01	-5.630979e+04	1994	10	29	12
	120	93	150.000000	26.250000	9.713921e+04	3.015396e+01	-5.837899e+04	1994	10	29	18
	120	93	150.000000	26.250000	9.732856e+04	3.107711e+01	-5.837899e+04	1994	10	30	0
	120	94	150.000000	27.500000	9.728333e+04	3.199505e+01	-5.865357e+04	1994	10	30	6
	120	94	150.000000	27.500000	9.758828e+04	3.049961e+01	-5.865357e+04	1994	10	30	12
	121	95	151.250000	28.750000	9.788442e+04	3.023819e+01	-5.696683e+04	1994	10	30	18
	121	96	151.250000	30.000000	9.818198e+04	2.865015e+01	-5.959501e+04	1994	10	31	0
	122	98	152.500000	32.500000	9.848003e+04	2.899463e+01	-5.470149e+04	1994	10	31	6
	124	99	155.000000	33.750000	9.853245e+04	2.698001e+01	-5.738852e+04	1994	10	31	12
	126	101	157.500000	36.250000	9.871697e+04	2.634585e+01	-4.544402e+04	1994	10	31	18
start	17	1994	11	3	18
	115	86	143.750000	17.500000	9.828577e+04	2.552668e+01	-4.005036e+04	1994	11	3	18
	114	86	142.500000	17.500000	9.848071e+04	2.743395e+01	-4.119774e+04	1994	11	4	0
	113	87	141.250000	18.750000	9.785437e+04	2.647243e+01	-4.573821e+04	1994	11	4	6
	112	87	140.000000	18.750000	9.732956e+04	3.210996e+01	-4.778780e+04	1994	11	4	12
	111	87	138.750000	18.750000	9.689180e+04	3.242067e+01	-4.945494e+04	1994	11	4	18
	110	87	137.500000	18.750000	9.716541e+04	3.416680e+01	-5.098477e+04	1994	11	5	0
	109	88	136.250000	20.000000	9.621140e+04	3.635428e+01	-3.398004e+04	1994	11	5	6
	108	89	135.000000	21.250000	9.675710e+04	3.478053e+01	-5.623133e+04	1994	11	5	12
	108	90	135.000000	22.500000	9.694851e+04	3.324030e+01	-3.461747e+04	1994	11	5	18
	107	90	133.750000	22.500000	9.644641e+04	3.498783e+01	-5.449555e+04	1994	11	6	0
	107	91	133.750000	23.750000	9.647259e+04	3.475230e+01	-4.392398e+04	1994	11	6	6
	107	92	133.750000	25.000000	9.692695e+04	3.556332e+01	-4.338462e+04	1994	11	6	12
	107	93	133.750000	26.250000	9.699902e+04	3.506900e+01	-5.145549e+04	1994	11	6	18
	108	94	135.000000	27.500000	9.760986e+04	3.261949e+01	-3.554911e+04	1994	11	7	0
	109	95	136.250000	28.750000	9.774722e+04	3.293895e+01	-4.666004e+04	1994	11	7	6
	110	96	137.500000	30.000000	9.885000e+04	3.079890e+01	-4.432606e+04	1994	11	7	12
	112	96	140.000000	30.000000	9.918902e+04	2.894742e+01	-2.914536e+04	1994	11	7	18
start	21	1995	4	2	12
	56	61	70.000000	-13.750000	9.822759e+04	2.215890e+01	-3.826555e+04	1995	4	2	12
	56	60	70.000000	-15.000000	9.821770e+04	2.486909e+01	-4.024649e+04	1995	4	2	18
	56	60	70.000000	-15.000000	9.780642e+04	2.675257e+01	-4.024649e+04	1995	4	3	0
	55	59	68.750000	-16.250000	9.780330e+04	2.821219e+01	-3.387217e+04	1995	4	3	6
	55	59	68.750000	-16.250000	9.725788e+04	2.979965e+01	-3.387217e+04	1995	4	3	12
	55	59	68.750000	-16.250000	9.701699e+04	3.044819e+01	-3.387217e+04	1995	4	3	18
	56	59	70.000000	-16.250000	9.698765e+04	3.137538e+01	-4.072702e+04	1995	4	4	0
	55	59	68.750000	-16.250000	9.720466e+04	3.277227e+01	-3.387217e+04	1995	4	4	6
	56	58	70.000000	-17.500000	9.686734e+04	3.100863e+01	-4.018765e+04	1995	4	4	12
	55	58	68.750000	-17.500000	9.707981e+04	3.045884e+01	-3.013584e+04	1995	4	4	18
	56	58	70.000000	-17.500000	9.698626e+04	3.165635e+01	-4.018765e+04	1995	4	5	0
	55	58	68.750000	-17.500000	9.703765e+04	3.187444e+01	-3.013584e+04	1995	4	5	6
	55	58	68.750000	-17.500000	9.704993e+04	3.015093e+01	-3.013584e+04	1995	4	5	12
	55	58	68.750000	-17.500000	9.717380e+04	3.064378e+01	-3.013584e+04	1995	4	5	18
	55	58	68.750000	-17.500000	9.718743e+04	3.031029e+01	-3.013584e+04	1995	4	6	0
	55	58	68.750000	-17.500000	9.748711e+04	2.995526e+01	-3.013584e+04	1995	4	6	6
	55	58	68.750000	-17.500000	9.763017e+04	2.851543e+01	-3.013584e+04	1995	4	6	12
	55	58	68.750000	-17.500000	9.796958e+04	2.714631e+01	-3.013584e+04	1995	4	6	18
	55	57	68.750000	-18.750000	9.816838e+04	2.643289e+01	-3.171471e+04	1995	4	7	0
	56	57	70.000000	-18.750000	9.837405e+04	2.314962e+01	-3.268556e+04	1995	4	8	0
	56	57	70.000000	-18.750000	9.857080e+04	2.202608e+01	-3.268556e+04	1995	4	8	6
start	27	1995	8	16	0
	232	99	290.000000	33.750000	9.858486e+04	2.391084e+01	-5.279900e+04	1995	8	16	0
	231	99	288.750000	33.750000	9.855022e+04	2.303334e+01	-5.235770e+04	1995	8	16	6
	230	99	287.500000	33.750000	9.881723e+04	2.485760e+01	-4.829775e+04	1995	8	16	12
	230	100	287.500000	35.000000	9.866048e+04	2.681361e+01	-4.326694e+04	1995	8	16	18
	230	100	287.500000	35.000000	9.868980e+04	2.484287e+01	-4.326694e+04	1995	8	17	0
	230	100	287.500000	35.000000	9.882180e+04	2.592925e+01	-4.326694e+04	1995	8	17	6
	230	101	287.500000	36.250000	9.866042e+04	2.618116e+01	-3.687300e+04	1995	8	17	12
	230	101	287.500000	36.250000	9.863294e+04	2.669655e+01	-3.687300e+04	1995	8	17	18
	231	101	288.750000	36.250000	9.859197e+04	2.641015e+01	-4.198227e+04	1995	8	18	0
	231	102	288.750000	37.500000	9.839360e+04	3.075216e+01	-3.795173e+04	1995	8	18	6
	232	102	290.000000	37.500000	9.813948e+04	2.865714e+01	-4.127619e+04	1995	8	18	12
	233	102	291.250000	37.500000	9.822827e+04	2.457376e+01	-4.421818e+04	1995	8	18	18
	233	101	291.250000	36.250000	9.803088e+04	2.446358e+01	-4.524788e+04	1995	8	19	0
	234	101	292.500000	36.250000	9.783049e+04	2.577296e+01	-4.850369e+04	1995	8	19	6
	234	101	292.500000	36.250000	9.812903e+04	2.727215e+01	-4.850369e+04	1995	8	19	12
	234	100	292.500000	35.000000	9.802624e+04	2.610329e+01	-5.104361e+04	1995	8	19	18
	234	100	292.500000	35.000000	9.818574e+04	2.499646e+01	-5.104361e+04	1995	8	20	0
	234	100	292.500000	35.000000	9.847905e+04	2.440653e+01	-5.104361e+04	1995	8	20	6
	234	100	292.500000	35.000000	9.893741e+04	2.456171e+01	-5.104361e+04	1995	8	20	12
	233	101	291.250000	36.250000	9.919014e+04	2.456758e+01	-4.524788e+04	1995	8	20	18
	234	101	292.500000	36.250000	9.940373e+04	2.476689e+01	-4.850369e+04	1995	8	21	0
	234	102	292.500000	37.500000	9.926289e+04	2.722388e+01	-4.738573e+04	1995	8	21	6
	236	103	295.000000	38.750000	9.944241e+04	2.810807e+01	-4.794471e+04	1995	8	21	12
	237	104	296.250000	40.000000	9.938203e+04	2.761730e+01	-4.781723e+04	1995	8	21	18
	239	106	298.750000	42.500000	9.919358e+04	2.456603e+01	-2.970434e+04	1995	8	22	0
	243	107	303.750000	43.750000	9.887268e+04	2.395645e+01	-3.093017e+04	1995	8	22	6
	246	109	307.500000	46.250000	9.860977e+04	2.623989e+01	-1.039505e+03	1995	8	22	12
start	20	1995	9	5	6
	239	86	298.750000	17.500000	9.937927e+04	2.135536e+01	-2.877271e+04	1995	9	5	6
	239	86	298.750000	17.500000	9.945232e+04	2.413654e+01	-2.877271e+04	1995	9	5	12
	237	87	296.250000	18.750000	9.892192e+04	2.523474e+01	-6.057568e+04	1995	9	6	6
	235	89	293.750000	21.250000	9.869216e+04	2.400594e+01	-5.375025e+04	1995	9	7	6
	235	90	293.750000	22.500000	9.887627e+04	2.366015e+01	-5.695702e+04	1995	9	7	12
	234	90	292.500000	22.500000	9.853474e+04	2.479527e+01	-5.416213e+04	1995	9	7	18
	234	91	292.500000	23.750000	9.834851e+04	2.706735e+01	-5.646669e+04	1995	9	8	0
	233	92	291.250000	25.000000	9.853138e+04	2.982292e+01	-5.518202e+04	1995	9	8	6
	232	93	290.000000	26.250000	9.872744e+04	2.850198e+01	-5.389735e+04	1995	9	8	12
	232	94	290.000000	27.500000	9.854288e+04	2.379091e+01	-5.360315e+04	1995	9	8	18
	232	94	290.000000	27.500000	9.847439e+04	2.278841e+01	-5.360315e+04	1995	9	9	0
	232	95	290.000000	28.750000	9.858086e+04	2.505942e+01	-5.214196e+04	1995	9	9	6
	233	96	291.250000	30.000000	9.841899e+04	2.913845e+01	-5.100439e+04	1995	9	9	12
	233	98	291.250000	32.500000	9.810964e+04	3.009339e+01	-5.162221e+04	1995	9	9	18
	234	100	292.500000	35.000000	9.831980e+04	2.901439e+01	-5.104361e+04	1995	9	10	0
	235	101	293.750000	36.250000	9.810866e+04	3.055065e+01	-4.892538e+04	1995	9	10	6
	237	103	296.250000	38.750000	9.770152e+04	3.089628e+01	-4.717979e+04	1995	9	10	12
	239	105	298.750000	41.250000	9.748501e+04	3.361022e+01	-4.525769e+04	1995	9	10	18
	242	107	302.500000	43.750000	9.743570e+04	3.370338e+01	-3.097921e+04	1995	9	11	0
	246	110	307.500000	47.500000	9.692776e+04	3.395760e+01	-1.559257e+03	1995	9	11	6
start	10	1995	9	15	6
	110	91	137.500000	23.750000	9.712884e+04	2.446041e+01	-4.869982e+04	1995	9	15	6
	110	92	137.500000	25.000000	9.709648e+04	2.615427e+01	-4.471832e+04	1995	9	15	12
	109	93	136.250000	26.250000	9.650581e+04	2.769414e+01	-4.746419e+04	1995	9	15	18
	109	94	136.250000	27.500000	9.654827e+04	3.051333e+01	-5.037676e+04	1995	9	16	0
	109	95	136.250000	28.750000	9.616631e+04	3.477768e+01	-4.666004e+04	1995	9	16	6
	110	96	137.500000	30.000000	9.585845e+04	3.203394e+01	-4.432606e+04	1995	9	16	12
	111	97	138.750000	31.250000	9.574946e+04	3.389301e+01	-2.943956e+04	1995	9	16	18
	112	99	140.000000	33.750000	9.623952e+04	3.533438e+01	-4.864099e+03	1995	9	17	0
	114	101	142.500000	36.250000	9.691130e+04	3.351500e+01	-5.539777e+04	1995	9	17	6
	117	104	146.250000	40.000000	9.736875e+04	3.068391e+01	-5.087690e+04	1995	9	17	12
start	12	1995	9	18	18
	110	91	137.500000	23.750000	9.767886e+04	2.312927e+01	-4.869982e+04	1995	9	18	18
	111	92	138.750000	25.000000	9.758640e+04	2.443626e+01	-4.883712e+04	1995	9	19	0
	111	93	138.750000	26.250000	9.724658e+04	2.622927e+01	-4.813104e+04	1995	9	19	6
	112	93	140.000000	26.250000	9.728655e+04	2.701588e+01	-3.676513e+04	1995	9	19	12
	113	94	141.250000	27.500000	9.707073e+04	2.785486e+01	-4.037398e+04	1995	9	19	18
	114	95	142.500000	28.750000	9.743445e+04	3.028659e+01	-4.339443e+04	1995	9	20	0
	115	96	143.750000	30.000000	9.729985e+04	2.845210e+01	-5.405425e+04	1995	9	20	6
	116	97	145.000000	31.250000	9.794197e+04	2.669880e+01	-5.798672e+04	1995	9	20	12
	118	97	147.500000	31.250000	9.777964e+04	2.810285e+01	-5.986960e+04	1995	9	20	18
	120	99	150.000000	33.750000	9.788398e+04	2.824066e+01	-5.934004e+04	1995	9	21	0
	126	103	157.500000	38.750000	9.786370e+04	2.908781e+01	-5.528989e+04	1995	9	21	18
	129	104	161.250000	40.000000	9.803848e+04	3.115987e+01	-5.407387e+04	1995	9	22	0
start	10	1995	11	21	0
	68	62	85.000000	-12.500000	9.878413e+04	2.025659e+01	-5.216157e+04	1995	11	21	0
	67	61	83.750000	-13.750000	9.860813e+04	2.286137e+01	-4.467910e+04	1995	11	22	0
	67	60	83.750000	-15.000000	9.839666e+04	2.516195e+01	-5.082787e+04	1995	11	22	6
	67	59	83.750000	-16.250000	9.843987e+04	2.589248e+01	-5.299514e+04	1995	11	22	18
	66	59	82.500000	-16.250000	9.781866e+04	2.863955e+01	-5.429942e+04	1995	11	23	0
	66	59	82.500000	-16.250000	9.805493e+04	2.721137e+01	-5.429942e+04	1995	11	23	6
	66	58	82.500000	-17.500000	9.801990e+04	2.871585e+01	-5.021005e+04	1995	11	23	12
	66	58	82.500000	-17.500000	9.852769e+04	2.728328e+01	-5.021005e+04	1995	11	23	18
	66	58	82.500000	-17.500000	9.858594e+04	2.617653e+01	-5.021005e+04	1995	11	24	0
	65	58	81.250000	-17.500000	9.886101e+04	2.691879e+01	-5.071019e+04	1995	11	24	6
start	12	1996	7	29	0
	104	87	130.000000	18.750000	9.729238e+04	2.505109e+01	-5.560371e+04	1996	7	29	0
	103	87	128.750000	18.750000	9.710491e+04	2.622737e+01	-5.059251e+04	1996	7	29	6
	103	88	128.750000	20.000000	9.670225e+04	2.703449e+01	-5.608423e+04	1996	7	29	12
	103	88	128.750000	20.000000	9.670252e+04	2.833396e+01	-5.608423e+04	1996	7	29	18
	102	89	127.500000	21.250000	9.641823e+04	2.961335e+01	-3.955022e+04	1996	7	30	0
	102	90	127.500000	22.500000	9.649245e+04	2.894748e+01	-5.607443e+04	1996	7	30	6
	101	91	126.250000	23.750000	9.633294e+04	3.035746e+01	-5.574100e+04	1996	7	30	18
	100	91	125.000000	23.750000	9.612273e+04	2.904361e+01	-3.027313e+04	1996	7	31	0
	99	91	123.750000	23.750000	9.629892e+04	2.636838e+01	-3.409772e+04	1996	7	31	6
	98	92	122.500000	25.000000	9.666462e+04	2.803728e+01	-1.443539e+04	1996	7	31	12
	97	92	121.250000	25.000000	9.692229e+04	2.849153e+01	9.708583e+02	1996	7	31	18
	96	92	120.000000	25.000000	9.765249e+04	2.940359e+01	-6.276256e+02	1996	8	1	0
start	11	1996	8	12	0
	103	93	128.750000	26.250000	9.769612e+04	2.596706e+01	-2.635047e+04	1996	8	12	0
	102	93	127.500000	26.250000	9.750877e+04	2.710089e+01	-6.766589e+02	1996	8	12	6
	102	93	127.500000	26.250000	9.730393e+04	2.613030e+01	-6.766589e+02	1996	8	12	12
	102	94	127.500000	27.500000	9.732075e+04	2.700296e+01	-6.854848e+03	1996	8	12	18
	102	94	127.500000	27.500000	9.740488e+04	2.814781e+01	-6.854848e+03	1996	8	13	0
	102	95	127.500000	28.750000	9.728342e+04	2.738230e+01	-1.008124e+04	1996	8	13	6
	103	96	128.750000	30.000000	9.757520e+04	2.778571e+01	-9.404577e+03	1996	8	13	12
	103	97	128.750000	31.250000	9.753481e+04	2.974088e+01	-6.864655e+03	1996	8	13	18
	104	98	130.000000	32.500000	9.776328e+04	2.481772e+01	-3.628460e+02	1996	8	14	0
	105	99	131.250000	33.750000	9.802488e+04	2.361915e+01	-1.372931e+02	1996	8	14	6
	109	102	136.250000	37.500000	9.851391e+04	1.644740e+01	-2.196690e+03	1996	8	14	18
start	11	1996	9	16	12
	117	90	146.250000	22.500000	9.795894e+04	2.386466e+01	-6.487099e+04	1996	9	16	12
	118	90	147.500000	22.500000	9.795967e+04	2.532825e+01	-5.659418e+04	1996	9	16	18
	118	91	147.500000	23.750000	9.765740e+04	2.667728e+01	-5.738852e+04	1996	9	17	0
	119	92	148.750000	25.000000	9.754177e+04	2.655194e+01	-3.925602e+04	1996	9	17	12
	119	92	148.750000	25.000000	9.706402e+04	2.748536e+01	-3.925602e+04	1996	9	17	18
	120	93	150.000000	26.250000	9.738745e+04	2.536753e+01	-5.837899e+04	1996	9	18	0
	121	94	151.250000	27.500000	9.707578e+04	2.631867e+01	-5.871241e+04	1996	9	18	12
	122	95	152.500000	28.750000	9.681523e+04	2.785707e+01	-5.657456e+04	1996	9	18	18
	123	96	153.750000	30.000000	9.700039e+04	3.005637e+01	-5.715316e+04	1996	9	19	0
	123	98	153.750000	32.500000	9.677686e+04	3.114539e+01	-5.142607e+04	1996	9	19	6
	124	98	155.000000	32.500000	9.680417e+04	2.957540e+01	-4.543421e+04	1996	9	19	12
start	19	1996	9	17	0
	102	89	127.500000	21.250000	9.802302e+04	2.357194e+01	-3.955022e+04	1996	9	17	0
	103	89	128.750000	21.250000	9.794920e+04	2.538921e+01	-5.026889e+04	1996	9	17	6
	103	90	128.750000	22.500000	9.772302e+04	2.772131e+01	-3.668668e+04	1996	9	17	12
	104	90	130.000000	22.500000	9.764839e+04	2.825029e+01	-5.210273e+04	1996	9	17	18
	104	90	130.000000	22.500000	9.764995e+04	2.591009e+01	-5.210273e+04	1996	9	18	0
	105	91	131.250000	23.750000	9.782539e+04	2.286839e+01	-4.479678e+04	1996	9	19	0
	106	92	132.500000	25.000000	9.786660e+04	2.134706e+01	-5.064154e+04	1996	9	19	18
	106	92	132.500000	25.000000	9.778303e+04	2.262523e+01	-5.064154e+04	1996	9	20	0
	106	92	132.500000	25.000000	9.762151e+04	2.359655e+01	-5.064154e+04	1996	9	20	6
	106	93	132.500000	26.250000	9.752691e+04	2.298743e+01	-5.280881e+04	1996	9	20	12
	107	93	133.750000	26.250000	9.749462e+04	2.373310e+01	-5.145549e+04	1996	9	20	18
	107	94	133.750000	27.500000	9.762720e+04	2.392440e+01	-4.648352e+04	1996	9	21	0
	108	95	135.000000	28.750000	9.728408e+04	2.833395e+01	-4.727786e+04	1996	9	21	6
	109	95	136.250000	28.750000	9.738196e+04	2.729222e+01	-4.666004e+04	1996	9	21	12
	110	97	137.500000	31.250000	9.722676e+04	3.015195e+01	-4.089373e+04	1996	9	21	18
	111	98	138.750000	32.500000	9.684485e+04	3.029145e+01	-2.008402e+04	1996	9	22	0
	113	100	141.250000	35.000000	9.700471e+04	3.222875e+01	-2.840987e+04	1996	9	22	6
	114	102	142.500000	37.500000	9.763166e+04	3.213330e+01	-1.127765e+04	1996	9	22	12
	116	104	145.000000	40.000000	9.828794e+04	2.853222e+01	-5.513298e+04	1996	9	22	18
start	25	1996	10	21	6
	241	98	301.250000	32.500000	9.870908e+04	2.296276e+01	-5.295591e+04	1996	10	21	6
	242	99	302.500000	33.750000	9.842849e+04	2.915524e+01	-4.440451e+04	1996	10	21	12
	242	99	302.500000	33.750000	9.826792e+04	2.845570e+01	-4.440451e+04	1996	10	21	18
	243	99	303.750000	33.750000	9.793596e+04	2.882652e+01	-5.343644e+04	1996	10	22	0
	244	99	305.000000	33.750000	9.786760e+04	2.891493e+01	-5.233809e+04	1996	10	22	6
	244	99	305.000000	33.750000	9.785542e+04	3.044137e+01	-5.233809e+04	1996	10	22	12
	245	99	306.250000	33.750000	9.792954e+04	2.868368e+01	-5.452497e+04	1996	10	22	18
	245	99	306.250000	33.750000	9.787476e+04	2.875116e+01	-5.452497e+04	1996	10	23	0
	245	99	306.250000	33.750000	9.785439e+04	2.659291e+01	-5.452497e+04	1996	10	23	6
	245	98	306.250000	32.500000	9.827810e+04	2.778860e+01	-5.493685e+04	1996	10	23	12
	245	99	306.250000	33.750000	9.827097e+04	2.455359e+01	-5.452497e+04	1996	10	23	18
	246	99	307.500000	33.750000	9.804160e+04	2.513931e+01	-5.461323e+04	1996	10	24	0
	246	99	307.500000	33.750000	9.797322e+04	2.659864e+01	-5.461323e+04	1996	10	24	6
	246	99	307.500000	33.750000	9.822376e+04	2.612287e+01	-5.461323e+04	1996	10	24	12
	247	99	308.750000	33.750000	9.803506e+04	2.513833e+01	-5.142607e+04	1996	10	24	18
	248	99	310.000000	33.750000	9.820579e+04	2.556513e+01	-4.616971e+04	1996	10	25	0
	250	100	312.500000	35.000000	9.807041e+04	2.709845e+01	-4.754264e+04	1996	10	25	6
	252	101	315.000000	36.250000	9.840093e+04	2.556020e+01	-4.664043e+04	1996	10	25	12
	254	102	317.500000	37.500000	9.821184e+04	2.907402e+01	-4.716018e+04	1996	10	25	18
	255	103	318.750000	38.750000	9.815403e+04	2.799749e+01	-4.964126e+04	1996	10	26	0
	257	104	321.250000	40.000000	9.809841e+04	2.682216e+01	-4.317868e+04	1996	10	26	6
	259	104	323.750000	40.000000	9.804223e+04	2.618871e+01	-4.511059e+04	1996	10	26	12
	261	106	326.250000	42.500000	9.785454e+04	2.470517e+01	-3.603944e+04	1996	10	26	18
	264	107	330.000000	43.750000	9.785940e+04	3.032589e+01	-2.738017e+04	1996	10	27	0
	267	109	333.750000	46.250000	9.781416e+04	2.679987e+01	-3.128321e+04	1996	10	27	6
start	21	1996	11	8	0
	114	81	142.500000	11.250000	9.803303e+04	2.423029e+01	-8.935820e+04	1996	11	8	0
	114	81	142.500000	11.250000	9.761245e+04	2.504621e+01	-8.935820e+04	1996	11	8	6
	113	81	141.250000	11.250000	9.760000e+04	2.590816e+01	-6.589088e+04	1996	11	8	12
	112	82	140.000000	12.500000	9.727077e+04	2.913946e+01	-4.109967e+04	1996	11	8	18
	111	82	138.750000	12.500000	9.745950e+04	3.026626e+01	-4.977855e+04	1996	11	9	0
	110	83	137.500000	13.750000	9.686323e+04	2.799554e+01	-5.119071e+04	1996	11	9	6
	109	84	136.250000	15.000000	9.701980e+04	3.011769e+01	-5.086709e+04	1996	11	9	12
	108	84	135.000000	15.000000	9.664976e+04	3.122047e+01	-4.445354e+04	1996	11	9	18
	107	85	133.750000	16.250000	9.662058e+04	3.498796e+01	-5.274016e+04	1996	11	10	0
	106	86	132.500000	17.500000	9.583352e+04	3.257042e+01	-5.831034e+04	1996	11	10	6
	106	87	132.500000	18.750000	9.634585e+04	3.133334e+01	-5.853589e+04	1996	11	10	12
	105	88	131.250000	20.000000	9.613279e+04	3.385490e+01	-5.822208e+04	1996	11	10	18
	105	88	131.250000	20.000000	9.604985e+04	3.469048e+01	-5.822208e+04	1996	11	11	0
	105	89	131.250000	21.250000	9.582995e+04	3.308313e+01	-5.834957e+04	1996	11	11	6
	105	90	131.250000	22.500000	9.575312e+04	3.271712e+01	-5.749639e+04	1996	11	11	12
	106	91	132.500000	23.750000	9.597605e+04	3.283096e+01	-3.348971e+04	1996	11	11	18
	106	92	132.500000	25.000000	9.616636e+04	3.200685e+01	-5.064154e+04	1996	11	12	0
	107	93	133.750000	26.250000	9.596475e+04	3.083129e+01	-5.145549e+04	1996	11	12	6
	109	94	136.250000	27.500000	9.650361e+04	3.524743e+01	-5.037676e+04	1996	11	12	12
	111	95	138.750000	28.750000	9.665542e+04	3.558143e+01	-3.506858e+04	1996	11	12	18
	114	97	142.500000	31.250000	9.685886e+04	3.460737e+01	-7.396176e+04	1996	11	13	0
start	13	1997	1	5	18
	127	59	158.750000	-16.250000	9.780208e+04	2.305491e+01	-3.343087e+04	1997	1	5	18
	127	59	158.750000	-16.250000	9.802493e+04	2.572318e+01	-3.343087e+04	1997	1	6	0
	127	58	158.750000	-17.500000	9.744634e+04	2.560246e+01	-1.947601e+04	1997	1	6	6
	127	58	158.750000	-17.500000	9.770007e+04	2.991122e+01	-1.947601e+04	1997	1	6	12
	128	58	160.000000	-17.500000	9.732405e+04	2.772442e+01	-4.066818e+04	1997	1	6	18
	129	57	161.250000	-18.750000	9.740577e+04	2.944863e+01	-2.938072e+04	1997	1	7	0
	130	57	162.500000	-18.750000	9.721658e+04	2.684854e+01	-2.802741e+04	1997	1	7	6
	130	56	162.500000	-20.000000	9.765132e+04	2.692206e+01	-3.476457e+04	1997	1	7	12
	131	55	163.750000	-21.250000	9.765278e+04	2.777254e+01	-3.499993e+04	1997	1	7	18
	133	53	166.250000	-23.750000	9.844800e+04	2.151997e+01	-2.790973e+04	1997	1	8	12
	134	52	167.500000	-25.000000	9.840566e+04	2.398271e+01	-1.082654e+04	1997	1	8	18
	134	50	167.500000	-27.500000	9.855491e+04	2.360087e+01	-9.257478e+03	1997	1	9	0
	135	49	168.750000	-28.750000	9.848804e+04	2.246024e+01	-3.063597e+04	1997	1	9	6
start	22	1997	4	16	12
	116	81	145.000000	11.250000	9.850945e+04	2.469094e+01	-4.420838e+04	1997	4	16	12
	115	81	143.750000	11.250000	9.822771e+04	2.555163e+01	-6.604779e+04	1997	4	16	18
	115	81	143.750000	11.250000	9.857095e+04	2.475273e+01	-6.604779e+04	1997	4	17	0
	114	82	142.500000	12.500000	9.855244e+04	2.520257e+01	-3.787328e+04	1997	4	17	12
	113	82	141.250000	12.500000	9.818948e+04	2.615993e+01	-2.396745e+04	1997	4	17	18
	112	82	140.000000	12.500000	9.875105e+04	2.615602e+01	-4.109967e+04	1997	4	18	0
	112	83	140.000000	13.750000	9.797483e+04	2.676167e+01	-4.849388e+04	1997	4	18	6
	111	83	138.750000	13.750000	9.773709e+04	3.095522e+01	-4.787607e+04	1997	4	18	18
	111	83	138.750000	13.750000	9.801018e+04	3.077528e+01	-4.787607e+04	1997	4	19	0
	111	84	138.750000	15.000000	9.718389e+04	3.140247e+01	-4.841543e+04	1997	4	19	6
	110	84	137.500000	15.000000	9.707800e+04	3.224240e+01	-4.765051e+04	1997	4	19	12
	110	85	137.500000	16.250000	9.683396e+04	3.190688e+01	-5.427000e+04	1997	4	19	18
	110	85	137.500000	16.250000	9.651250e+04	3.465726e+01	-5.427000e+04	1997	4	20	0
	110	86	137.500000	17.500000	9.621834e+04	3.508168e+01	-4.579705e+04	1997	4	20	6
	110	86	137.500000	17.500000	9.648784e+04	3.426945e+01	-4.579705e+04	1997	4	20	12
	110	87	137.500000	18.750000	9.644912e+04	3.620259e+01	-5.098477e+04	1997	4	20	18
	110	88	137.500000	20.000000	9.624568e+04	3.626305e+01	-3.957964e+04	1997	4	21	0
	110	89	137.500000	21.250000	9.640469e+04	3.656033e+01	-4.423780e+04	1997	4	21	6
	111	90	138.750000	22.500000	9.694292e+04	3.379665e+01	-4.738573e+04	1997	4	21	12
	112	91	140.000000	23.750000	9.765232e+04	3.013091e+01	-4.290409e+04	1997	4	21	18
	112	92	140.000000	25.000000	9.809824e+04	3.064383e+01	-2.329079e+04	1997	4	22	0
	113	93	141.250000	26.250000	9.820447e+04	2.931561e+01	-2.641912e+04	1997	4	22	6
start	17	1997	6	9	12
	119	85	148.750000	16.250000	9.905044e+04	2.290932e+01	-4.961184e+04	1997	6	9	12
	119	85	148.750000	16.250000	9.858623e+04	2.482580e+01	-4.961184e+04	1997	6	9	18
	119	86	148.750000	17.500000	9.853862e+04	2.620622e+01	-3.768696e+04	1997	6	10	0
	118	86	147.500000	17.500000	9.827266e+04	3.180396e+01	-5.282842e+04	1997	6	10	6
	118	88	147.500000	20.000000	9.856167e+04	3.106190e+01	-5.305398e+04	1997	6	10	18
	117	88	146.250000	20.000000	9.836382e+04	2.849530e+01	-3.495090e+04	1997	6	11	0
	116	88	145.000000	20.000000	9.765840e+04	3.008103e+01	-2.906691e+04	1997	6	11	6
	115	89	143.750000	21.250000	9.722066e+04	3.432647e+01	-3.914815e+04	1997	6	11	18
	114	90	142.500000	22.500000	9.747083e+04	3.287060e+01	-2.512464e+04	1997	6	12	0
	114	90	142.500000	22.500000	9.753108e+04	3.022665e+01	-2.512464e+04	1997	6	12	6
	113	91	141.250000	23.750000	9.791848e+04	3.115616e+01	-1.710280e+04	1997	6	12	12
	113	92	141.250000	25.000000	9.776089e+04	3.428961e+01	-1.501398e+04	1997	6	12	18
	113	93	141.250000	26.250000	9.833320e+04	3.019420e+01	-2.641912e+04	1997	6	13	0
	114	94	142.500000	27.500000	9.830315e+04	2.818491e+01	-1.608291e+04	1997	6	13	6
	114	96	142.500000	30.000000	9.858765e+04	3.009292e+01	-8.422932e+04	1997	6	13	12
	115	97	143.750000	31.250000	9.851684e+04	2.895691e+01	-5.731987e+04	1997	6	13	18
	116	98	145.000000	32.500000	9.899460e+04	2.883765e+01	-4.763090e+04	1997	6	14	0
start	18	1997	7	22	0
	106	86	132.500000	17.500000	9.772839e+04	2.438693e+01	-5.831034e+04	1997	7	22	0
	106	86	132.500000	17.500000	9.732773e+04	2.571031e+01	-5.831034e+04	1997	7	22	6
	106	86	132.500000	17.500000	9.737669e+04	2.846165e+01	-5.831034e+04	1997	7	22	12
	105	87	131.250000	18.750000	9.661343e+04	3.122810e+01	-6.146808e+04	1997	7	22	18
	105	87	131.250000	18.750000	9.644978e+04	3.191691e+01	-6.146808e+04	1997	7	23	0
	105	88	131.250000	20.000000	9.574690e+04	3.468039e+01	-5.822208e+04	1997	7	23	6
	106	88	132.500000	20.000000	9.578874e+04	3.471194e+01	-5.946753e+04	1997	7	23	12
	106	89	132.500000	21.250000	9.539736e+04	3.545943e+01	-5.731987e+04	1997	7	23	18
	106	90	132.500000	22.500000	9.523606e+04	3.902345e+01	-5.560371e+04	1997	7	24	0
	106	91	132.500000	23.750000	9.537483e+04	3.656447e+01	-3.348971e+04	1997	7	24	6
	107	92	133.750000	25.000000	9.605169e+04	3.569523e+01	-4.338462e+04	1997	7	24	12
	107	93	133.750000	26.250000	9.576802e+04	3.345840e+01	-5.145549e+04	1997	7	24	18
	107	94	133.750000	27.500000	9.595464e+04	3.556889e+01	-4.648352e+04	1997	7	25	0
	107	95	133.750000	28.750000	9.659080e+04	3.544789e+01	-3.535297e+04	1997	7	25	6
	108	96	135.000000	30.000000	9.654748e+04	3.302285e+01	-4.601280e+04	1997	7	25	12
	108	97	135.000000	31.250000	9.672175e+04	3.125145e+01	-4.267854e+04	1997	7	25	18
	108	97	135.000000	31.250000	9.699853e+04	2.869144e+01	-4.267854e+04	1997	7	26	0
	108	98	135.000000	32.500000	9.772632e+04	2.874646e+01	-4.339443e+04	1997	7	26	6
start	27	1997	8	12	0
	118	86	147.500000	17.500000	9.690881e+04	2.831254e+01	-5.282842e+04	1997	8	12	0
	117	86	146.250000	17.500000	9.597891e+04	3.051040e+01	-2.529135e+04	1997	8	12	6
	116	86	145.000000	17.500000	9.586140e+04	3.444795e+01	-3.332300e+04	1997	8	12	12
	115	87	143.750000	18.750000	9.522608e+04	3.639955e+01	-3.701030e+04	1997	8	12	18
	114	87	142.500000	18.750000	9.480205e+04	3.821712e+01	-3.350932e+04	1997	8	13	0
	114	88	142.500000	20.000000	9.445847e+04	3.958744e+01	-3.101843e+04	1997	8	13	6
	113	88	141.250000	20.000000	9.446475e+04	4.138423e+01	-4.452219e+04	1997	8	13	12
	112	88	140.000000	20.000000	9.451428e+04	3.992789e+01	-4.693462e+04	1997	8	13	18
	111	89	138.750000	21.250000	9.455186e+04	3.761618e+01	-4.345327e+04	1997	8	14	0
	111	89	138.750000	21.250000	9.394402e+04	4.106032e+01	-4.345327e+04	1997	8	14	6
	110	89	137.500000	21.250000	9.471455e+04	3.994336e+01	-4.423780e+04	1997	8	14	12
	109	90	136.250000	22.500000	9.430930e+04	3.720937e+01	-5.133781e+04	1997	8	14	18
	109	90	136.250000	22.500000	9.485425e+04	3.917360e+01	-5.133781e+04	1997	8	15	0
	108	90	135.000000	22.500000	9.482134e+04	3.453645e+01	-3.461747e+04	1997	8	15	6
	107	91	133.750000	23.750000	9.525588e+04	3.393610e+01	-4.392398e+04	1997	8	15	12
	107	91	133.750000	23.750000	9.532698e+04	3.286747e+01	-4.392398e+04	1997	8	15	18
	106	91	132.500000	23.750000	9.539021e+04	3.170412e+01	-3.348971e+04	1997	8	16	0
	105	91	131.250000	23.750000	9.530073e+04	3.231373e+01	-4.479678e+04	1997	8	16	6
	104	91	130.000000	23.750000	9.547998e+04	3.117063e+01	-3.875588e+04	1997	8	16	12
	103	91	128.750000	23.750000	9.576382e+04	2.812870e+01	-5.602539e+04	1997	8	16	18
	102	92	127.500000	25.000000	9.598845e+04	2.950221e+01	-3.566679e+04	1997	8	17	0
	102	92	127.500000	25.000000	9.566780e+04	2.787622e+01	-3.566679e+04	1997	8	17	6
	101	92	126.250000	25.000000	9.576013e+04	2.900362e+01	-1.010085e+04	1997	8	17	12
	100	93	125.000000	26.250000	9.570996e+04	2.982271e+01	-1.324878e+04	1997	8	17	18
	99	93	123.750000	26.250000	9.586673e+04	3.088039e+01	-1.343511e+03	1997	8	18	0
	98	94	122.500000	27.500000	9.598819e+04	3.133183e+01	-9.022118e+02	1997	8	18	6
	97	94	121.250000	27.500000	9.700163e+04	2.787701e+01	-2.647795e+02	1997	8	18	12
start	14	1997	8	25	6
	103	86	128.750000	17.500000	9.815093e+04	2.537795e+01	-5.144569e+04	1997	8	25	6
	102	86	127.500000	17.500000	9.792820e+04	2.641940e+01	-5.123975e+04	1997	8	25	18
	102	86	127.500000	17.500000	9.803943e+04	2.889695e+01	-5.123975e+04	1997	8	26	0
	102	87	127.500000	18.750000	9.794355e+04	2.826756e+01	-4.806239e+04	1997	8	26	6
	102	87	127.500000	18.750000	9.823171e+04	2.660847e+01	-4.806239e+04	1997	8	26	12
	101	87	126.250000	18.750000	9.777005e+04	2.886603e+01	-5.550564e+04	1997	8	26	18
	101	87	126.250000	18.750000	9.779553e+04	2.803957e+01	-5.550564e+04	1997	8	27	0
	101	88	126.250000	20.000000	9.784690e+04	2.818950e+01	-5.191641e+04	1997	8	27	6
	100	88	125.000000	20.000000	9.752212e+04	2.868663e+01	-5.751600e+04	1997	8	27	12
	100	88	125.000000	20.000000	9.770188e+04	2.939930e+01	-5.751600e+04	1997	8	27	18
	99	89	123.750000	21.250000	9.778972e+04	2.869359e+01	-4.935687e+04	1997	8	28	0
	98	89	122.500000	21.250000	9.760122e+04	2.954118e+01	-4.683656e+04	1997	8	28	6
	98	90	122.500000	22.500000	9.758108e+04	3.158278e+01	-4.853311e+04	1997	8	28	12
	97	91	121.250000	23.750000	9.852956e+04	2.446870e+01	2.383997e+04	1997	8	28	18
start	17	1997	8	31	6
	111	87	138.750000	18.750000	9.846374e+04	2.382978e+01	-4.945494e+04	1997	8	31	6
	111	88	138.750000	20.000000	9.829206e+04	2.424749e+01	-4.463006e+04	1997	8	31	12
	111	89	138.750000	21.250000	9.768123e+04	2.629564e+01	-4.345327e+04	1997	8	31	18
	111	90	138.750000	22.500000	9.755134e+04	2.916620e+01	-4.738573e+04	1997	9	1	0
	111	91	138.750000	23.750000	9.709304e+04	2.878060e+01	-5.364238e+04	1997	9	1	6
	111	92	138.750000	25.000000	9.696033e+04	3.048804e+01	-4.883712e+04	1997	9	1	12
	111	93	138.750000	26.250000	9.686272e+04	3.152165e+01	-4.813104e+04	1997	9	1	18
	111	94	138.750000	27.500000	9.698559e+04	3.195496e+01	-4.430645e+04	1997	9	2	0
	110	94	137.500000	27.500000	9.718926e+04	3.237696e+01	-4.528711e+04	1997	9	2	6
	111	95	138.750000	28.750000	9.637141e+04	3.611883e+01	-3.506858e+04	1997	9	2	12
	112	96	140.000000	30.000000	9.681184e+04	3.441855e+01	-2.914536e+04	1997	9	2	18
	113	97	141.250000	31.250000	9.701367e+04	3.541880e+01	-3.368584e+04	1997	9	3	0
	114	98	142.500000	32.500000	9.673819e+04	3.377464e+01	-7.432460e+04	1997	9	3	6
	115	99	143.750000	33.750000	9.701780e+04	3.379661e+01	-4.610106e+04	1997	9	3	12
	117	100	146.250000	35.000000	9.720566e+04	3.207779e+01	-5.796711e+04	1997	9	3	18
	120	101	150.000000	36.250000	9.738286e+04	3.307006e+01	-5.798672e+04	1997	9	4	0
	124	104	155.000000	40.000000	9.850244e+04	2.796901e+01	-5.462304e+04	1997	9	4	12
start	27	1997	9	9	12
	124	87	155.000000	18.750000	9.821011e+04	2.601054e+01	-5.558409e+04	1997	9	9	12
	123	87	153.750000	18.750000	9.732119e+04	2.893360e+01	-5.653534e+04	1997	9	9	18
	121	87	151.250000	18.750000	9.704780e+04	3.418392e+01	-5.446613e+04	1997	9	10	0
	121	87	151.250000	18.750000	9.614262e+04	3.191835e+01	-5.446613e+04	1997	9	10	6
	119	88	148.750000	20.000000	9.678277e+04	3.532878e+01	-3.851071e+04	1997	9	10	12
	118	87	147.500000	18.750000	9.583056e+04	3.738610e+01	-3.961887e+04	1997	9	10	18
	117	88	146.250000	20.000000	9.565977e+04	3.591401e+01	-3.495090e+04	1997	9	11	0
	116	88	145.000000	20.000000	9.505534e+04	3.622338e+01	-2.906691e+04	1997	9	11	6
	115	88	143.750000	20.000000	9.541223e+04	3.989314e+01	-2.979260e+04	1997	9	11	12
	114	89	142.500000	21.250000	9.559619e+04	3.780333e+01	-3.457825e+04	1997	9	11	18
	113	89	141.250000	21.250000	9.514204e+04	4.044405e+01	-4.210975e+04	1997	9	12	0
	112	89	140.000000	21.250000	9.553891e+04	3.779591e+01	-4.628739e+04	1997	9	12	6
	111	90	138.750000	22.500000	9.516670e+04	4.054449e+01	-4.738573e+04	1997	9	12	12
	110	91	137.500000	23.750000	9.596003e+04	3.630383e+01	-4.869982e+04	1997	9	12	18
	109	91	136.250000	23.750000	9.595784e+04	3.698912e+01	-3.815768e+04	1997	9	13	0
	108	92	135.000000	25.000000	9.593525e+04	3.547989e+01	-5.182814e+04	1997	9	13	6
	107	93	133.750000	26.250000	9.638313e+04	3.597113e+01	-5.145549e+04	1997	9	13	12
	106	93	132.500000	26.250000	9.627131e+04	3.335432e+01	-5.280881e+04	1997	9	13	18
	105	94	131.250000	27.500000	9.670395e+04	3.357510e+01	-5.623133e+04	1997	9	14	0
	104	94	130.000000	27.500000	9.716480e+04	3.145435e+01	-1.838747e+04	1997	9	14	6
	104	95	130.000000	28.750000	9.706687e+04	3.331964e+01	-3.667687e+03	1997	9	14	12
	104	95	130.000000	28.750000	9.681595e+04	2.947170e+01	-3.667687e+03	1997	9	14	18
	104	95	130.000000	28.750000	9.729165e+04	3.087559e+01	-3.667687e+03	1997	9	15	0
	104	95	130.000000	28.750000	9.751262e+04	2.827207e+01	-3.667687e+03	1997	9	15	6
	103	96	128.750000	30.000000	9.793327e+04	2.739560e+01	-9.404577e+03	1997	9	15	12
	104	96	130.000000	30.000000	9.796582e+04	2.716997e+01	-5.923217e+03	1997	9	15	18
	104	97	130.000000	31.250000	9.853323e+04	2.517878e+01	-2.863542e+03	1997	9	16	0
start	17	1997	9	10	0
	240	95	300.000000	28.750000	9.855093e+04	2.474943e+01	-5.737871e+04	1997	9	10	0
	241	97	301.250000	31.250000	9.860825e+04	2.760707e+01	-5.461323e+04	1997	9	10	6
	241	98	301.250000	32.500000	9.852964e+04	2.632377e+01	-5.295591e+04	1997	9	10	12
	242	99	302.500000	33.750000	9.838369e+04	2.355932e+01	-4.440451e+04	1997	9	10	18
	243	100	303.750000	35.000000	9.869727e+04	2.514608e+01	-5.371102e+04	1997	9	11	0
	244	101	305.000000	36.250000	9.894909e+04	2.628192e+01	-5.249500e+04	1997	9	11	6
	245	101	306.250000	36.250000	9.868411e+04	2.374492e+01	-5.353450e+04	1997	9	11	12
	248	102	310.000000	37.500000	9.826704e+04	2.551447e+01	-5.367180e+04	1997	9	12	0
	250	103	312.500000	38.750000	9.808891e+04	2.424452e+01	-5.285784e+04	1997	9	12	6
	251	103	313.750000	38.750000	9.755108e+04	2.732616e+01	-5.141627e+04	1997	9	12	12
	252	103	315.000000	38.750000	9.743503e+04	2.870032e+01	-5.103380e+04	1997	9	12	18
	253	103	316.250000	38.750000	9.777346e+04	2.611501e+01	-5.059251e+04	1997	9	13	0
	253	103	316.250000	38.750000	9.802900e+04	2.453728e+01	-5.059251e+04	1997	9	13	6
	254	103	317.500000	38.750000	9.822063e+04	2.238195e+01	-4.941571e+04	1997	9	13	12
	255	102	318.750000	37.500000	9.854319e+04	1.988199e+01	-3.816748e+04	1997	9	13	18
	256	102	320.000000	37.500000	9.874145e+04	2.018332e+01	-4.144290e+04	1997	9	14	0
	257	102	321.250000	37.500000	9.867105e+04	2.022789e+01	-3.622577e+04	1997	9	14	6
start	20	1997	9	14	18
	128	88	160.000000	20.000000	9.763470e+04	2.573082e+01	-4.320810e+04	1997	9	14	18
	127	89	158.750000	21.250000	9.754165e+04	2.790705e+01	-4.934706e+04	1997	9	15	0
	125	90	156.250000	22.500000	9.707702e+04	2.822906e+01	-5.437788e+04	1997	9	15	12
	124	90	155.000000	22.500000	9.690957e+04	2.996271e+01	-5.361296e+04	1997	9	15	18
	123	91	153.750000	23.750000	9.677698e+04	3.068380e+01	-4.704250e+04	1997	9	16	0
	122	91	152.500000	23.750000	9.646038e+04	3.118090e+01	-5.167124e+04	1997	9	16	6
	121	92	151.250000	25.000000	9.690339e+04	3.148818e+01	-5.619211e+04	1997	9	16	12
	119	92	148.750000	25.000000	9.662766e+04	3.267839e+01	-3.925602e+04	1997	9	16	18
	118	92	147.500000	25.000000	9.662573e+04	3.378980e+01	-5.660398e+04	1997	9	17	0
	117	93	146.250000	26.250000	9.653726e+04	3.055375e+01	-5.264210e+04	1997	9	17	6
	116	93	145.000000	26.250000	9.672459e+04	3.164567e+01	-2.260433e+04	1997	9	17	12
	115	94	143.750000	27.500000	9.674627e+04	3.066123e+01	-6.713633e+04	1997	9	17	18
	114	94	142.500000	27.500000	9.731191e+04	2.946282e+01	-1.608291e+04	1997	9	18	0
	113	95	141.250000	28.750000	9.720012e+04	2.711163e+01	-3.943254e+04	1997	9	18	6
	113	96	141.250000	30.000000	9.748066e+04	2.679094e+01	-3.679455e+04	1997	9	18	12
	114	99	142.500000	33.750000	9.755569e+04	2.790610e+01	-6.755802e+04	1997	9	19	0
	115	101	143.750000	36.250000	9.760152e+04	2.761590e+01	-5.413271e+04	1997	9	19	6
	117	103	146.250000	38.750000	9.777307e+04	2.914399e+01	-5.209293e+04	1997	9	19	12
	120	106	150.000000	42.500000	9.738298e+04	2.635280e+01	-4.785645e+04	1997	9	19	18
	123	108	153.750000	45.000000	9.668218e+04	2.633526e+01	-5.302455e+04	1997	9	20	0
start	16	1997	9	26	12
	128	89	160.000000	21.250000	9.884502e+04	2.174274e+01	-1.597503e+04	1997	9	26	12
	128	89	160.000000	21.250000	9.810425e+04	2.581919e+01	-1.597503e+04	1997	9	26	18
	127	90	158.750000	22.500000	9.804180e+04	2.690563e+01	-5.370121e+04	1997	9	27	0
	127	90	158.750000	22.500000	9.686814e+04	3.056568e+01	-5.370121e+04	1997	9	27	6
	127	90	158.750000	22.500000	9.710620e+04	3.435275e+01	-5.370121e+04	1997	9	27	12
	126	91	157.500000	23.750000	9.642686e+04	3.395474e+01	-4.752303e+04	1997	9	27	18
	126	92	157.500000	25.000000	9.675227e+04	3.583484e+01	-5.694721e+04	1997	9	28	0
	126	93	157.500000	26.250000	9.686272e+04	3.560944e+01	-5.974211e+04	1997	9	28	6
	126	93	157.500000	26.250000	9.674304e+04	3.451153e+01	-5.974211e+04	1997	9	28	12
	126	95	157.500000	28.750000	9.660315e+04	3.688622e+01	-5.827111e+04	1997	9	28	18
	127	96	158.750000	30.000000	9.671680e+04	3.367043e+01	-5.719238e+04	1997	9	29	0
	128	97	160.000000	31.250000	9.634844e+04	3.720025e+01	-4.594416e+04	1997	9	29	6
	129	99	161.250000	33.750000	9.658952e+04	3.757001e+01	-5.072980e+04	1997	9	29	12
	132	101	165.000000	36.250000	9.670705e+04	3.697123e+01	-5.396600e+04	1997	9	29	18
	134	104	167.500000	40.000000	9.664351e+04	3.670486e+01	-5.073961e+04	1997	9	30	0
	137	106	171.250000	42.500000	9.649214e+04	3.011828e+01	-5.723161e+04	1997	9	30	6
start	29	1997	10	16	18
	123	83	153.750000	13.750000	9.854119e+04	2.597721e+01	-5.937927e+04	1997	10	16	18
	121	83	151.250000	13.750000	9.844260e+04	2.941489e+01	-5.934004e+04	1997	10	17	0
	120	84	150.000000	15.000000	9.796235e+04	2.951763e+01	-5.715316e+04	1997	10	17	6
	119	84	148.750000	15.000000	9.765925e+04	3.519875e+01	-5.579003e+04	1997	10	17	12
	118	84	147.500000	15.000000	9.714150e+04	3.572233e+01	-8.318001e+04	1997	10	17	18
	116	85	145.000000	16.250000	9.759309e+04	3.283899e+01	-3.610809e+04	1997	10	18	0
	114	86	142.500000	17.500000	9.735110e+04	3.653715e+01	-4.119774e+04	1997	10	18	18
	112	87	140.000000	18.750000	9.665117e+04	3.746737e+01	-4.778780e+04	1997	10	19	6
	111	87	138.750000	18.750000	9.705996e+04	3.729509e+01	-4.945494e+04	1997	10	19	12
	111	88	138.750000	20.000000	9.751643e+04	3.207115e+01	-4.463006e+04	1997	10	19	18
	110	88	137.500000	20.000000	9.709099e+04	3.409461e+01	-3.957964e+04	1997	10	20	0
	110	89	137.500000	21.250000	9.695469e+04	3.221042e+01	-4.423780e+04	1997	10	20	6
	109	89	136.250000	21.250000	9.649859e+04	3.510643e+01	-4.870963e+04	1997	10	20	12
	110	90	137.500000	22.500000	9.664888e+04	3.690268e+01	-4.242357e+04	1997	10	20	18
	109	91	136.250000	23.750000	9.707849e+04	3.335949e+01	-3.815768e+04	1997	10	21	0
	110	91	137.500000	23.750000	9.649878e+04	3.536287e+01	-4.869982e+04	1997	10	21	6
	110	92	137.500000	25.000000	9.678384e+04	3.387073e+01	-4.471832e+04	1997	10	21	12
	112	93	140.000000	26.250000	9.666460e+04	3.372839e+01	-3.676513e+04	1997	10	21	18
	113	94	141.250000	27.500000	9.755193e+04	3.131489e+01	-4.037398e+04	1997	10	22	0
	114	94	142.500000	27.500000	9.740388e+04	3.191446e+01	-1.608291e+04	1997	10	22	6
	116	95	145.000000	28.750000	9.750115e+04	2.919455e+01	-5.797691e+04	1997	10	22	12
	118	95	147.500000	28.750000	9.763975e+04	2.927001e+01	-5.971269e+04	1997	10	22	18
	120	95	150.000000	28.750000	9.789973e+04	2.700776e+01	-5.856531e+04	1997	10	23	0
	122	96	152.500000	30.000000	9.761374e+04	2.783821e+01	-5.851628e+04	1997	10	23	6
	124	96	155.000000	30.000000	9.775896e+04	2.622948e+01	-5.576061e+04	1997	10	23	12
	126	96	157.500000	30.000000	9.780742e+04	2.809756e+01	-5.625095e+04	1997	10	23	18
	129	96	161.250000	30.000000	9.781758e+04	2.700634e+01	-5.832995e+04	1997	10	24	0
	131	96	163.750000	30.000000	9.779888e+04	2.876411e+01	-5.853589e+04	1997	10	24	6
	134	96	167.500000	30.000000	9.795845e+04	2.752324e+01	-5.898700e+04	1997	10	24	12
start	11	1997	10	17	18
	103	84	128.750000	15.000000	9.824150e+04	3.022571e+01	-5.486821e+04	1997	10	17	18
	101	84	126.250000	15.000000	9.725108e+04	3.388477e+01	-5.375025e+04	1997	10	18	6
	100	85	125.000000	16.250000	9.754798e+04	3.165211e+01	-2.950821e+04	1997	10	18	18
	100	85	125.000000	16.250000	9.788936e+04	2.914756e+01	-2.950821e+04	1997	10	19	0
	99	86	123.750000	17.500000	9.777930e+04	3.216421e+01	-4.883712e+04	1997	10	19	6
	98	86	122.500000	17.500000	9.853496e+04	2.416768e+01	-2.637008e+04	1997	10	19	12
	98	87	122.500000	18.750000	9.895705e+04	2.213093e+01	-1.695570e+04	1997	10	19	18
	98	87	122.500000	18.750000	9.934724e+04	2.076448e+01	-1.695570e+04	1997	10	20	0
	98	87	122.500000	18.750000	9.912031e+04	2.070413e+01	-1.695570e+04	1997	10	20	6
	98	87	122.500000	18.750000	9.942359e+04	1.981185e+01	-1.695570e+04	1997	10	20	12
	100	88	125.000000	20.000000	9.950259e+04	2.055378e+01	-5.751600e+04	1997	10	21	12
start	29	1997	10	31	18
	124	81	155.000000	11.250000	9.840212e+04	2.581956e+01	-5.695702e+04	1997	10	31	18
	122	81	152.500000	11.250000	9.806148e+04	3.020086e+01	-5.758465e+04	1997	11	1	0
	121	82	151.250000	12.500000	9.764004e+04	3.290768e+01	-5.781020e+04	1997	11	1	6
	120	82	150.000000	12.500000	9.713281e+04	3.262739e+01	-5.880067e+04	1997	11	1	12
	119	83	148.750000	13.750000	9.673186e+04	3.799046e+01	-5.661379e+04	1997	11	1	18
	118	83	147.500000	13.750000	9.725298e+04	3.405337e+01	-6.373342e+04	1997	11	2	0
	117	84	146.250000	15.000000	9.680623e+04	3.718534e+01	-4.236473e+04	1997	11	2	6
	115	84	143.750000	15.000000	9.703555e+04	3.463791e+01	-3.235214e+04	1997	11	2	12
	114	84	142.500000	15.000000	9.702803e+04	3.565696e+01	-4.126638e+04	1997	11	2	18
	113	84	141.250000	15.000000	9.704338e+04	3.542522e+01	-4.710134e+04	1997	11	3	0
	112	85	140.000000	16.250000	9.700894e+04	3.277109e+01	-4.522827e+04	1997	11	3	6
	111	85	138.750000	16.250000	9.713042e+04	3.382635e+01	-4.465948e+04	1997	11	3	12
	110	85	137.500000	16.250000	9.660803e+04	3.435548e+01	-5.427000e+04	1997	11	3	18
	110	85	137.500000	16.250000	9.681028e+04	3.330222e+01	-5.427000e+04	1997	11	4	0
	109	85	136.250000	16.250000	9.616533e+04	3.568250e+01	-4.912151e+04	1997	11	4	6
	108	85	135.000000	16.250000	9.708555e+04	3.391074e+01	-3.576485e+04	1997	11	4	12
	108	86	135.000000	17.500000	9.639143e+04	3.413713e+01	-3.872646e+04	1997	11	4	18
	108	86	135.000000	17.500000	9.660823e+04	3.250272e+01	-3.872646e+04	1997	11	5	0
	108	87	135.000000	18.750000	9.629756e+04	3.415266e+01	-5.540757e+04	1997	11	5	6
	108	87	135.000000	18.750000	9.692563e+04	3.374196e+01	-5.540757e+04	1997	11	5	12
	109	88	136.250000	20.000000	9.714267e+04	3.138127e+01	-3.398004e+04	1997	11	5	18
	109	88	136.250000	20.000000	9.760710e+04	3.069996e+01	-3.398004e+04	1997	11	6	0
	110	89	137.500000	21.250000	9.757112e+04	3.096485e+01	-4.423780e+04	1997	11	6	6
	110	90	137.500000	22.500000	9.756944e+04	3.166036e+01	-4.242357e+04	1997	11	6	12
	111	91	138.750000	23.750000	9.771888e+04	3.005686e+01	-5.364238e+04	1997	11	6	18
	112	91	140.000000	23.750000	9.861084e+04	2.688392e+01	-4.290409e+04	1997	11	7	0
	113	92	141.250000	25.000000	9.853738e+04	2.794753e+01	-1.501398e+04	1997	11	7	6
	116	94	145.000000	27.500000	9.873266e+04	2.714211e+01	-5.262248e+04	1997	11	7	18
	119	95	148.750000	28.750000	9.907134e+04	2.632727e+01	-6.080123e+04	1997	11	8	0
start	16	1997	12	12	12
	132	78	165.000000	7.500000	9.891931e+04	2.410046e+01	-5.096516e+04	1997	12	12	12
	130	79	162.500000	8.750000	9.882624e+04	2.636828e+01	-4.037398e+04	1997	12	13	0
	127	80	158.750000	10.000000	9.865718e+04	2.503630e+01	-5.129859e+04	1997	12	13	18
	126	80	157.500000	10.000000	9.886516e+04	2.902913e+01	-5.283823e+04	1997	12	14	0
	125	81	156.250000	11.250000	9.859060e+04	2.570357e+01	-5.407387e+04	1997	12	14	6
	123	81	153.750000	11.250000	9.852246e+04	3.077073e+01	-5.704528e+04	1997	12	14	12
	122	81	152.500000	11.250000	9.813926e+04	3.001501e+01	-5.758465e+04	1997	12	14	18
	121	82	151.250000	12.500000	9.841084e+04	3.185555e+01	-5.781020e+04	1997	12	15	0
	119	82	148.750000	12.500000	9.784488e+04	3.328160e+01	-5.694721e+04	1997	12	15	6
	119	82	148.750000	12.500000	9.804483e+04	3.051040e+01	-5.694721e+04	1997	12	15	12
	118	83	147.500000	13.750000	9.779837e+04	3.321382e+01	-6.373342e+04	1997	12	15	18
	117	83	146.250000	13.750000	9.802895e+04	2.940119e+01	-5.927139e+04	1997	12	16	0
	116	83	145.000000	13.750000	9.793496e+04	3.328041e+01	-8.924052e+03	1997	12	16	6
	115	83	143.750000	13.750000	9.792722e+04	3.188251e+01	-3.540201e+04	1997	12	16	12
	115	83	143.750000	13.750000	9.788266e+04	2.826707e+01	-3.540201e+04	1997	12	16	18
	114	83	142.500000	13.750000	9.810859e+04	3.152641e+01	-2.415378e+04	1997	12	17	0
start	15	1998	1	5	18
	136	60	170.000000	-15.000000	9.785095e+04	2.247509e+01	-3.342106e+04	1998	1	5	18
	136	59	170.000000	-16.250000	9.748101e+04	2.579929e+01	-3.187161e+04	1998	1	6	6
	137	59	171.250000	-16.250000	9.733350e+04	2.840143e+01	-3.238156e+04	1998	1	6	12
	138	58	172.500000	-17.500000	9.706155e+04	2.865379e+01	-3.114592e+04	1998	1	6	18
	139	57	173.750000	-18.750000	9.669021e+04	2.910398e+01	-3.154799e+04	1998	1	7	6
	140	56	175.000000	-20.000000	9.686050e+04	2.979771e+01	-2.741939e+04	1998	1	7	12
	141	55	176.250000	-21.250000	9.656035e+04	2.778226e+01	-2.027035e+04	1998	1	7	18
	142	54	177.500000	-22.500000	9.702290e+04	3.132146e+01	-4.137426e+04	1998	1	8	0
	144	53	180.000000	-23.750000	9.718887e+04	2.727909e+01	-2.354577e+04	1998	1	8	6
	145	52	181.250000	-25.000000	9.697995e+04	2.562202e+01	-1.216025e+04	1998	1	8	12
	147	51	183.750000	-26.250000	9.693425e+04	2.707076e+01	-3.505877e+04	1998	1	8	18
	148	49	185.000000	-28.750000	9.676907e+04	2.628679e+01	-5.395619e+04	1998	1	9	0
	150	47	187.500000	-31.250000	9.657359e+04	2.690902e+01	-3.296015e+04	1998	1	9	6
	152	45	190.000000	-33.750000	9.630078e+04	3.122336e+01	-5.429942e+04	1998	1	9	12
	153	42	191.250000	-37.500000	9.596655e+04	2.936719e+01	-4.483600e+04	1998	1	9	18
start	10	1999	8	28	6
	242	95	302.500000	28.750000	9.946528e+04	2.367478e+01	-5.435826e+04	1999	8	28	6
	242	96	302.500000	30.000000	9.943630e+04	2.439677e+01	-5.211254e+04	1999	8	28	12
	241	97	301.250000	31.250000	9.925618e+04	2.855083e+01	-5.461323e+04	1999	8	28	18
	241	97	301.250000	31.250000	9.923052e+04	2.508723e+01	-5.461323e+04	1999	8	29	0
	241	98	301.250000	32.500000	9.929690e+04	2.515908e+01	-5.295591e+04	1999	8	29	6
	242	99	302.500000	33.750000	9.928003e+04	2.516928e+01	-4.440451e+04	1999	8	29	18
	243	99	303.750000	33.750000	9.960825e+04	2.550531e+01	-5.343644e+04	1999	8	30	0
	244	100	305.000000	35.000000	9.966682e+04	2.186155e+01	-5.081806e+04	1999	8	30	6
	244	100	305.000000	35.000000	9.961311e+04	2.191149e+01	-5.081806e+04	1999	8	30	12
	245	101	306.250000	36.250000	9.957066e+04	2.421767e+01	-5.353450e+04	1999	8	30	18
start	15	1999	9	13	6
	232	91	290.000000	23.750000	9.866145e+04	2.444302e+01	-5.399541e+04	1999	9	13	6
	231	91	288.750000	23.750000	9.858333e+04	2.714288e+01	-5.422097e+04	1999	9	13	12
	230	91	287.500000	23.750000	9.832148e+04	2.766299e+01	-5.283823e+04	1999	9	13	18
	229	91	286.250000	23.750000	9.813730e+04	2.721510e+01	-4.980798e+04	1999	9	14	0
	228	92	285.000000	25.000000	9.758355e+04	2.800724e+01	-4.584609e+04	1999	9	14	6
	227	92	283.750000	25.000000	9.758027e+04	2.944037e+01	-6.864655e+01	1999	9	14	12
	226	93	282.500000	26.250000	9.768066e+04	2.596878e+01	-1.961330e+01	1999	9	14	18
	226	94	282.500000	27.500000	9.745515e+04	2.866643e+01	-1.387641e+04	1999	9	15	0
	225	95	281.250000	28.750000	9.742671e+04	2.714528e+01	-8.551398e+03	1999	9	15	6
	225	95	281.250000	28.750000	9.747854e+04	3.333820e+01	-8.551398e+03	1999	9	15	12
	225	96	281.250000	30.000000	9.748581e+04	2.919521e+01	-7.786480e+03	1999	9	15	18
	225	98	281.250000	32.500000	9.761619e+04	2.846017e+01	-8.237586e+02	1999	9	16	0
	226	99	282.500000	33.750000	9.776223e+04	2.669927e+01	-2.451662e+02	1999	9	16	6
	227	100	283.750000	35.000000	9.820322e+04	2.553511e+01	-9.806650e+00	1999	9	16	12
	229	104	286.250000	40.000000	9.828494e+04	2.344143e+01	-2.745862e+02	1999	9	17	0
start	21	1999	9	18	6
	242	89	302.500000	21.250000	9.901287e+04	2.592359e+01	-4.891557e+04	1999	9	18	6
	242	90	302.500000	22.500000	9.911797e+04	2.384803e+01	-5.750620e+04	1999	9	18	12
	242	90	302.500000	22.500000	9.892239e+04	2.537963e+01	-5.750620e+04	1999	9	18	18
	241	91	301.250000	23.750000	9.885459e+04	2.650168e+01	-6.121311e+04	1999	9	19	0
	241	91	301.250000	23.750000	9.835727e+04	2.878352e+01	-6.121311e+04	1999	9	19	6
	240	92	300.000000	25.000000	9.860403e+04	2.595823e+01	-5.647650e+04	1999	9	19	12
	240	92	300.000000	25.000000	9.820696e+04	2.677949e+01	-5.647650e+04	1999	9	19	18
	239	93	298.750000	26.250000	9.821241e+04	2.893898e+01	-5.844763e+04	1999	9	20	0
	239	93	298.750000	26.250000	9.826233e+04	2.851717e+01	-5.844763e+04	1999	9	20	6
	238	94	297.500000	27.500000	9.806241e+04	2.495677e+01	-5.735910e+04	1999	9	20	12
	238	95	297.500000	28.750000	9.799327e+04	2.950706e+01	-5.290688e+04	1999	9	20	18
	238	95	297.500000	28.750000	9.793848e+04	2.711411e+01	-5.290688e+04	1999	9	21	0
	238	96	297.500000	30.000000	9.784827e+04	2.669605e+01	-5.003353e+04	1999	9	21	6
	238	97	297.500000	31.250000	9.780391e+04	2.808338e+01	-4.432606e+04	1999	9	21	12
	238	98	297.500000	32.500000	9.777202e+04	2.746126e+01	-4.585589e+04	1999	9	21	18
	239	99	298.750000	33.750000	9.777563e+04	2.980538e+01	-4.290409e+04	1999	9	22	0
	240	101	300.000000	36.250000	9.748423e+04	3.141641e+01	-5.001391e+04	1999	9	22	6
	241	103	301.250000	38.750000	9.792984e+04	2.751609e+01	-5.083767e+04	1999	9	22	12
	241	104	301.250000	40.000000	9.777971e+04	2.866175e+01	-5.058270e+04	1999	9	22	18
	243	106	303.750000	42.500000	9.783294e+04	2.505843e+01	-4.175671e+04	1999	9	23	0
	245	107	306.250000	43.750000	9.804551e+04	2.816740e+01	-3.440173e+04	1999	9	23	6
start	13	2003	9	5	6
	236	95	295.000000	28.750000	9.945569e+04	2.542238e+01	-4.952358e+04	2003	9	5	6
	235	97	293.750000	31.250000	9.951111e+04	2.425609e+01	-4.775839e+04	2003	9	5	18
	236	99	295.000000	33.750000	9.916235e+04	3.041602e+01	-4.620893e+04	2003	9	6	0
	237	100	296.250000	35.000000	9.882339e+04	3.096720e+01	-4.952358e+04	2003	9	6	6
	237	101	296.250000	36.250000	9.916665e+04	2.317918e+01	-4.966088e+04	2003	9	6	12
	239	101	298.750000	36.250000	9.906687e+04	2.726493e+01	-4.630700e+04	2003	9	6	18
	243	103	303.750000	38.750000	9.870742e+04	2.616429e+01	-5.206350e+04	2003	9	7	6
	247	106	308.750000	42.500000	9.788516e+04	3.035115e+01	-2.413417e+04	2003	9	7	18
	250	107	312.500000	43.750000	9.825638e+04	2.972326e+01	-3.920699e+04	2003	9	8	0
	252	109	315.000000	46.250000	9.794612e+04	3.128155e+01	-1.884838e+04	2003	9	8	6
	255	111	318.750000	48.750000	9.793330e+04	2.852773e+01	-4.341404e+04	2003	9	8	12
	258	114	322.500000	52.500000	9.798127e+04	2.475641e+01	-3.639248e+04	2003	9	8	18
	262	116	327.500000	55.000000	9.793003e+04	2.376512e+01	-2.642892e+04	2003	9	9	0
start	22	2003	9	14	6
	236	91	295.000000	23.750000	9.952046e+04	1.980295e+01	-5.743755e+04	2003	9	14	6
	236	91	295.000000	23.750000	9.951944e+04	2.451533e+01	-5.743755e+04	2003	9	14	12
	234	91	292.500000	23.750000	9.928281e+04	2.353598e+01	-5.646669e+04	2003	9	14	18
	234	91	292.500000	23.750000	9.926087e+04	2.407384e+01	-5.646669e+04	2003	9	15	0
	233	92	291.250000	25.000000	9.868848e+04	2.500163e+01	-5.518202e+04	2003	9	15	6
	232	92	290.000000	25.000000	9.868518e+04	2.722575e+01	-5.453478e+04	2003	9	15	12
	232	92	290.000000	25.000000	9.825083e+04	2.941773e+01	-5.453478e+04	2003	9	15	18
	232	93	290.000000	26.250000	9.847376e+04	2.799436e+01	-5.389735e+04	2003	9	16	0
	232	93	290.000000	26.250000	9.843201e+04	2.513486e+01	-5.389735e+04	2003	9	16	6
	231	93	288.750000	26.250000	9.869516e+04	3.067125e+01	-5.395619e+04	2003	9	16	12
	231	94	288.750000	27.500000	9.801960e+04	3.008881e+01	-5.338740e+04	2003	9	16	18
	231	95	288.750000	28.750000	9.824629e+04	2.950382e+01	-5.330895e+04	2003	9	17	0
	230	95	287.500000	28.750000	9.788101e+04	2.986616e+01	-4.464968e+04	2003	9	17	6
	230	96	287.500000	30.000000	9.752370e+04	3.485484e+01	-5.161240e+04	2003	9	17	12
	230	96	287.500000	30.000000	9.800808e+04	2.910576e+01	-5.161240e+04	2003	9	17	18
	229	97	286.250000	31.250000	9.749546e+04	3.124494e+01	-5.011198e+04	2003	9	18	0
	229	98	286.250000	32.500000	9.713472e+04	3.762774e+01	-4.952358e+04	2003	9	18	6
	228	99	285.000000	33.750000	9.740842e+04	3.742754e+01	-3.476457e+04	2003	9	18	12
	227	100	283.750000	35.000000	9.760005e+04	2.963877e+01	-9.806650e+00	2003	9	18	18
	226	101	282.500000	36.250000	9.843173e+04	2.015328e+01	3.432328e+02	2003	9	19	0
	225	102	281.250000	37.500000	9.938743e+04	1.238517e+01	1.941717e+03	2003	9	19	6
	224	105	280.000000	41.250000	9.985069e+04	9.519475e+00	4.265893e+03	2003	9	19	12
start	15	2004	9	2	0
	231	90	288.750000	22.500000	9.963823e+04	2.241398e+01	-5.030811e+04	2004	9	2	0
	230	90	287.500000	22.500000	9.905005e+04	2.639216e+01	-3.044965e+04	2004	9	2	6
	229	91	286.250000	23.750000	9.936380e+04	2.339885e+01	-4.980798e+04	2004	9	2	12
	229	91	286.250000	23.750000	9.935845e+04	2.281802e+01	-4.980798e+04	2004	9	2	18
	228	91	285.000000	23.750000	9.913648e+04	2.840507e+01	-3.550007e+03	2004	9	3	0
	227	92	283.750000	25.000000	9.913567e+04	2.581361e+01	-6.864655e+01	2004	9	3	6
	227	92	283.750000	25.000000	9.885445e+04	2.735702e+01	-6.864655e+01	2004	9	3	12
	226	93	282.500000	26.250000	9.916370e+04	2.763656e+01	-1.961330e+01	2004	9	3	18
	226	93	282.500000	26.250000	9.889109e+04	2.517174e+01	-1.961330e+01	2004	9	4	0
	226	93	282.500000	26.250000	9.879985e+04	2.653032e+01	-1.961330e+01	2004	9	4	6
	225	93	281.250000	26.250000	9.888813e+04	2.771449e+01	-5.256364e+03	2004	9	4	12
	224	94	280.000000	27.500000	9.836873e+04	2.743346e+01	-5.589791e+02	2004	9	5	6
	223	94	278.750000	27.500000	9.855803e+04	2.344384e+01	2.353596e+02	2004	9	5	12
	223	94	278.750000	27.500000	9.865620e+04	2.288719e+01	2.353596e+02	2004	9	5	18
	222	94	277.500000	27.500000	9.882392e+04	2.264178e+01	5.883990e+01	2004	9	6	0
start	21	2006	9	20	6
	244	92	305.000000	25.000000	9.930710e+04	2.224840e+01	-6.124253e+04	2006	9	20	6
	243	92	303.750000	25.000000	9.946816e+04	2.189855e+01	-6.143866e+04	2006	9	20	12
	243	93	303.750000	26.250000	9.909588e+04	2.611356e+01	-5.813382e+04	2006	9	20	18
	242	93	302.500000	26.250000	9.900747e+04	2.253921e+01	-5.739832e+04	2006	9	21	0
	242	94	302.500000	27.500000	9.897727e+04	2.281642e+01	-5.558409e+04	2006	9	21	6
	242	95	302.500000	28.750000	9.918730e+04	2.308669e+01	-5.435826e+04	2006	9	21	12
	242	96	302.500000	30.000000	9.917493e+04	2.266708e+01	-5.211254e+04	2006	9	21	18
	243	97	303.750000	31.250000	9.917898e+04	2.420666e+01	-5.344624e+04	2006	9	22	0
	243	98	303.750000	32.500000	9.897461e+04	2.428089e+01	-5.435826e+04	2006	9	22	6
	244	99	305.000000	33.750000	9.906948e+04	2.398542e+01	-5.233809e+04	2006	9	22	12
	245	100	306.250000	35.000000	9.883440e+04	2.419806e+01	-5.384832e+04	2006	9	22	18
	248	101	310.000000	36.250000	9.847322e+04	2.358948e+01	-4.910190e+04	2006	9	23	6
	250	102	312.500000	37.500000	9.847448e+04	2.468758e+01	-5.152414e+04	2006	9	23	12
	252	102	315.000000	37.500000	9.803447e+04	2.664586e+01	-5.149472e+04	2006	9	23	18
	254	103	317.500000	38.750000	9.769167e+04	2.821982e+01	-4.941571e+04	2006	9	24	0
	255	104	318.750000	40.000000	9.728369e+04	2.788770e+01	-4.826833e+04	2006	9	24	6
	257	104	321.250000	40.000000	9.722752e+04	2.991619e+01	-4.317868e+04	2006	9	24	12
	259	105	323.750000	41.250000	9.711135e+04	3.152384e+01	-4.636584e+04	2006	9	24	18
	261	107	326.250000	43.750000	9.661360e+04	2.886929e+01	-3.519607e+04	2006	9	25	0
	261	107	326.250000	43.750000	9.669270e+04	2.904940e+01	-3.519607e+04	2006	9	25	6
	263	107	328.750000	43.750000	9.745191e+04	2.620974e+01	-3.133225e+04	2006	9	25	12
start	11	2009	8	21	0
	237	91	296.250000	23.750000	9.919888e+04	2.513532e+01	-5.729045e+04	2009	8	21	0
	235	95	293.750000	28.750000	9.921233e+04	2.583810e+01	-5.160259e+04	2009	8	21	18
	234	96	292.500000	30.000000	9.896860e+04	2.660590e+01	-4.963146e+04	2009	8	22	0
	233	98	291.250000	32.500000	9.910337e+04	2.445631e+01	-5.162221e+04	2009	8	22	6
	233	99	291.250000	33.750000	9.886777e+04	2.565078e+01	-5.222041e+04	2009	8	22	12
	233	101	291.250000	36.250000	9.880991e+04	2.557066e+01	-4.524788e+04	2009	8	22	18
	233	102	291.250000	37.500000	9.866882e+04	2.785927e+01	-4.421818e+04	2009	8	23	0
	234	104	292.500000	40.000000	9.841905e+04	3.139446e+01	-2.228071e+04	2009	8	23	6
	236	106	295.000000	42.500000	9.833545e+04	2.990472e+01	-1.137571e+03	2009	8	23	12
	238	107	297.500000	43.750000	9.862480e+04	2.603330e+01	-1.245445e+03	2009	8	23	18
	241	109	301.250000	46.250000	9.849788e+04	2.579753e+01	-3.275421e+03	2009	8	24	0
start	15	2010	9	1	12
	231	92	288.750000	25.000000	9.892063e+04	2.913473e+01	-5.415232e+04	2010	9	1	12
	230	93	287.500000	26.250000	9.891118e+04	2.491327e+01	-5.105342e+04	2010	9	1	18
	229	94	286.250000	27.500000	9.881834e+04	2.438602e+01	-4.520866e+04	2010	9	2	0
	229	95	286.250000	28.750000	9.878179e+04	2.501797e+01	-4.513020e+04	2010	9	2	6
	228	96	285.000000	30.000000	9.863012e+04	2.439156e+01	-4.439470e+04	2010	9	2	12
	228	97	285.000000	31.250000	9.870476e+04	3.150637e+01	-3.203833e+04	2010	9	2	18
	228	98	285.000000	32.500000	9.873816e+04	2.629140e+01	-4.127619e+04	2010	9	3	0
	229	100	286.250000	35.000000	9.852114e+04	2.789870e+01	-3.608847e+04	2010	9	3	6
	229	101	286.250000	36.250000	9.795241e+04	2.835064e+01	-2.957686e+04	2010	9	3	12
	230	102	287.500000	37.500000	9.765830e+04	3.289590e+01	-2.979260e+04	2010	9	3	18
	232	103	290.000000	38.750000	9.755716e+04	3.281490e+01	-3.007700e+04	2010	9	4	0
	233	104	291.250000	40.000000	9.751619e+04	3.464446e+01	-1.321936e+04	2010	9	4	6
	235	106	293.750000	42.500000	9.756120e+04	3.183693e+01	-2.255530e+03	2010	9	4	12
	237	109	296.250000	46.250000	9.743759e+04	1.954278e+01	-1.569064e+02	2010	9	4	18
	239	111	298.750000	48.750000	9.757512e+04	2.502283e+01	-3.314648e+03	2010	9	5	0
start	21	2010	9	17	6
	241	90	301.250000	22.500000	9.842305e+04	2.469174e+01	-5.407387e+04	2010	9	17	6
	240	90	300.000000	22.500000	9.833501e+04	2.197305e+01	-5.827111e+04	2010	9	17	12
	240	91	300.000000	23.750000	9.824089e+04	2.169153e+01	-5.826131e+04	2010	9	17	18
	239	91	298.750000	23.750000	9.810664e+04	2.496171e+01	-5.792788e+04	2010	9	18	0
	238	92	297.500000	25.000000	9.765559e+04	2.494351e+01	-5.589791e+04	2010	9	18	6
	237	93	296.250000	26.250000	9.803249e+04	2.321674e+01	-5.498589e+04	2010	9	18	12
	237	93	296.250000	26.250000	9.756619e+04	2.746622e+01	-5.498589e+04	2010	9	18	18
	236	94	295.000000	27.500000	9.736184e+04	2.678448e+01	-5.048463e+04	2010	9	19	0
	236	95	295.000000	28.750000	9.726519e+04	2.975346e+01	-4.952358e+04	2010	9	19	6
	236	96	295.000000	30.000000	9.758606e+04	2.671230e+01	-4.803297e+04	2010	9	19	12
	235	97	293.750000	31.250000	9.737954e+04	2.534721e+01	-4.775839e+04	2010	9	19	18
	235	97	293.750000	31.250000	9.755163e+04	2.594781e+01	-4.775839e+04	2010	9	20	0
	236	99	295.000000	33.750000	9.735879e+04	2.811643e+01	-4.620893e+04	2010	9	20	6
	237	100	296.250000	35.000000	9.724948e+04	2.759258e+01	-4.952358e+04	2010	9	20	12
	238	102	297.500000	37.500000	9.698638e+04	2.872419e+01	-4.972952e+04	2010	9	20	18
	240	103	300.000000	38.750000	9.662292e+04	3.004587e+01	-5.056309e+04	2010	9	21	0
	242	105	302.500000	41.250000	9.647905e+04	3.280126e+01	-4.949416e+04	2010	9	21	6
	245	108	306.250000	45.000000	9.598787e+04	2.992116e+01	-8.531785e+02	2010	9	21	12
	247	110	308.750000	47.500000	9.533845e+04	3.204805e+01	-1.196411e+03	2010	9	21	18
	248	112	310.000000	50.000000	9.497788e+04	3.498713e+01	-8.306232e+03	2010	9	22	0
	249	115	311.250000	53.750000	9.515884e+04	3.152217e+01	-3.735353e+04	2010	9	22	6
start	14	2011	8	25	12
	227	92	283.750000	25.000000	9.876773e+04	2.533121e+01	-6.864655e+01	2011	8	25	12
	226	93	282.500000	26.250000	9.861267e+04	2.443596e+01	-1.961330e+01	2011	8	25	18
	226	94	282.500000	27.500000	9.812485e+04	2.768675e+01	-1.387641e+04	2011	8	26	0
	226	95	282.500000	28.750000	9.795120e+04	2.711865e+01	-1.024795e+04	2011	8	26	6
	226	96	282.500000	30.000000	9.792978e+04	3.258133e+01	-8.365072e+03	2011	8	26	12
	226	97	282.500000	31.250000	9.764724e+04	3.451984e+01	-9.100571e+03	2011	8	26	18
	226	98	282.500000	32.500000	9.759321e+04	3.074434e+01	-4.756225e+03	2011	8	27	0
	227	99	283.750000	33.750000	9.753152e+04	2.954467e+01	-4.805258e+03	2011	8	27	6
	227	100	283.750000	35.000000	9.704661e+04	3.581276e+01	-9.806650e+00	2011	8	27	12
	227	101	283.750000	36.250000	9.703398e+04	2.924409e+01	4.903325e+01	2011	8	27	18
	228	101	285.000000	36.250000	9.727656e+04	2.546176e+01	-3.824594e+02	2011	8	28	0
	228	102	285.000000	37.500000	9.728594e+04	2.741317e+01	-2.647795e+02	2011	8	28	6
	229	104	286.250000	40.000000	9.718086e+04	2.794778e+01	-2.745862e+02	2011	8	28	12
	230	106	287.500000	42.500000	9.777202e+04	2.118982e+01	2.255530e+03	2011	8	28	18
start	11	2011	9	7	12
	233	95	291.250000	28.750000	9.970705e+04	2.262673e+01	-5.163201e+04	2011	9	7	12
	232	96	290.000000	30.000000	9.963552e+04	2.257879e+01	-5.342663e+04	2011	9	7	18
	232	96	290.000000	30.000000	9.940073e+04	2.590315e+01	-5.342663e+04	2011	9	8	0
	232	97	290.000000	31.250000	9.930920e+04	2.314603e+01	-5.305398e+04	2011	9	8	6
	232	98	290.000000	32.500000	9.924134e+04	2.647079e+01	-5.317166e+04	2011	9	8	12
	233	102	291.250000	37.500000	9.855024e+04	2.630015e+01	-4.421818e+04	2011	9	9	6
	234	103	292.500000	38.750000	9.848570e+04	2.704730e+01	-4.111929e+04	2011	9	9	12
	236	104	295.000000	40.000000	9.810772e+04	2.677617e+01	-4.399263e+04	2011	9	9	18
	239	105	298.750000	41.250000	9.792595e+04	2.707055e+01	-4.525769e+04	2011	9	10	0
	243	106	303.750000	42.500000	9.752517e+04	2.903393e+01	-4.175671e+04	2011	9	10	6
	248	107	310.000000	43.750000	9.703093e+04	2.631294e+01	-5.491724e+02	2011	9	10	12
start	13	2015	8	21	0
	117	91	146.250000	23.750000	9.798511e+04	2.135522e+01	-5.782001e+04	2015	8	21	0
	117	92	146.250000	25.000000	9.760755e+04	2.337523e+01	-5.611365e+04	2015	8	21	6
	116	93	145.000000	26.250000	9.742229e+04	2.317958e+01	-2.260433e+04	2015	8	21	18
	116	94	145.000000	27.500000	9.758687e+04	2.251110e+01	-5.262248e+04	2015	8	22	0
	116	94	145.000000	27.500000	9.717507e+04	2.526397e+01	-5.262248e+04	2015	8	22	6
	116	95	145.000000	28.750000	9.745484e+04	2.379806e+01	-5.797691e+04	2015	8	22	12
	116	95	145.000000	28.750000	9.728408e+04	2.433503e+01	-5.797691e+04	2015	8	22	18
	116	96	145.000000	30.000000	9.759309e+04	2.138515e+01	-5.843783e+04	2015	8	23	0
	117	96	146.250000	30.000000	9.727478e+04	2.412170e+01	-5.982057e+04	2015	8	23	6
	117	96	146.250000	30.000000	9.759973e+04	2.282109e+01	-5.982057e+04	2015	8	23	12
	118	97	147.500000	31.250000	9.734729e+04	2.418501e+01	-5.986960e+04	2015	8	23	18
	118	98	147.500000	32.500000	9.773841e+04	2.078213e+01	-5.889874e+04	2015	8	24	0
	119	98	148.750000	32.500000	9.747978e+04	2.313217e+01	-4.277661e+04	2015	8	24	6
start	14	2016	10	15	12
	247	103	308.750000	38.750000	9.676123e+04	3.106368e+01	-5.274997e+04	2016	10	15	12
	248	103	310.000000	38.750000	9.600173e+04	3.592160e+01	-5.320108e+04	2016	10	15	18
	249	103	311.250000	38.750000	9.602407e+04	3.534729e+01	-5.322069e+04	2016	10	16	0
	250	103	312.500000	38.750000	9.603752e+04	3.079541e+01	-5.285784e+04	2016	10	16	6
	250	103	312.500000	38.750000	9.611760e+04	2.982766e+01	-5.285784e+04	2016	10	16	12
	251	103	313.750000	38.750000	9.626955e+04	2.882529e+01	-5.141627e+04	2016	10	16	18
	251	104	313.750000	40.000000	9.636206e+04	2.770449e+01	-4.012881e+04	2016	10	17	0
	252	105	315.000000	41.250000	9.654702e+04	2.858731e+01	-4.870963e+04	2016	10	17	6
	252	105	315.000000	41.250000	9.675254e+04	2.638445e+01	-4.870963e+04	2016	10	17	12
	253	106	316.250000	42.500000	9.721845e+04	2.461191e+01	-4.789568e+04	2016	10	17	18
	254	107	317.500000	43.750000	9.760864e+04	2.467727e+01	-4.669927e+04	2016	10	18	0
	256	108	320.000000	45.000000	9.764070e+04	2.839468e+01	-3.434289e+04	2016	10	18	6
	258	111	322.500000	48.750000	9.766882e+04	2.602553e+01	-4.357095e+04	2016	10	18	12
	258	114	322.500000	52.500000	9.703991e+04	2.412379e+01	-3.639248e+04	2016	10	18	18
start	15	2017	9	24	0
	230	93	287.500000	26.250000	9.907680e+04	2.301084e+01	-5.105342e+04	2017	9	24	0
	230	94	287.500000	27.500000	9.850725e+04	2.318989e+01	-4.898421e+04	2017	9	24	6
	230	95	287.500000	28.750000	9.864080e+04	2.600104e+01	-4.464968e+04	2017	9	24	12
	230	95	287.500000	28.750000	9.842278e+04	2.501105e+01	-4.464968e+04	2017	9	24	18
	230	96	287.500000	30.000000	9.848066e+04	2.576704e+01	-5.161240e+04	2017	9	25	0
	230	96	287.500000	30.000000	9.827805e+04	2.678151e+01	-5.161240e+04	2017	9	25	6
	230	97	287.500000	31.250000	9.852220e+04	2.573599e+01	-5.293630e+04	2017	9	25	12
	230	97	287.500000	31.250000	9.837029e+04	2.684552e+01	-5.293630e+04	2017	9	25	18
	230	98	287.500000	32.500000	9.863911e+04	2.348416e+01	-5.243616e+04	2017	9	26	0
	229	98	286.250000	32.500000	9.834495e+04	2.851638e+01	-4.952358e+04	2017	9	26	6
	230	99	287.500000	33.750000	9.874236e+04	2.560365e+01	-4.829775e+04	2017	9	26	12
	230	99	287.500000	33.750000	9.850046e+04	2.664941e+01	-4.829775e+04	2017	9	26	18
	230	99	287.500000	33.750000	9.868091e+04	2.533204e+01	-4.829775e+04	2017	9	27	0
	230	100	287.500000	35.000000	9.853659e+04	2.610186e+01	-4.326694e+04	2017	9	27	6
	230	100	287.500000	35.000000	9.866472e+04	2.483154e+01	-4.326694e+04	2017	9	27	12
start	15	2018	9	12	0
	234	94	292.500000	27.500000	9.992825e+04	2.187784e+01	-5.009237e+04	2018	9	12	0
	232	95	290.000000	28.750000	9.971538e+04	2.253784e+01	-5.214196e+04	2018	9	12	6
	231	96	288.750000	30.000000	9.977390e+04	2.475911e+01	-5.328934e+04	2018	9	12	12
	230	96	287.500000	30.000000	9.972641e+04	2.362596e+01	-5.161240e+04	2018	9	12	18
	230	97	287.500000	31.250000	9.944028e+04	2.605398e+01	-5.293630e+04	2018	9	13	0
	229	98	286.250000	32.500000	9.913774e+04	2.730765e+01	-4.952358e+04	2018	9	13	6
	228	99	285.000000	33.750000	9.933479e+04	3.105065e+01	-3.476457e+04	2018	9	13	12
	227	99	283.750000	33.750000	9.892585e+04	2.751119e+01	-4.805258e+03	2018	9	13	18
	227	99	283.750000	33.750000	9.866587e+04	2.395598e+01	-4.805258e+03	2018	9	14	0
	226	99	282.500000	33.750000	9.921377e+04	2.488510e+01	-2.451662e+02	2018	9	14	6
	226	99	282.500000	33.750000	9.931433e+04	2.143644e+01	-2.451662e+02	2018	9	14	12
	226	99	282.500000	33.750000	9.952395e+04	2.235805e+01	-2.451662e+02	2018	9	14	18
	225	99	281.250000	33.750000	9.961614e+04	1.718157e+01	-8.825985e+01	2018	9	15	0
	225	99	281.250000	33.750000	9.964702e+04	1.631269e+01	-8.825985e+01	2018	9	15	6
	225	99	281.250000	33.750000	9.987007e+04	1.488044e+01	-8.825985e+01	2018	9	15	12
start	22	2018	9	25	18
	103	88	128.750000	20.000000	9.802163e+04	2.119880e+01	-5.608423e+04	2018	9	25	18
	103	89	128.750000	21.250000	9.757517e+04	2.323280e+01	-5.026889e+04	2018	9	26	6
	103	89	128.750000	21.250000	9.749360e+04	2.558711e+01	-5.026889e+04	2018	9	26	12
	103	89	128.750000	21.250000	9.728420e+04	2.576831e+01	-5.026889e+04	2018	9	26	18
	103	89	128.750000	21.250000	9.732644e+04	2.743695e+01	-5.026889e+04	2018	9	27	0
	103	89	128.750000	21.250000	9.710264e+04	2.855760e+01	-5.026889e+04	2018	9	27	6
	103	90	128.750000	22.500000	9.709805e+04	2.978174e+01	-3.668668e+04	2018	9	27	12
	103	90	128.750000	22.500000	9.720334e+04	2.960244e+01	-3.668668e+04	2018	9	27	18
	102	90	127.500000	22.500000	9.719399e+04	2.819161e+01	-5.607443e+04	2018	9	28	0
	102	91	127.500000	23.750000	9.725842e+04	2.942516e+01	-5.595675e+04	2018	9	28	6
	102	91	127.500000	23.750000	9.732095e+04	2.875906e+01	-5.595675e+04	2018	9	28	12
	101	92	126.250000	25.000000	9.696309e+04	2.884070e+01	-1.010085e+04	2018	9	28	18
	101	92	126.250000	25.000000	9.713841e+04	2.843332e+01	-1.010085e+04	2018	9	29	0
	102	93	127.500000	26.250000	9.607612e+04	3.427003e+01	-6.766589e+02	2018	9	29	6
	103	94	128.750000	27.500000	9.624770e+04	3.562462e+01	-1.043428e+04	2018	9	29	12
	104	95	130.000000	28.750000	9.653542e+04	3.591932e+01	-3.667687e+03	2018	9	29	18
	105	96	131.250000	30.000000	9.662534e+04	3.399107e+01	-1.626923e+04	2018	9	30	0
	106	98	132.500000	32.500000	9.656380e+04	3.360314e+01	-1.319975e+04	2018	9	30	6
	109	100	136.250000	35.000000	9.728850e+04	3.173389e+01	1.833844e+03	2018	9	30	12
	112	102	140.000000	37.500000	9.740691e+04	2.776229e+01	5.207331e+03	2018	9	30	18
	116	105	145.000000	41.250000	9.714366e+04	2.938883e+01	-7.072556e+04	2018	10	1	0
	120	107	150.000000	43.750000	9.697820e+04	3.195529e+01	-7.799229e+04	2018	10	1	6
start	13	2019	9	4	6
	225	95	281.250000	28.750000	9.916709e+04	2.568925e+01	-8.551398e+03	2019	9	4	6
	224	96	280.000000	30.000000	9.944944e+04	2.174685e+01	-4.756225e+03	2019	9	4	12
	224	96	280.000000	30.000000	9.914707e+04	2.252310e+01	-4.756225e+03	2019	9	4	18
	224	97	280.000000	31.250000	9.919966e+04	2.277936e+01	-4.511059e+02	2019	9	5	6
	225	98	281.250000	32.500000	9.900686e+04	2.569214e+01	-8.237586e+02	2019	9	5	12
	225	98	281.250000	32.500000	9.897502e+04	2.457960e+01	-8.237586e+02	2019	9	5	18
	226	99	282.500000	33.750000	9.891304e+04	2.319879e+01	-2.451662e+02	2019	9	6	0
	227	99	283.750000	33.750000	9.876140e+04	2.473430e+01	-4.805258e+03	2019	9	6	6
	228	100	285.000000	35.000000	9.837424e+04	2.679368e+01	-2.359480e+04	2019	9	6	12
	229	101	286.250000	36.250000	9.809475e+04	2.483920e+01	-2.957686e+04	2019	9	6	18
	231	102	288.750000	37.500000	9.828338e+04	2.520370e+01	-3.795173e+04	2019	9	7	0
	233	103	291.250000	38.750000	9.783408e+04	2.594159e+01	-3.364662e+04	2019	9	7	6
	235	104	293.750000	40.000000	9.774619e+04	3.056375e+01	-3.519607e+04	2019	9	7	12
start	13	2019	9	29	6
	252	92	315.000000	25.000000	9.913587e+04	2.114353e+01	-3.220504e+04	2019	9	29	6
	252	93	315.000000	26.250000	9.886799e+04	2.339991e+01	-2.541884e+04	2019	9	29	18
	253	94	316.250000	27.500000	9.878210e+04	2.449897e+01	-3.106747e+04	2019	9	30	0
	253	94	316.250000	27.500000	9.833369e+04	2.580999e+01	-3.106747e+04	2019	9	30	6
	254	95	317.500000	28.750000	9.836280e+04	2.763685e+01	-3.465670e+04	2019	9	30	12
	254	97	317.500000	31.250000	9.799060e+04	2.794069e+01	-3.422521e+04	2019	9	30	18
	254	97	317.500000	31.250000	9.784475e+04	2.533999e+01	-3.422521e+04	2019	10	1	0
	255	98	318.750000	32.500000	9.738066e+04	2.788139e+01	-3.266595e+04	2019	10	1	6
	257	99	321.250000	33.750000	9.754423e+04	3.002588e+01	-2.856677e+04	2019	10	1	12
	258	101	322.500000	36.250000	9.754724e+04	3.093798e+01	-3.464689e+04	2019	10	1	18
	260	102	325.000000	37.500000	9.752652e+04	3.126046e+01	-3.057713e+04	2019	10	2	0
	263	104	328.750000	40.000000	9.739844e+04	3.046821e+01	-2.023112e+04	2019	10	2	6
	265	106	331.250000	42.500000	9.807222e+04	2.662776e+01	-1.992711e+04	2019	10	2	12
start	14	2021	9	8	0
	243	92	303.750000	25.000000	9.961265e+04	2.188187e+01	-6.143866e+04	2021	9	8	0
	242	93	302.500000	26.250000	9.925423e+04	2.397864e+01	-5.739832e+04	2021	9	8	6
	242	94	302.500000	27.500000	9.926428e+04	2.180405e+01	-5.558409e+04	2021	9	8	12
	241	94	301.250000	27.500000	9.894067e+04	2.705423e+01	-6.021283e+04	2021	9	8	18
	240	95	300.000000	28.750000	9.895991e+04	3.154265e+01	-5.737871e+04	2021	9	9	0
	239	96	298.750000	30.000000	9.879527e+04	2.855070e+01	-5.124955e+04	2021	9	9	6
	239	97	298.750000	31.250000	9.877573e+04	2.546359e+01	-4.873905e+04	2021	9	9	12
	238	98	297.500000	32.500000	9.886862e+04	2.500898e+01	-4.585589e+04	2021	9	9	18
	238	100	297.500000	35.000000	9.878882e+04	2.778574e+01	-4.954320e+04	2021	9	10	0
	238	101	297.500000	36.250000	9.881714e+04	2.500198e+01	-4.877828e+04	2021	9	10	6
	239	103	298.750000	38.750000	9.871423e+04	2.776980e+01	-4.974914e+04	2021	9	10	12
	240	105	300.000000	41.250000	9.874062e+04	2.922074e+01	-4.772896e+04	2021	9	10	18
	242	108	302.500000	45.000000	9.823313e+04	2.717064e+01	-1.539644e+03	2021	9	11	0
	245	111	306.250000	48.750000	9.788198e+04	2.534528e+01	-4.903325e+01	2021	9	11	6
start	11	2021	9	29	12
	108	92	135.000000	25.000000	9.792712e+04	2.337976e+01	-5.182814e+04	2021	9	29	12
	109	93	136.250000	26.250000	9.755825e+04	2.619026e+01	-4.746419e+04	2021	9	29	18
	109	94	136.250000	27.500000	9.770559e+04	2.610321e+01	-5.037676e+04	2021	9	30	0
	110	94	137.500000	27.500000	9.743501e+04	2.673512e+01	-4.528711e+04	2021	9	30	6
	111	95	138.750000	28.750000	9.746873e+04	2.678667e+01	-3.506858e+04	2021	9	30	12
	111	96	138.750000	30.000000	9.724492e+04	2.761378e+01	-2.511483e+04	2021	9	30	18
	112	98	140.000000	32.500000	9.710000e+04	2.616754e+01	-9.747811e+03	2021	10	1	0
	114	99	142.500000	33.750000	9.689892e+04	2.923151e+01	-6.755802e+04	2021	10	1	6
	115	100	143.750000	35.000000	9.718843e+04	2.884646e+01	-5.566255e+04	2021	10	1	12
	116	102	145.000000	37.500000	9.738806e+04	2.792191e+01	-5.581945e+04	2021	10	1	18
	118	103	147.500000	38.750000	9.794309e+04	2.491795e+01	-5.526047e+04	2021	10	2	0
start	10	2022	9	22	0
	231	93	288.750000	26.250000	9.893266e+04	2.170025e+01	-5.395619e+04	2022	9	22	0
	232	94	290.000000	27.500000	9.870266e+04	2.367756e+01	-5.360315e+04	2022	9	22	12
	232	96	290.000000	30.000000	9.825493e+04	2.970543e+01	-5.342663e+04	2022	9	22	18
	233	97	291.250000	31.250000	9.805234e+04	2.815053e+01	-5.143588e+04	2022	9	23	0
	234	98	292.500000	32.500000	9.705495e+04	3.244251e+01	-4.976875e+04	2022	9	23	6
	236	99	295.000000	33.750000	9.723880e+04	3.368307e+01	-4.620893e+04	2022	9	23	12
	239	101	298.750000	36.250000	9.703845e+04	3.633482e+01	-4.630700e+04	2022	9	23	18
	240	105	300.000000	41.250000	9.584880e+04	3.427916e+01	-4.772896e+04	2022	9	24	0
	239	108	298.750000	45.000000	9.398342e+04	3.933339e+01	-1.363124e+03	2022	9	24	6
	239	109	298.750000	46.250000	9.493835e+04	3.939782e+01	7.060788e+02	2022	9	24	12
start	14	2023	5	28	0
	103	86	128.750000	17.500000	9.760283e+04	2.536103e+01	-5.144569e+04	2023	5	28	0
	102	86	127.500000	17.500000	9.745386e+04	2.593274e+01	-5.123975e+04	2023	5	28	6
	102	86	127.500000	17.500000	9.781091e+04	2.519482e+01	-5.123975e+04	2023	5	28	12
	101	87	126.250000	18.750000	9.744331e+04	2.660567e+01	-5.550564e+04	2023	5	28	18
	101	87	126.250000	18.750000	9.753843e+04	2.738454e+01	-5.550564e+04	2023	5	29	0
	101	88	126.250000	20.000000	9.762422e+04	2.613263e+01	-5.191641e+04	2023	5	29	6
	100	88	125.000000	20.000000	9.766397e+04	2.560849e+01	-5.751600e+04	2023	5	29	12
	100	88	125.000000	20.000000	9.733752e+04	2.633574e+01	-5.751600e+04	2023	5	29	18
	100	88	125.000000	20.000000	9.758587e+04	2.549006e+01	-5.751600e+04	2023	5	30	0
	100	89	125.000000	21.250000	9.754817e+04	2.576764e+01	-5.620191e+04	2023	5	30	6
	100	89	125.000000	21.250000	9.769563e+04	2.471634e+01	-5.620191e+04	2023	5	30	12
	100	89	125.000000	21.250000	9.728777e+04	2.537479e+01	-5.620191e+04	2023	5	30	18
	100	89	125.000000	21.250000	9.760747e+04	2.502259e+01	-5.620191e+04	2023	5	31	0
	101	91	126.250000	23.750000	9.787476e+04	2.439050e+01	-5.574100e+04	2023	6	1	0
start	23	2023	9	11	18
	237	91	296.250000	23.750000	9.879446e+04	2.748804e+01	-5.729045e+04	2023	9	11	18
	236	91	295.000000	23.750000	9.879495e+04	2.596280e+01	-5.743755e+04	2023	9	12	0
	236	91	295.000000	23.750000	9.871819e+04	2.677431e+01	-5.743755e+04	2023	9	12	12
	235	92	293.750000	25.000000	9.828257e+04	2.867981e+01	-5.417193e+04	2023	9	12	18
	235	92	293.750000	25.000000	9.804382e+04	2.897090e+01	-5.417193e+04	2023	9	13	0
	234	92	292.500000	25.000000	9.817849e+04	2.851587e+01	-5.350508e+04	2023	9	13	6
	234	93	292.500000	26.250000	9.813733e+04	2.763127e+01	-5.424058e+04	2023	9	13	12
	234	93	292.500000	26.250000	9.786638e+04	2.691919e+01	-5.424058e+04	2023	9	13	18
	234	94	292.500000	27.500000	9.722329e+04	2.947793e+01	-5.009237e+04	2023	9	14	0
	234	95	292.500000	28.750000	9.737459e+04	2.915626e+01	-5.193602e+04	2023	9	14	6
	234	96	292.500000	30.000000	9.763997e+04	2.637883e+01	-4.963146e+04	2023	9	14	12
	233	97	291.250000	31.250000	9.740820e+04	2.758756e+01	-5.143588e+04	2023	9	14	18
	233	98	291.250000	32.500000	9.756602e+04	2.817876e+01	-5.162221e+04	2023	9	15	0
	234	99	292.500000	33.750000	9.751072e+04	2.688677e+01	-5.047483e+04	2023	9	15	6
	234	100	292.500000	35.000000	9.733830e+04	3.073043e+01	-5.104361e+04	2023	9	15	12
	235	101	293.750000	36.250000	9.739104e+04	3.054366e+01	-4.892538e+04	2023	9	15	18
	235	103	293.750000	38.750000	9.684438e+04	3.157346e+01	-4.485562e+04	2023	9	16	0
	235	104	293.750000	40.000000	9.693320e+04	3.665555e+01	-3.519607e+04	2023	9	16	6
	235	106	293.750000	42.500000	9.727917e+04	2.732651e+01	-2.255530e+03	2023	9	16	12
	235	107	293.750000	43.750000	9.780933e+04	2.723027e+01	-4.609125e+02	2023	9	16	18
	235	108	293.750000	45.000000	9.854939e+04	1.706853e+01	-8.825985e+02	2023	9	17	0
	237	110	296.250000	47.500000	9.919648e+04	1.315047e+01	-6.864655e+02	2023	9	17	12
	239	111	298.750000	48.750000	9.930591e+04	1.341602e+01	-3.314648e+03	2023	9	17	18
